,사고번호,사고일시,요일,시군구,도로명,사고내용,사망자수,중상자수,경상자수,부상신고자수,사고유형,법규위반,노면상태,기상상태,도로형태,가해운전자 차종,가해운전자 성별,가해운전자 연령,가해운전자 상해정도,피해운전자 차종,피해운전자 성별,피해운전자 연령,피해운전자 상해정도
60,2020000000000000.0,2019년 3월 19일 12시,화요일,서울특별시 강동구 성내동,풍성로,경상사고,0,0,1,0,차대사람 - 차도통행중,안전운전불이행,포장 - 건조,맑음,교차로 - 교차로안,화물,남,58세,상해없음,보행자,여,73세,경상
61,2020000000000000.0,2019년 3월 2일 18시,토요일,서울특별시 강동구 천호동,천호대로151길,경상사고,0,0,1,0,차대차 - 기타,기타,포장 - 건조,맑음,기타 - 기타,승용,남,33세,상해없음,자전거,남,73세,경상
62,2020000000000000.0,2019년 10월 8일 06시,화요일,서울특별시 강동구 천호동,구천면로,사망사고,1,0,0,0,차대사람 - 횡단중,보행자보호의무위반,포장 - 건조,맑음,단일로 - 기타,승용,남,49세,상해없음,보행자,여,73세,사망
63,2020000000000000.0,2019년 12월 18일 17시,수요일,서울특별시 강동구 천호동,천중로,중상사고,0,1,0,0,차대사람 - 차도통행중,안전운전불이행,포장 - 건조,맑음,교차로 - 교차로안,승용,남,43세,상해없음,보행자,여,73세,중상
64,2020000000000000.0,2019년 11월 14일 13시,목요일,서울특별시 강동구 천호동,올림픽로,경상사고,0,0,1,0,차대차 - 측면충돌,안전거리미확보,포장 - 건조,맑음,단일로 - 기타,승용,여,34세,상해없음,승용,남,73세,경상
65,2020000000000000.0,2019년 6월 8일 18시,토요일,서울특별시 강동구 강일동,미사대로,경상사고,0,0,2,0,차대차 - 측면충돌,안전거리미확보,포장 - 건조,맑음,단일로 - 기타,건설기계,남,72세,상해없음,화물,남,73세,경상
66,2020000000000000.0,2019년 4월 27일 10시,토요일,서울특별시 강동구 강일동,아리수로,경상사고,0,0,1,0,차대사람 - 횡단중,기타,포장 - 건조,맑음,단일로 - 기타,자전거,남,48세,상해없음,보행자,여,73세,경상
67,2020000000000000.0,2019년 5월 20일 13시,월요일,서울특별시 강동구 둔촌동,동남로,중상사고,0,1,0,0,차대차 - 측면충돌,안전거리미확보,포장 - 건조,맑음,기타 - 기타,화물,남,55세,상해없음,원동기,남,72세,중상
68,2020000000000000.0,2019년 10월 27일 03시,일요일,서울특별시 강동구 둔촌동,양재대로,경상사고,0,0,1,0,차대사람 - 횡단중,안전운전불이행,포장 - 건조,맑음,단일로 - 기타,승용,남,63세,상해없음,보행자,남,72세,경상
69,2020000000000000.0,2019년 12월 7일 13시,토요일,서울특별시 강동구 천호동,구천면로,경상사고,0,0,1,0,차대차 - 측면충돌,안전운전불이행,포장 - 건조,맑음,교차로 - 교차로안,승용,남,35세,상해없음,자전거,남,72세,경상
70,2020000000000000.0,2019년 5월 25일 21시,토요일,서울특별시 강동구 천호동,올림픽로,중상사고,0,1,1,0,차대사람 - 횡단중,안전운전불이행,포장 - 건조,맑음,기타 - 기타,승용,남,70세,상해없음,보행자,남,72세,중상
71,2020000000000000.0,2019년 2월 22일 15시,금요일,서울특별시 강동구 천호동,선사로,경상사고,0,0,1,0,차대차 - 측면충돌,안전운전불이행,포장 - 건조,맑음,단일로 - 기타,승용,남,50세,상해없음,승용,여,72세,경상
72,2020000000000000.0,2019년 11월 6일 11시,수요일,서울특별시 강동구 강일동,풍산로,중상사고,0,1,0,0,차대사람 - 기타,안전운전불이행,포장 - 건조,맑음,단일로 - 기타,승합,남,61세,상해없음,보행자,남,72세,중상
73,2020000000000000.0,2019년 9월 27일 20시,금요일,서울특별시 강동구 명일동,양재대로,경상사고,0,0,1,0,차대사람 - 횡단중,보행자보호의무위반,포장 - 건조,맑음,교차로 - 교차로횡단보도내,승용,남,42세,상해없음,보행자,남,71세,경상
74,2020000000000000.0,2019년 6월 1일 20시,토요일,서울특별시 강동구 길동,양재대로,부상신고사고,0,0,0,1,차대차 - 기타,안전운전불이행,포장 - 건조,맑음,교차로 - 교차로안,이륜,남,46세,부상신고,화물,남,71세,상해없음
75,2020000000000000.0,2019년 12월 1일 06시,일요일,서울특별시 강동구 길동,천호대로,경상사고,0,0,4,0,차대차 - 추돌,안전운전불이행,포장 - 건조,맑음,교차로 - 교차로부근,승용,남,61세,상해없음,승용,남,71세,경상
76,2020000000000000.0,2019년 12월 11일 06시,수요일,서울특별시 강동구 길동,천중로,중상사고,0,1,0,0,차대사람 - 횡단중,보행자보호의무위반,포장 - 건조,맑음,교차로 - 교차로횡단보도내,승용,남,66세,상해없음,보행자,여,71세,중상
77,2020000000000000.0,2019년 11월 27일 10시,수요일,서울특별시 강동구 둔촌동,천호대로,경상사고,0,0,1,0,차대차 - 기타,기타,포장 - 건조,맑음,교차로 - 교차로부근,특수,남,54세,상해없음,승용,남,71세,상해없음
78,2020000000000000.0,2019년 12월 31일 11시,화요일,서울특별시 강동구 암사동,암사길,중상사고,0,1,0,0,차대차 - 기타,안전운전불이행,포장 - 건조,맑음,교차로 - 교차로안,원동기,남,56세,중상,개인형이동수단(PM),여,71세,상해없음
79,2020000000000000.0,2019년 8월 20일 04시,화요일,서울특별시 강동구 성내동,강동대로,경상사고,0,0,1,0,차대차 - 측면충돌,신호위반,포장 - 건조,흐림,교차로 - 교차로안,승용,남,62세,상해없음,승용,남,71세,경상
80,2020000000000000.0,2019년 2월 14일 12시,목요일,서울특별시 강동구 성내동,풍성로54길,경상사고,0,0,1,0,차대사람 - 횡단중,안전운전불이행,포장 - 건조,맑음,교차로 - 교차로안,이륜,남,72세,상해없음,보행자,여,71세,경상
81,2020000000000000.0,2019년 10월 23일 14시,수요일,서울특별시 강동구 성내동,강동대로,중상사고,0,1,0,0,차대사람 - 차도통행중,안전운전불이행,포장 - 건조,맑음,교차로 - 교차로안,자전거,남,69세,상해없음,보행자,여,71세,중상
82,2020000000000000.0,2019년 12월 4일 15시,수요일,서울특별시 강동구 천호동,올림픽로,경상사고,0,0,1,0,차대사람 - 횡단중,안전운전불이행,포장 - 건조,맑음,단일로 - 기타,승합,남,53세,상해없음,보행자,여,71세,경상
83,2020000000000000.0,2019년 2월 28일 16시,목요일,서울특별시 강동구 천호동,천호대로,경상사고,0,0,1,0,차대차 - 측면충돌,안전운전불이행,포장 - 건조,맑음,교차로 - 교차로부근,승용,여,64세,상해없음,승용,남,71세,경상
84,2020000000000000.0,2019년 5월 25일 18시,토요일,서울특별시 강동구 천호동,구천면로,경상사고,0,0,1,0,차대사람 - 횡단중,안전운전불이행,포장 - 건조,맑음,교차로 - 교차로안,화물,남,25세,상해없음,보행자,남,71세,경상
85,2020000000000000.0,2019년 11월 14일 05시,목요일,서울특별시 강동구 천호동,올림픽로,중상사고,0,1,0,0,차대차 - 기타,차로위반,포장 - 건조,맑음,교차로 - 교차로부근,승용,남,60세,상해없음,이륜,남,71세,중상
86,2020000000000000.0,2019년 5월 25일 15시,토요일,서울특별시 강동구 강일동,미사강변남로,중상사고,0,1,0,0,차대차 - 기타,신호위반,포장 - 기타,맑음,교차로 - 교차로안,승합,남,56세,상해없음,자전거,남,71세,중상
87,2020000000000000.0,2019년 9월 23일 23시,월요일,서울특별시 강동구 강일동,수도권제1순환고속도로,경상사고,0,0,1,0,차대차 - 기타,안전운전불이행,포장 - 건조,맑음,단일로 - 기타,승용,남,49세,상해없음,승용,남,71세,경상
88,2020000000000000.0,2019년 5월 15일 10시,수요일,서울특별시 강동구 강일동,아리수로,경상사고,0,0,1,0,차대차 - 측면충돌,안전운전불이행,포장 - 건조,맑음,교차로 - 교차로횡단보도내,승용,여,39세,상해없음,자전거,여,71세,경상
89,2020000000000000.0,2019년 10월 21일 05시,월요일,서울특별시 강동구 명일동,상암로,경상사고,0,0,1,0,차대사람 - 횡단중,안전운전불이행,포장 - 건조,맑음,교차로 - 교차로횡단보도내,승용,남,53세,상해없음,보행자,여,70세,경상
90,2020000000000000.0,2019년 3월 13일 14시,수요일,서울특별시 강동구 고덕동,동남로,경상사고,0,0,1,0,차대차 - 후진중충돌,안전운전불이행,포장 - 건조,맑음,주차장 - 주차장,승용,남,60세,상해없음,승용,여,70세,경상
91,2020000000000000.0,2019년 1월 17일 09시,목요일,서울특별시 강동구 상일동,고덕로80길,중상사고,0,1,0,0,차대사람 - 보도통행중,보행자보호의무위반,포장 - 건조,맑음,교차로 - 교차로횡단보도내,승용,여,32세,상해없음,보행자,여,70세,중상
92,2020000000000000.0,2019년 12월 17일 05시,화요일,서울특별시 강동구 길동,천호대로,경상사고,0,0,1,0,차대차 - 측면충돌,신호위반,포장 - 젖음/습기,비,기타 - 기타,승용,여,59세,상해없음,이륜,남,70세,경상
93,2020000000000000.0,2019년 9월 14일 00시,토요일,서울특별시 강동구 길동,양재대로111길,경상사고,0,0,2,0,차대차 - 측면충돌,신호위반,포장 - 건조,맑음,교차로 - 교차로안,승용,여,21세,상해없음,승용,남,70세,경상
94,2020000000000000.0,2019년 2월 14일 07시,목요일,서울특별시 강동구 둔촌동,진황도로,경상사고,0,0,1,0,차대사람 - 횡단중,안전운전불이행,포장 - 건조,맑음,교차로 - 교차로안,화물,남,49세,상해없음,보행자,여,70세,경상
95,2020000000000000.0,2019년 8월 15일 05시,목요일,서울특별시 강동구 둔촌동,양재대로,경상사고,0,0,1,0,차대차 - 측면충돌,신호위반,포장 - 건조,맑음,교차로 - 교차로안,승용,남,32세,상해없음,승용,여,70세,경상
96,2020000000000000.0,2019년 8월 20일 18시,화요일,서울특별시 강동구 암사동,고덕로,부상신고사고,0,0,0,1,차대사람 - 보도통행중,안전거리미확보,포장 - 건조,맑음,기타 - 기타,자전거,남,13세,상해없음,보행자,여,70세,부상신고
97,2020000000000000.0,2019년 7월 23일 16시,화요일,서울특별시 강동구 암사동,상암로,중상사고,0,1,0,0,차대사람 - 횡단중,안전운전불이행,포장 - 건조,맑음,교차로 - 교차로횡단보도내,승용,남,47세,상해없음,보행자,여,70세,중상
98,2020000000000000.0,2019년 12월 15일 07시,일요일,서울특별시 강동구 성내동,올림픽로,경상사고,0,0,1,0,차대차 - 측면충돌,직진우회전진행방해,포장 - 건조,맑음,교차로 - 교차로부근,승합,남,63세,상해없음,승합,남,70세,경상
99,2020000000000000.0,2019년 9월 2일 13시,월요일,서울특별시 강동구 성내동,천호대로162길,중상사고,0,1,0,0,차대사람 - 기타,안전운전불이행,포장 - 건조,맑음,교차로 - 교차로안,화물,남,28세,상해없음,보행자,여,70세,중상
100,2020000000000000.0,2019년 5월 1일 16시,수요일,서울특별시 강동구 성내동,성내로,중상사고,0,1,0,0,차대차 - 기타,안전운전불이행,포장 - 건조,맑음,교차로 - 교차로횡단보도내,승용,남,34세,상해없음,자전거,여,70세,중상
101,2020000000000000.0,2019년 8월 31일 14시,토요일,서울특별시 강동구 성내동,올림픽로,경상사고,0,0,1,0,차대차 - 측면충돌,안전거리미확보,포장 - 건조,맑음,단일로 - 기타,이륜,남,26세,경상,승용,남,70세,상해없음
102,2020000000000000.0,2019년 8월 7일 14시,수요일,서울특별시 강동구 천호동,천중로,중상사고,0,1,0,0,차대사람 - 횡단중,신호위반,포장 - 건조,맑음,교차로 - 교차로횡단보도내,승용,남,52세,상해없음,보행자,여,70세,중상
103,2020000000000000.0,2019년 12월 1일 21시,일요일,서울특별시 강동구 천호동,진황도로,중상사고,0,1,0,0,차대사람 - 횡단중,안전운전불이행,포장 - 젖음/습기,비,단일로 - 기타,이륜,남,39세,상해없음,보행자,여,70세,중상
104,2020000000000000.0,2019년 1월 24일 22시,목요일,서울특별시 강동구 명일동,동남로,경상사고,0,0,1,0,차대차 - 정면충돌,신호위반,포장 - 건조,맑음,교차로 - 교차로안,승용,남,64세,상해없음,승용,남,69세,상해없음
105,2020000000000000.0,2019년 4월 16일 17시,화요일,서울특별시 강동구 길동,천중로,중상사고,0,2,0,0,차대차 - 측면충돌,안전운전불이행,포장 - 건조,맑음,교차로 - 교차로부근,화물,남,60세,상해없음,이륜,남,69세,중상
106,2020000000000000.0,2019년 12월 23일 12시,월요일,서울특별시 강동구 길동,명일로,경상사고,0,0,1,0,차대차 - 정면충돌,신호위반,포장 - 건조,맑음,교차로 - 교차로안,이륜,남,21세,상해없음,승용,남,69세,경상
107,2020000000000000.0,2019년 6월 25일 15시,화요일,서울특별시 강동구 둔촌동,양재대로84길,경상사고,0,0,1,0,차대차 - 기타,기타,포장 - 젖음/습기,맑음,기타 - 기타,승합,남,52세,상해없음,승용,남,69세,경상
108,2020000000000000.0,2019년 5월 26일 12시,일요일,서울특별시 강동구 암사동,상암로,경상사고,0,0,3,0,차대차 - 정면충돌,안전운전불이행,포장 - 건조,맑음,단일로 - 기타,승용,남,71세,상해없음,승용,남,69세,경상
109,2020000000000000.0,2019년 12월 14일 08시,토요일,서울특별시 강동구 성내동,성안로,중상사고,0,1,0,1,차대차 - 측면충돌,신호위반,포장 - 건조,맑음,교차로 - 교차로안,승용,여,31세,기타불명,승용,남,69세,중상
110,2020000000000000.0,2019년 9월 1일 04시,일요일,서울특별시 강동구 성내동,성안로,경상사고,0,0,1,0,차대차 - 기타,안전운전불이행,포장 - 건조,맑음,교차로 - 교차로안,승용,남,56세,상해없음,승용,남,69세,상해없음
111,2020000000000000.0,2019년 1월 11일 02시,금요일,서울특별시 강동구 성내동,천호대로,경상사고,0,0,1,0,차대차 - 기타,안전운전불이행,포장 - 건조,맑음,교차로 - 교차로안,자전거,남,26세,경상,승용,남,69세,상해없음
112,2020000000000000.0,2019년 10월 7일 21시,월요일,서울특별시 강동구 천호동,상암로,경상사고,0,0,1,0,차대사람 - 기타,안전운전불이행,포장 - 건조,맑음,단일로 - 기타,승용,남,28세,상해없음,보행자,여,69세,경상
113,2020000000000000.0,2019년 11월 8일 08시,금요일,서울특별시 강동구 상일동,초이로,경상사고,0,0,1,0,차대사람 - 보도통행중,기타,포장 - 건조,맑음,교차로 - 교차로부근,자전거,남,62세,상해없음,보행자,여,68세,경상
114,2020000000000000.0,2019년 8월 7일 05시,수요일,서울특별시 강동구 상일동,천호대로,경상사고,0,0,1,0,차대사람 - 횡단중,보행자보호의무위반,포장 - 젖음/습기,비,교차로 - 교차로안,승용,남,75세,상해없음,보행자,여,68세,경상
115,2020000000000000.0,2019년 8월 20일 19시,화요일,서울특별시 강동구 길동,천중로,중상사고,0,1,0,0,차대사람 - 횡단중,신호위반,포장 - 건조,맑음,교차로 - 교차로안,화물,남,61세,상해없음,보행자,남,68세,중상
116,2020000000000000.0,2019년 12월 14일 01시,토요일,서울특별시 강동구 길동,천호대로175길,경상사고,0,0,1,0,차대차 - 측면충돌,안전운전불이행,포장 - 젖음/습기,흐림,교차로 - 교차로부근,승용,남,71세,기타불명,승용,남,68세,경상
117,2020000000000000.0,2019년 11월 15일 18시,금요일,서울특별시 강동구 암사동,암사길,중상사고,0,1,0,0,차대사람 - 차도통행중,안전운전불이행,포장 - 젖음/습기,비,교차로 - 교차로안,승합,남,43세,상해없음,보행자,남,68세,중상
118,2020000000000000.0,2019년 12월 4일 13시,수요일,서울특별시 강동구 성내동,풍성로,경상사고,0,0,1,0,차대사람 - 횡단중,중앙선침범,포장 - 건조,흐림,단일로 - 기타,승용,여,56세,상해없음,보행자,여,68세,경상
119,2020000000000000.0,2019년 4월 2일 02시,화요일,서울특별시 강동구 성내동,성안로,중상사고,0,1,0,1,차대차 - 측면충돌,신호위반,포장 - 건조,흐림,단일로 - 기타,이륜,남,29세,상해없음,승용,남,68세,부상신고
120,2020000000000000.0,2019년 11월 2일 16시,토요일,서울특별시 강동구 성내동,천호대로,경상사고,0,0,4,0,차대차 - 측면충돌,안전거리미확보,포장 - 건조,맑음,단일로 - 기타,승용,남,23세,상해없음,승용,남,68세,경상
121,2020000000000000.0,2019년 4월 30일 09시,화요일,서울특별시 강동구 성내동,성내로,중상사고,0,1,0,0,차대차 - 측면충돌,신호위반,포장 - 건조,맑음,교차로 - 교차로안,승용,여,42세,상해없음,자전거,여,68세,중상
122,2020000000000000.0,2019년 5월 11일 13시,토요일,서울특별시 강동구 성내동,천호대로,중상사고,0,3,0,0,차대차 - 측면충돌,신호위반,포장 - 건조,맑음,단일로 - 기타,이륜,남,32세,상해없음,승합,남,68세,상해없음
123,2020000000000000.0,2019년 11월 16일 19시,토요일,서울특별시 강동구 성내동,천호대로,중상사고,0,1,0,0,차대사람 - 차도통행중,안전운전불이행,포장 - 건조,맑음,단일로 - 기타,승합,남,40세,상해없음,보행자,남,68세,중상
124,2020000000000000.0,2019년 4월 12일 08시,금요일,서울특별시 강동구 성내동,강동대로,경상사고,0,0,1,1,차대차 - 측면충돌,안전거리미확보,포장 - 건조,맑음,교차로 - 교차로부근,승용,여,40세,상해없음,승용,남,68세,경상
125,2020000000000000.0,2019년 11월 28일 15시,목요일,서울특별시 강동구 천호동,올림픽로,경상사고,0,0,5,1,차대차 - 추돌,안전운전불이행,포장 - 건조,맑음,단일로 - 기타,승합,남,71세,상해없음,화물,남,68세,경상
126,2020000000000000.0,2019년 11월 30일 17시,토요일,서울특별시 강동구 천호동,천중로,중상사고,0,1,0,0,차대사람 - 차도통행중,안전운전불이행,포장 - 건조,맑음,단일로 - 기타,승용,남,60세,상해없음,보행자,여,68세,중상
127,2020000000000000.0,2019년 5월 20일 11시,월요일,서울특별시 강동구 천호동,올림픽로,부상신고사고,0,0,0,1,차대차 - 측면충돌,안전운전불이행,포장 - 건조,맑음,교차로 - 교차로안,이륜,남,77세,부상신고,승용,남,68세,상해없음
128,2020000000000000.0,2019년 7월 6일 13시,토요일,서울특별시 강동구 천호동,천호대로,경상사고,0,0,1,0,차대차 - 측면충돌,안전운전불이행,포장 - 건조,맑음,단일로 - 기타,승용,남,26세,상해없음,승용,남,68세,경상
129,2020000000000000.0,2019년 9월 14일 23시,토요일,서울특별시 강동구 천호동,선사로,부상신고사고,0,0,0,2,차대차 - 추돌,안전운전불이행,포장 - 건조,맑음,기타 - 기타,승용,남,57세,상해없음,승용,남,68세,부상신고
130,2020000000000000.0,2019년 2월 21일 15시,목요일,서울특별시 강동구 고덕동,고덕로83길,중상사고,0,1,0,0,차대차 - 측면충돌,교차로운행방법위반,포장 - 건조,맑음,교차로 - 교차로안,화물,남,24세,상해없음,승용,남,67세,중상
131,2020000000000000.0,2019년 8월 13일 21시,화요일,서울특별시 강동구 상일동,천호대로,중상사고,0,1,0,0,차대사람 - 보도통행중,보행자보호의무위반,포장 - 건조,맑음,교차로 - 교차로횡단보도내,승용,여,70세,상해없음,보행자,남,67세,중상
132,2020000000000000.0,2019년 1월 30일 15시,수요일,서울특별시 강동구 상일동,수도권제1순환고속도로,부상신고사고,0,0,0,1,차대차 - 추돌,안전운전불이행,포장 - 건조,맑음,단일로 - 기타,승용,남,50세,상해없음,승용,남,67세,부상신고
133,2020000000000000.0,2019년 10월 18일 22시,금요일,서울특별시 강동구 상일동,고덕로,경상사고,0,0,1,0,차대사람 - 기타,안전운전불이행,포장 - 건조,맑음,단일로 - 기타,승합,남,51세,상해없음,보행자,남,67세,경상
134,2020000000000000.0,2019년 9월 21일 17시,토요일,서울특별시 강동구 상일동,상일로6길,중상사고,0,1,0,0,차대차 - 기타,교차로운행방법위반,포장 - 건조,맑음,교차로 - 교차로횡단보도내,승합,남,55세,상해없음,자전거,여,67세,중상
135,2020000000000000.0,2019년 2월 22일 06시,금요일,서울특별시 강동구 길동,양재대로,경상사고,0,0,1,0,차대차 - 정면충돌,안전운전불이행,포장 - 건조,맑음,교차로 - 교차로안,승합,남,33세,상해없음,자전거,남,67세,경상
136,2020000000000000.0,2019년 8월 13일 09시,화요일,서울특별시 강동구 길동,천호대로,경상사고,0,0,1,0,차대차 - 측면충돌,안전운전불이행,포장 - 건조,맑음,교차로 - 교차로부근,승용,남,27세,상해없음,화물,남,67세,경상
137,2020000000000000.0,2019년 11월 18일 23시,월요일,서울특별시 강동구 둔촌동,강동대로,경상사고,0,0,1,0,차대차 - 측면충돌,신호위반,포장 - 건조,맑음,교차로 - 교차로안,승용,여,37세,상해없음,승용,남,67세,경상
138,2020000000000000.0,2019년 12월 21일 04시,토요일,서울특별시 강동구 성내동,천호대로162길,중상사고,0,1,0,0,차대사람 - 횡단중,신호위반,포장 - 건조,맑음,교차로 - 교차로횡단보도내,화물,남,46세,상해없음,보행자,여,67세,중상
139,2020000000000000.0,2019년 8월 10일 09시,토요일,서울특별시 강동구 성내동,올림픽로,중상사고,0,1,0,0,차대차 - 측면충돌,안전운전불이행,포장 - 건조,맑음,교차로 - 교차로부근,이륜,남,45세,중상,승용,남,67세,상해없음
140,2020000000000000.0,2019년 8월 1일 18시,목요일,서울특별시 강동구 성내동,풍성로,경상사고,0,0,1,0,차대차 - 기타,중앙선침범,포장 - 건조,맑음,교차로 - 교차로안,승용,여,38세,상해없음,자전거,남,67세,경상
141,2020000000000000.0,2019년 8월 19일 02시,월요일,서울특별시 강동구 성내동,성안로,경상사고,0,0,1,0,차대차 - 측면충돌,교차로운행방법위반,포장 - 건조,맑음,교차로 - 교차로안,이륜,남,29세,경상,승용,남,67세,상해없음
142,2020000000000000.0,2019년 8월 6일 08시,화요일,서울특별시 강동구 성내동,성내로,경상사고,0,0,1,0,차대차 - 측면충돌,신호위반,포장 - 건조,맑음,교차로 - 교차로안,승용,여,47세,상해없음,승용,남,67세,상해없음
143,2020000000000000.0,2019년 5월 24일 08시,금요일,서울특별시 강동구 천호동,천호대로,부상신고사고,0,0,0,1,차대차 - 측면충돌,안전운전불이행,포장 - 건조,맑음,단일로 - 기타,승용,남,36세,상해없음,승용,여,67세,부상신고
144,2020000000000000.0,2019년 2월 22일 01시,금요일,서울특별시 강동구 천호동,천호대로,중상사고,0,1,4,0,차대차 - 추돌,안전운전불이행,포장 - 건조,맑음,단일로 - 기타,승용,남,36세,상해없음,승용,남,67세,경상
145,2020000000000000.0,2019년 3월 30일 15시,토요일,서울특별시 강동구 천호동,선사로,중상사고,0,1,3,0,차대차 - 추돌,안전거리미확보,포장 - 건조,맑음,단일로 - 기타,승용,남,35세,상해없음,승용,남,67세,중상
146,2020000000000000.0,2019년 7월 5일 16시,금요일,서울특별시 강동구 천호동,올림픽로,경상사고,0,0,1,0,차대사람 - 기타,안전운전불이행,포장 - 건조,맑음,단일로 - 기타,자전거,남,7세,상해없음,보행자,여,67세,경상
147,2020000000000000.0,2019년 8월 3일 10시,토요일,서울특별시 강동구 천호동,천호대로,경상사고,0,0,1,0,차대차 - 측면충돌,안전운전불이행,포장 - 건조,맑음,단일로 - 기타,승용,남,56세,상해없음,승용,여,67세,경상
148,2020000000000000.0,2019년 3월 7일 22시,목요일,서울특별시 강동구 강일동,아리수로,중상사고,0,1,0,0,차대차 - 정면충돌,중앙선침범,포장 - 건조,맑음,단일로 - 기타,승용,남,21세,상해없음,승용,남,67세,중상
149,2020000000000000.0,2019년 11월 20일 09시,수요일,서울특별시 강동구 명일동,구천면로,중상사고,0,1,0,0,차대차 - 기타,안전운전불이행,포장 - 건조,맑음,기타 - 기타,승합,남,54세,상해없음,화물,남,66세,상해없음
150,2020000000000000.0,2019년 3월 8일 06시,금요일,서울특별시 강동구 명일동,동남로,경상사고,0,0,2,0,차대차 - 추돌,안전거리미확보,포장 - 건조,맑음,교차로 - 교차로부근,승용,남,47세,경상,승용,남,66세,경상
151,2020000000000000.0,2019년 3월 26일 11시,화요일,서울특별시 강동구 명일동,동남로75길,경상사고,0,0,1,0,차대사람 - 차도통행중,안전운전불이행,포장 - 건조,맑음,단일로 - 기타,화물,남,41세,상해없음,보행자,여,66세,경상
152,2020000000000000.0,2019년 9월 5일 17시,목요일,서울특별시 강동구 고덕동,아리수로,경상사고,0,0,1,0,차대차 - 추돌,안전운전불이행,포장 - 건조,맑음,기타 - 기타,화물,남,47세,상해없음,승용,남,66세,경상
153,2020000000000000.0,2019년 4월 1일 20시,월요일,서울특별시 강동구 둔촌동,강동대로,중상사고,0,2,0,0,차대차 - 측면충돌,안전거리미확보,포장 - 건조,흐림,단일로 - 기타,승용,남,53세,기타불명,이륜,남,66세,중상
154,2020000000000000.0,2019년 5월 20일 17시,월요일,서울특별시 강동구 성내동,천호대로,중상사고,0,1,0,0,차대차 - 측면충돌,안전거리미확보,포장 - 건조,맑음,단일로 - 기타,승용,남,68세,상해없음,이륜,남,66세,중상
155,2020000000000000.0,2019년 5월 28일 13시,화요일,서울특별시 강동구 성내동,성안로3길,중상사고,0,1,0,0,차대차 - 측면충돌,기타,포장 - 건조,맑음,단일로 - 기타,승용,남,41세,상해없음,이륜,남,66세,중상
156,2020000000000000.0,2019년 2월 3일 05시,일요일,서울특별시 강동구 성내동,성안로,경상사고,0,0,2,0,차대차 - 정면충돌,신호위반,포장 - 젖음/습기,비,교차로 - 교차로안,승용,여,57세,상해없음,승용,남,66세,경상
157,2020000000000000.0,2019년 8월 24일 21시,토요일,서울특별시 강동구 성내동,풍성로,경상사고,0,0,1,0,차대사람 - 길가장자리구역통행중,안전운전불이행,포장 - 건조,맑음,단일로 - 기타,승용,남,51세,상해없음,보행자,남,66세,경상
158,2020000000000000.0,2019년 6월 24일 17시,월요일,서울특별시 강동구 성내동,양재대로,경상사고,0,0,1,0,차대차 - 기타,안전거리미확보,포장 - 건조,맑음,단일로 - 기타,화물,남,55세,상해없음,승용,남,66세,경상
159,2020000000000000.0,2019년 11월 10일 23시,일요일,서울특별시 강동구 성내동,강동대로,경상사고,0,0,1,0,차대차 - 기타,안전운전불이행,포장 - 건조,맑음,단일로 - 기타,승용,남,45세,상해없음,승용,남,66세,경상
160,2020000000000000.0,2019년 3월 8일 01시,금요일,서울특별시 강동구 성내동,성내로,중상사고,0,1,1,0,차대차 - 측면충돌,신호위반,포장 - 건조,맑음,교차로 - 교차로안,승용,남,57세,상해없음,승용,남,66세,중상
161,2020000000000000.0,2019년 9월 7일 05시,토요일,서울특별시 강동구 천호동,성안로,부상신고사고,0,0,0,1,차대사람 - 보도통행중,기타,포장 - 건조,맑음,기타 - 기타,자전거,남,33세,상해없음,보행자,남,66세,부상신고
162,2020000000000000.0,2019년 4월 4일 18시,목요일,서울특별시 강동구 천호동,성안로,중상사고,0,1,0,0,차대차 - 기타,안전운전불이행,포장 - 건조,맑음,교차로 - 교차로부근,승용,남,32세,상해없음,승용,남,66세,상해없음
163,2020000000000000.0,2019년 6월 22일 17시,토요일,서울특별시 강동구 천호동,양재대로,경상사고,0,0,1,0,차대사람 - 횡단중,보행자보호의무위반,포장 - 건조,맑음,교차로 - 교차로횡단보도내,승용,남,54세,상해없음,보행자,여,66세,경상
164,2020000000000000.0,2019년 5월 14일 14시,화요일,서울특별시 강동구 천호동,올림픽로,경상사고,0,0,1,0,차대사람 - 기타,안전운전불이행,포장 - 건조,맑음,기타 - 기타,승합,남,52세,상해없음,보행자,여,66세,경상
165,2020000000000000.0,2019년 12월 14일 22시,토요일,서울특별시 강동구 천호동,구천면로,경상사고,0,0,1,0,차대차 - 정면충돌,안전운전불이행,포장 - 건조,맑음,교차로 - 교차로부근,승용,여,60세,상해없음,자전거,남,66세,경상