,사고번호,사고일시,요일,시군구,도로명,사고내용,사망자수,중상자수,경상자수,부상신고자수,사고유형,법규위반,노면상태,기상상태,도로형태,가해운전자 차종,가해운전자 성별,가해운전자 연령,가해운전자 상해정도,피해운전자 차종,피해운전자 성별,피해운전자 연령,피해운전자 상해정도
166,2020000000000000.0,2019년 6월 4일 12시,화요일,서울특별시 강동구 천호동,상암로,중상사고,0,1,0,0,차대사람 - 횡단중,보행자보호의무위반,포장 - 건조,맑음,단일로 - 기타,승용,남,56세,상해없음,보행자,남,66세,중상
167,2020000000000000.0,2019년 9월 9일 07시,월요일,서울특별시 강동구 명일동,명일로,중상사고,0,1,0,0,차대사람 - 보도통행중,보행자보호의무위반,포장 - 건조,맑음,교차로 - 교차로안,승용,남,83세,상해없음,보행자,여,65세,중상
168,2020000000000000.0,2019년 3월 16일 07시,토요일,서울특별시 강동구 고덕동,동남로,중상사고,0,1,1,0,차대차 - 측면충돌,중앙선침범,포장 - 건조,맑음,교차로 - 교차로부근,원동기,남,18세,중상,승용,남,65세,상해없음
169,2020000000000000.0,2019년 7월 15일 18시,월요일,서울특별시 강동구 고덕동,아리수로,경상사고,0,0,2,0,차대차 - 추돌,안전운전불이행,포장 - 젖음/습기,비,교차로 - 교차로부근,화물,남,52세,상해없음,승용,남,65세,경상
170,2020000000000000.0,2019년 8월 5일 19시,월요일,서울특별시 강동구 고덕동,고덕로,중상사고,0,1,0,0,차대사람 - 기타,안전운전불이행,포장 - 건조,맑음,단일로 - 기타,승합,남,39세,상해없음,보행자,남,65세,중상
171,2020000000000000.0,2019년 2월 22일 19시,금요일,서울특별시 강동구 고덕동,동남로,경상사고,0,0,1,0,차대차 - 정면충돌,안전운전불이행,포장 - 건조,맑음,교차로 - 교차로부근,승용,여,47세,상해없음,이륜,남,65세,경상
172,2020000000000000.0,2019년 9월 24일 11시,화요일,서울특별시 강동구 상일동,천호대로,중상사고,0,1,0,0,차대차 - 측면충돌,안전거리미확보,포장 - 건조,맑음,교차로 - 교차로부근,승용,남,57세,상해없음,이륜,남,65세,중상
173,2020000000000000.0,2019년 1월 26일 19시,토요일,서울특별시 강동구 길동,천호대로175길,경상사고,0,0,1,0,차대사람 - 기타,안전운전불이행,포장 - 건조,맑음,단일로 - 기타,승용,남,27세,상해없음,보행자,남,65세,경상
174,2020000000000000.0,2019년 12월 1일 14시,일요일,서울특별시 강동구 길동,천호대로,경상사고,0,0,1,0,차대사람 - 기타,기타,포장 - 젖음/습기,비,단일로 - 기타,승합,남,44세,상해없음,보행자,남,65세,경상
175,2020000000000000.0,2019년 8월 21일 11시,수요일,서울특별시 강동구 길동,천중로,경상사고,0,0,2,0,차대차 - 측면충돌,안전운전불이행,포장 - 건조,맑음,교차로 - 교차로안,승용,남,58세,상해없음,승용,여,65세,경상
176,2020000000000000.0,2019년 7월 27일 04시,토요일,서울특별시 강동구 둔촌동,동남로,사망사고,1,0,0,0,차대사람 - 횡단중,과속,포장 - 젖음/습기,비,교차로 - 교차로안,승용,남,59세,상해없음,보행자,여,65세,사망
177,2020000000000000.0,2019년 8월 20일 17시,화요일,서울특별시 강동구 둔촌동,천호대로,경상사고,0,0,1,0,차대차 - 추돌,안전운전불이행,포장 - 건조,맑음,교차로 - 교차로부근,승용,남,61세,상해없음,승용,여,65세,경상
178,2020000000000000.0,2019년 11월 21일 01시,목요일,서울특별시 강동구 성내동,성안로,경상사고,0,0,2,0,차대차 - 측면충돌,교차로운행방법위반,포장 - 건조,맑음,교차로 - 교차로안,승용,남,55세,상해없음,승용,남,65세,경상
179,2020000000000000.0,2019년 5월 2일 08시,목요일,서울특별시 강동구 성내동,풍성로,중상사고,0,1,0,0,차대사람 - 횡단중,안전운전불이행,포장 - 건조,맑음,단일로 - 기타,승용,남,52세,상해없음,보행자,여,65세,중상
180,2020000000000000.0,2019년 9월 26일 16시,목요일,서울특별시 강동구 성내동,풍성로54길,경상사고,0,0,1,0,차대사람 - 횡단중,보행자보호의무위반,포장 - 건조,맑음,교차로 - 교차로안,승용,남,44세,상해없음,보행자,남,65세,경상
181,2020000000000000.0,2019년 6월 2일 09시,일요일,서울특별시 강동구 성내동,강동대로55길,부상신고사고,0,0,0,1,차대차 - 측면충돌,안전운전불이행,포장 - 건조,맑음,교차로 - 교차로안,승용,여,52세,상해없음,승용,남,65세,부상신고
182,2020000000000000.0,2019년 11월 19일 16시,화요일,서울특별시 강동구 성내동,천호대로,중상사고,0,2,0,0,차대차 - 기타,신호위반,포장 - 건조,맑음,교차로 - 교차로안,승용,여,61세,상해없음,승용,남,65세,중상
183,2020000000000000.0,2019년 10월 3일 02시,목요일,서울특별시 강동구 천호동,진황도로,경상사고,0,0,3,0,차대차 - 측면충돌,신호위반,포장 - 젖음/습기,비,교차로 - 교차로안,승용,남,48세,상해없음,승용,남,65세,경상
184,2020000000000000.0,2019년 7월 29일 14시,월요일,서울특별시 강동구 천호동,상암로,중상사고,0,1,0,0,차대차 - 측면충돌,안전운전불이행,포장 - 건조,맑음,단일로 - 기타,승용,남,67세,상해없음,이륜,남,65세,중상
185,2020000000000000.0,2019년 11월 2일 16시,토요일,서울특별시 강동구 천호동,올림픽로,경상사고,0,0,2,0,차대차 - 측면충돌,신호위반,포장 - 건조,맑음,교차로 - 교차로안,승용,남,25세,상해없음,승합,남,65세,경상
186,2020000000000000.0,2019년 7월 10일 21시,수요일,서울특별시 강동구 천호동,양재대로,중상사고,0,1,0,0,차대사람 - 기타,안전운전불이행,포장 - 젖음/습기,비,단일로 - 기타,승용,남,65세,상해없음,보행자,남,65세,중상
0,2019070000000000.0,2019년 7월 14일 10시,일요일,서울특별시 강북구 번동,오현로32길,중상사고,0,1,0,0,차대사람 - 기타,안전운전불이행,포장 - 건조,맑음,단일로 - 기타,승용,여,58세,상해없음,보행자,여,88세,중상
1,2019010000000000.0,2019년 1월 21일 17시,월요일,서울특별시 강북구 미아동,도봉로50길,중상사고,0,1,0,0,차대사람 - 기타,기타,포장 - 건조,맑음,기타 - 기타,이륜,남,29세,상해없음,보행자,여,86세,중상
2,2019020000000000.0,2019년 2월 28일 17시,목요일,서울특별시 강북구 수유동,덕릉로19길,중상사고,0,1,0,0,차대사람 - 길가장자리구역통행중,안전운전불이행,포장 - 건조,흐림,단일로 - 기타,화물,남,36세,상해없음,보행자,여,85세,중상
3,2019030000000000.0,2019년 3월 25일 16시,월요일,서울특별시 강북구 수유동,한천로,중상사고,0,1,0,0,차대사람 - 횡단중,안전운전불이행,포장 - 건조,맑음,단일로 - 기타,화물,남,56세,상해없음,보행자,남,85세,중상
4,2019010000000000.0,2019년 1월 30일 16시,수요일,서울특별시 강북구 미아동,솔샘로,중상사고,0,1,0,0,차대사람 - 횡단중,안전운전불이행,포장 - 건조,맑음,교차로 - 교차로안,화물,남,53세,상해없음,보행자,여,84세,중상
5,2019060000000000.0,2019년 6월 1일 12시,토요일,서울특별시 강북구 미아동,삼양로,경상사고,0,0,1,0,차대사람 - 길가장자리구역통행중,안전운전불이행,포장 - 건조,맑음,교차로 - 교차로안,이륜,남,47세,상해없음,보행자,남,84세,경상
6,2019090000000000.0,2019년 9월 26일 18시,목요일,서울특별시 강북구 미아동,도봉로,경상사고,0,0,1,0,차대차 - 측면충돌,안전운전불이행,포장 - 건조,맑음,단일로 - 기타,자전거,여,34세,상해없음,승용,남,83세,상해없음
7,2019120000000000.0,2019년 12월 4일 08시,수요일,서울특별시 강북구 수유동,한천로,경상사고,0,0,1,0,차대사람 - 보도통행중,안전운전불이행,포장 - 건조,맑음,단일로 - 기타,이륜,남,46세,경상,보행자,남,83세,상해없음
8,2019100000000000.0,2019년 10월 11일 07시,금요일,서울특별시 강북구 미아동,도봉로67길,중상사고,0,1,0,0,차대사람 - 기타,안전운전불이행,포장 - 건조,맑음,단일로 - 기타,승용,남,65세,상해없음,보행자,남,82세,중상
9,2019100000000000.0,2019년 10월 19일 12시,토요일,서울특별시 강북구 미아동,인수봉로,중상사고,0,1,1,0,차대차 - 측면충돌,안전운전불이행,포장 - 건조,맑음,단일로 - 기타,승용,남,40세,상해없음,이륜,남,82세,경상
10,2019110000000000.0,2019년 11월 30일 14시,토요일,서울특별시 강북구 수유동,도봉로77길,경상사고,0,0,1,0,차대사람 - 기타,안전운전불이행,포장 - 건조,맑음,단일로 - 기타,승용,남,26세,상해없음,보행자,남,82세,경상
11,2019070000000000.0,2019년 7월 16일 09시,화요일,서울특별시 강북구 수유동,인수봉로,중상사고,0,1,0,0,차대차 - 측면충돌,안전운전불이행,포장 - 건조,맑음,교차로 - 교차로부근,승용,여,54세,상해없음,이륜,남,82세,중상
12,2019100000000000.0,2019년 10월 7일 12시,월요일,서울특별시 강북구 미아동,삼양로,중상사고,0,1,0,0,차대사람 - 횡단중,안전운전불이행,포장 - 젖음/습기,비,교차로 - 교차로안,승용,여,36세,상해없음,보행자,남,81세,중상
13,2019030000000000.0,2019년 3월 16일 11시,토요일,서울특별시 강북구 번동,도봉로,경상사고,0,0,1,0,차대사람 - 기타,안전운전불이행,포장 - 건조,맑음,단일로 - 기타,승합,남,55세,기타불명,보행자,여,81세,경상
14,2019010000000000.0,2019년 1월 25일 00시,금요일,서울특별시 강북구 번동,한천로,경상사고,0,0,1,0,차대차 - 정면충돌,신호위반,포장 - 건조,흐림,교차로 - 교차로안,이륜,남,34세,경상,승용,남,81세,상해없음
15,2019020000000000.0,2019년 2월 26일 19시,화요일,서울특별시 강북구 수유동,삼각산로,중상사고,0,1,0,0,차대사람 - 횡단중,안전운전불이행,포장 - 건조,맑음,교차로 - 교차로부근,승용,여,55세,상해없음,보행자,여,81세,중상
16,2019090000000000.0,2019년 9월 27일 16시,금요일,서울특별시 강북구 미아동,도봉로,경상사고,0,0,1,0,차대차 - 측면충돌,직진우회전진행방해,포장 - 건조,맑음,교차로 - 교차로안,승용,남,30세,기타불명,승용,남,80세,경상
17,2019020000000000.0,2019년 2월 16일 15시,토요일,서울특별시 강북구 번동,오현로32길,경상사고,0,0,1,0,차대차 - 측면충돌,안전운전불이행,포장 - 건조,맑음,단일로 - 기타,승용,여,39세,상해없음,자전거,남,80세,경상
18,2019080000000000.0,2019년 8월 1일 08시,목요일,서울특별시 강북구 미아동,삼양로,중상사고,0,1,1,0,차대사람 - 횡단중,신호위반,포장 - 건조,맑음,단일로 - 기타,자전거,남,57세,경상,보행자,여,79세,중상
19,2019050000000000.0,2019년 5월 18일 16시,토요일,서울특별시 강북구 수유동,노해로,경상사고,0,0,1,0,차대사람 - 기타,안전운전불이행,포장 - 건조,맑음,단일로 - 기타,승용,여,25세,상해없음,보행자,여,79세,경상
20,2019050000000000.0,2019년 5월 27일 13시,월요일,서울특별시 강북구 수유동,삼양로,경상사고,0,0,1,0,차대사람 - 기타,안전운전불이행,포장 - 건조,흐림,교차로 - 교차로안,승용,여,65세,상해없음,보행자,여,79세,경상
21,2019050000000000.0,2019년 5월 28일 16시,화요일,서울특별시 강북구 미아동,도봉로,중상사고,0,1,0,0,차대사람 - 횡단중,신호위반,포장 - 건조,맑음,단일로 - 기타,승용,남,59세,상해없음,보행자,여,78세,중상
22,2019090000000000.0,2019년 9월 10일 11시,화요일,서울특별시 강북구 번동,오현로32길,사망사고,1,0,0,0,차대사람 - 횡단중,안전운전불이행,포장 - 젖음/습기,비,교차로 - 교차로안,화물,남,57세,상해없음,보행자,여,78세,사망
23,2019100000000000.0,2019년 10월 14일 06시,월요일,서울특별시 강북구 수유동,삼각산로,중상사고,0,1,0,0,차대사람 - 횡단중,신호위반,포장 - 건조,맑음,교차로 - 교차로안,승합,남,58세,상해없음,보행자,여,78세,중상
24,2019100000000000.0,2019년 10월 20일 18시,일요일,서울특별시 강북구 미아동,오현로,중상사고,0,1,0,0,차대사람 - 횡단중,안전운전불이행,포장 - 건조,맑음,단일로 - 기타,승합,남,67세,상해없음,보행자,남,77세,중상
25,2019040000000000.0,2019년 4월 24일 11시,수요일,서울특별시 강북구 미아동,숭인로,경상사고,0,0,1,0,차대사람 - 횡단중,안전운전불이행,포장 - 건조,맑음,단일로 - 기타,화물,남,42세,상해없음,보행자,남,77세,경상
26,2019110000000000.0,2019년 11월 9일 11시,토요일,서울특별시 강북구 미아동,도봉로,경상사고,0,0,3,0,차대차 - 추돌,안전거리미확보,포장 - 건조,맑음,단일로 - 기타,승용,남,69세,상해없음,승용,남,77세,경상
27,2019050000000000.0,2019년 5월 28일 13시,화요일,서울특별시 강북구 미아동,숭인로,중상사고,0,1,0,0,차대사람 - 횡단중,보행자보호의무위반,포장 - 건조,맑음,교차로 - 교차로안,화물,남,47세,상해없음,보행자,여,77세,중상
28,2019040000000000.0,2019년 4월 22일 08시,월요일,서울특별시 강북구 번동,한천로105길,중상사고,0,1,0,0,차대사람 - 횡단중,보행자보호의무위반,포장 - 건조,맑음,교차로 - 교차로횡단보도내,승용,여,39세,상해없음,보행자,남,77세,중상
29,2019050000000000.0,2019년 5월 21일 12시,화요일,서울특별시 강북구 번동,오현로34길,경상사고,0,0,1,0,차대사람 - 기타,안전운전불이행,포장 - 건조,맑음,주차장 - 주차장,화물,남,63세,상해없음,보행자,여,77세,경상
30,2019050000000000.0,2019년 5월 8일 15시,수요일,서울특별시 강북구 수유동,도봉로,중상사고,0,1,0,0,차대차 - 측면충돌,안전운전불이행,포장 - 건조,맑음,단일로 - 기타,승용,남,70세,상해없음,자전거,남,77세,중상
31,2019030000000000.0,2019년 3월 9일 15시,토요일,서울특별시 강북구 수유동,노해로,중상사고,0,1,0,0,차대사람 - 횡단중,안전운전불이행,포장 - 건조,맑음,교차로 - 교차로부근,승용,남,66세,상해없음,보행자,여,77세,중상
32,2019090000000000.0,2019년 9월 17일 15시,화요일,서울특별시 강북구 미아동,덕릉로,경상사고,0,0,1,0,차대차 - 기타,안전운전불이행,포장 - 건조,맑음,교차로 - 교차로안,승용,남,50세,상해없음,승용,남,76세,상해없음
33,2019040000000000.0,2019년 4월 14일 00시,일요일,서울특별시 강북구 번동,도봉로,사망사고,1,0,0,0,차대사람 - 횡단중,안전운전불이행,포장 - 건조,맑음,단일로 - 기타,이륜,남,22세,상해없음,보행자,여,76세,사망
34,2019070000000000.0,2019년 7월 11일 08시,목요일,서울특별시 강북구 번동,월계로,중상사고,0,1,0,0,차대차 - 기타,신호위반,포장 - 젖음/습기,비,교차로 - 교차로안,기타불명,기타불명,미분류,기타불명,원동기,남,76세,중상
35,2019120000000000.0,2019년 12월 23일 10시,월요일,서울특별시 강북구 수유동,한천로159길,경상사고,0,0,1,0,차대차 - 측면충돌,안전거리미확보,포장 - 건조,맑음,단일로 - 기타,승용,여,70세,상해없음,자전거,남,76세,경상
36,2019080000000000.0,2019년 8월 1일 16시,목요일,서울특별시 강북구 수유동,삼양로,중상사고,0,1,0,0,차대사람 - 기타,안전운전불이행,포장 - 건조,맑음,단일로 - 기타,승합,남,48세,상해없음,보행자,여,76세,중상
37,2019050000000000.0,2019년 5월 4일 11시,토요일,서울특별시 강북구 미아동,오패산로,중상사고,0,1,0,0,차대사람 - 횡단중,안전운전불이행,포장 - 건조,맑음,단일로 - 기타,이륜,남,67세,상해없음,보행자,여,75세,중상
38,2019050000000000.0,2019년 5월 7일 17시,화요일,서울특별시 강북구 미아동,삼양로58길,경상사고,0,0,2,0,차대사람 - 기타,안전운전불이행,포장 - 건조,흐림,단일로 - 기타,승용,남,24세,상해없음,보행자,여,75세,경상
39,2019060000000000.0,2019년 6월 13일 16시,목요일,서울특별시 강북구 번동,한천로132길,경상사고,0,0,1,0,차대차 - 측면충돌,안전운전불이행,포장 - 건조,맑음,단일로 - 기타,이륜,남,63세,상해없음,자전거,여,75세,경상
40,2019040000000000.0,2019년 4월 28일 17시,일요일,서울특별시 강북구 번동,한천로109길,경상사고,0,0,1,0,차대사람 - 기타,안전운전불이행,포장 - 건조,맑음,단일로 - 기타,승용,여,36세,상해없음,보행자,여,75세,경상
41,2019100000000000.0,2019년 10월 7일 06시,월요일,서울특별시 강북구 번동,한천로,경상사고,0,0,1,0,차대차 - 측면충돌,안전거리미확보,포장 - 젖음/습기,비,교차로 - 교차로부근,화물,남,42세,상해없음,승용,남,75세,경상
42,2019090000000000.0,2019년 9월 19일 06시,목요일,서울특별시 강북구 수유동,덕릉로19길,중상사고,0,1,0,0,차대차 - 측면충돌,안전운전불이행,포장 - 건조,맑음,교차로 - 교차로안,이륜,남,73세,중상,승용,남,75세,상해없음
43,2019010000000000.0,2019년 1월 3일 10시,목요일,서울특별시 강북구 수유동,4.19로,중상사고,0,1,0,0,차대사람 - 횡단중,불법유턴,포장 - 건조,맑음,교차로 - 교차로안,승용,남,62세,상해없음,보행자,여,75세,중상
44,2019060000000000.0,2019년 6월 27일 14시,목요일,서울특별시 강북구 수유동,삼양로,중상사고,0,1,0,0,차대차 - 기타,신호위반,포장 - 건조,맑음,교차로 - 교차로안,승용,여,53세,상해없음,이륜,여,75세,중상
45,2019120000000000.0,2019년 12월 14일 16시,토요일,서울특별시 강북구 미아동,솔매로,중상사고,0,1,0,0,차대사람 - 횡단중,기타,포장 - 건조,맑음,교차로 - 교차로안,승용,여,48세,상해없음,보행자,여,74세,중상
46,2019110000000000.0,2019년 11월 28일 15시,목요일,서울특별시 강북구 미아동,노해로,중상사고,0,1,0,0,차대차 - 측면충돌,신호위반,포장 - 건조,맑음,교차로 - 교차로안,승용,남,75세,상해없음,승용,남,74세,중상
47,2019080000000000.0,2019년 8월 9일 04시,금요일,서울특별시 강북구 미아동,삼양로,중상사고,0,1,0,0,차대사람 - 횡단중,안전운전불이행,포장 - 건조,흐림,단일로 - 기타,화물,남,57세,상해없음,보행자,남,74세,중상
48,2019120000000000.0,2019년 12월 19일 07시,목요일,서울특별시 강북구 미아동,솔샘로48길,경상사고,0,0,1,0,차대사람 - 기타,안전운전불이행,포장 - 건조,흐림,교차로 - 교차로안,승용,남,52세,상해없음,보행자,여,74세,경상
49,2019040000000000.0,2019년 4월 18일 10시,목요일,서울특별시 강북구 미아동,월계로21나길,경상사고,0,0,1,0,차대차 - 측면충돌,기타,포장 - 건조,흐림,교차로 - 교차로안,승합,남,50세,경상,승용,남,74세,상해없음
50,2019060000000000.0,2019년 6월 11일 14시,화요일,서울특별시 강북구 미아동,도봉로,중상사고,0,1,0,0,차대차 - 기타,안전운전불이행,포장 - 건조,맑음,단일로 - 기타,승용,남,65세,상해없음,자전거,남,74세,중상
51,2019120000000000.0,2019년 12월 22일 00시,일요일,서울특별시 강북구 미아동,도봉로,경상사고,0,0,2,1,차대차 - 추돌,안전운전불이행,포장 - 건조,맑음,교차로 - 교차로부근,승용,남,41세,상해없음,승용,남,74세,부상신고
52,2019080000000000.0,2019년 8월 9일 09시,금요일,서울특별시 강북구 우이동,삼양로,중상사고,0,1,0,0,차대사람 - 횡단중,안전운전불이행,포장 - 건조,맑음,단일로 - 기타,승용,여,59세,상해없음,보행자,여,74세,중상
53,2019110000000000.0,2019년 11월 19일 09시,화요일,서울특별시 강북구 미아동,도봉로,중상사고,0,1,0,0,차대사람 - 기타,기타,포장 - 건조,맑음,단일로 - 기타,자전거,여,52세,상해없음,보행자,여,73세,중상
54,2019060000000000.0,2019년 6월 23일 10시,일요일,서울특별시 강북구 미아동,월계로,경상사고,0,0,2,0,차대차 - 추돌,안전운전불이행,포장 - 건조,맑음,단일로 - 기타,승합,남,29세,상해없음,승용,남,73세,경상
55,2019090000000000.0,2019년 9월 24일 14시,화요일,서울특별시 강북구 번동,한천로109길,경상사고,0,0,1,0,차대차 - 측면충돌,안전운전불이행,포장 - 건조,흐림,교차로 - 교차로부근,승용,여,62세,상해없음,승용,남,73세,경상
56,2019110000000000.0,2019년 11월 6일 10시,수요일,서울특별시 강북구 미아동,월계로,경상사고,0,0,1,0,차대차 - 측면충돌,교차로운행방법위반,포장 - 건조,맑음,교차로 - 교차로안,승합,남,70세,상해없음,승용,남,72세,경상
57,2019030000000000.0,2019년 3월 4일 12시,월요일,서울특별시 강북구 미아동,삼양로,중상사고,0,1,0,0,차대사람 - 횡단중,보행자보호의무위반,포장 - 건조,맑음,단일로 - 기타,자전거,남,14세,상해없음,보행자,여,72세,중상
58,2019100000000000.0,2019년 10월 29일 11시,화요일,서울특별시 강북구 미아동,삼양로,중상사고,0,1,0,0,차대사람 - 횡단중,신호위반,포장 - 건조,맑음,교차로 - 교차로안,승용,여,50세,상해없음,보행자,여,72세,중상
59,2019090000000000.0,2019년 9월 4일 19시,수요일,서울특별시 강북구 번동,월계로,경상사고,0,0,1,0,차대차 - 추돌,안전운전불이행,포장 - 젖음/습기,비,단일로 - 기타,화물,남,57세,상해없음,이륜,남,72세,경상
60,2019070000000000.0,2019년 7월 18일 19시,목요일,서울특별시 강북구 수유동,수유로,부상신고사고,0,0,0,1,차대차 - 측면충돌,안전운전불이행,포장 - 건조,맑음,교차로 - 교차로부근,승용,남,63세,상해없음,승용,남,72세,부상신고
61,2019120000000000.0,2019년 12월 26일 18시,목요일,서울특별시 강북구 수유동,한천로,경상사고,0,0,1,0,차대차 - 측면충돌,기타,포장 - 건조,맑음,단일로 - 기타,자전거,남,48세,경상,승용,남,72세,상해없음
62,2019040000000000.0,2019년 4월 4일 07시,목요일,서울특별시 강북구 수유동,인수봉로,중상사고,0,1,0,0,차대사람 - 기타,안전운전불이행,포장 - 건조,맑음,단일로 - 기타,승용,남,26세,상해없음,보행자,남,72세,중상
63,2019120000000000.0,2019년 12월 5일 10시,목요일,서울특별시 강북구 수유동,도봉로,경상사고,0,0,1,0,차대차 - 측면충돌,안전운전불이행,포장 - 건조,맑음,교차로 - 교차로안,승용,여,27세,상해없음,승용,남,72세,상해없음
64,2019010000000000.0,2019년 1월 7일 05시,월요일,서울특별시 강북구 우이동,삼양로,중상사고,0,1,0,0,차대사람 - 기타,보행자보호의무위반,포장 - 건조,맑음,교차로 - 교차로횡단보도내,승용,남,21세,상해없음,보행자,남,72세,중상
65,2019050000000000.0,2019년 5월 9일 18시,목요일,서울특별시 강북구 미아동,솔샘로,중상사고,0,1,0,0,차대사람 - 기타,안전운전불이행,포장 - 건조,맑음,교차로 - 교차로부근,승용,남,50세,상해없음,보행자,여,71세,중상
66,2019100000000000.0,2019년 10월 3일 15시,목요일,서울특별시 강북구 미아동,도봉로,경상사고,0,0,2,0,차대차 - 측면충돌,안전운전불이행,포장 - 건조,맑음,단일로 - 기타,승용,여,32세,상해없음,승용,남,71세,상해없음
67,2019030000000000.0,2019년 3월 7일 13시,목요일,서울특별시 강북구 미아동,오패산로,중상사고,0,1,0,0,차대사람 - 횡단중,보행자보호의무위반,포장 - 건조,맑음,교차로 - 교차로횡단보도내,건설기계,남,37세,상해없음,보행자,여,71세,중상
68,2019070000000000.0,2019년 7월 15일 16시,월요일,서울특별시 강북구 번동,한천로132길,경상사고,0,0,1,0,차대차 - 측면충돌,안전운전불이행,포장 - 건조,맑음,단일로 - 기타,건설기계,남,64세,상해없음,자전거,남,71세,경상
69,2019100000000000.0,2019년 10월 11일 16시,금요일,서울특별시 강북구 수유동,도봉로,경상사고,0,0,1,0,차대사람 - 횡단중,안전운전불이행,포장 - 건조,맑음,교차로 - 교차로부근,승합,남,53세,상해없음,보행자,여,71세,경상
70,2019040000000000.0,2019년 4월 14일 20시,일요일,서울특별시 강북구 미아동,솔샘로,중상사고,0,1,0,0,차대사람 - 기타,안전운전불이행,포장 - 건조,맑음,단일로 - 기타,승용,남,65세,상해없음,보행자,남,70세,중상
71,2019050000000000.0,2019년 5월 7일 08시,화요일,서울특별시 강북구 미아동,솔샘로,경상사고,0,0,1,0,차대차 - 측면충돌,안전운전불이행,포장 - 건조,맑음,단일로 - 기타,화물,남,31세,상해없음,자전거,남,70세,경상
72,2019120000000000.0,2019년 12월 2일 13시,월요일,서울특별시 강북구 미아동,도봉로50길,경상사고,0,0,1,0,차대사람 - 차도통행중,안전운전불이행,포장 - 건조,맑음,교차로 - 교차로부근,승용,여,40세,상해없음,보행자,여,70세,경상
73,2019080000000000.0,2019년 8월 13일 12시,화요일,서울특별시 강북구 미아동,월계로,경상사고,0,0,2,0,차대차 - 측면충돌,신호위반,포장 - 건조,맑음,교차로 - 교차로안,승합,남,66세,상해없음,승용,남,70세,상해없음
74,2019050000000000.0,2019년 5월 18일 13시,토요일,서울특별시 강북구 번동,월계로,부상신고사고,0,0,0,1,차대차 - 측면충돌,신호위반,포장 - 건조,맑음,단일로 - 기타,이륜,남,66세,부상신고,승용,남,70세,상해없음
75,2019060000000000.0,2019년 6월 26일 08시,수요일,서울특별시 강북구 번동,덕릉로,경상사고,0,0,2,0,차대차 - 측면충돌,안전거리미확보,포장 - 건조,맑음,단일로 - 기타,승합,남,48세,상해없음,승용,남,70세,경상
76,2019080000000000.0,2019년 8월 27일 20시,화요일,서울특별시 강북구 번동,도봉로,경상사고,0,0,3,0,차대차 - 측면충돌,안전운전불이행,포장 - 건조,맑음,교차로 - 교차로횡단보도내,승용,여,53세,상해없음,승용,남,70세,경상
77,2019060000000000.0,2019년 6월 19일 05시,수요일,서울특별시 강북구 수유동,한천로,경상사고,0,0,1,0,차대차 - 추돌,안전운전불이행,포장 - 건조,맑음,단일로 - 기타,승용,남,51세,상해없음,승용,남,70세,경상
78,2019110000000000.0,2019년 11월 29일 10시,금요일,서울특별시 강북구 수유동,한천로,경상사고,0,0,1,0,차대차 - 측면충돌,중앙선침범,포장 - 건조,맑음,단일로 - 기타,승용,남,30세,상해없음,승용,남,70세,경상
79,2019010000000000.0,2019년 1월 17일 15시,목요일,서울특별시 강북구 수유동,한천로,경상사고,0,0,1,0,차대사람 - 횡단중,안전운전불이행,포장 - 건조,맑음,단일로 - 기타,승용,남,53세,상해없음,보행자,여,70세,경상
80,2019040000000000.0,2019년 4월 5일 09시,금요일,서울특별시 강북구 우이동,삼양로,경상사고,0,0,3,0,차대차 - 기타,신호위반,포장 - 건조,흐림,단일로 - 기타,승용,남,64세,상해없음,승용,남,70세,경상
81,2019100000000000.0,2019년 10월 7일 19시,월요일,서울특별시 강북구 미아동,오패산로52사길,경상사고,0,0,1,0,차대사람 - 기타,안전운전불이행,포장 - 건조,맑음,교차로 - 교차로부근,기타불명,기타불명,미분류,기타불명,보행자,남,69세,경상
82,2019100000000000.0,2019년 10월 6일 10시,일요일,서울특별시 강북구 미아동,솔매로,경상사고,0,0,1,0,차대사람 - 기타,안전운전불이행,포장 - 건조,맑음,단일로 - 기타,승합,남,62세,상해없음,보행자,남,69세,경상
83,2019100000000000.0,2019년 10월 4일 13시,금요일,서울특별시 강북구 미아동,솔매로,경상사고,0,0,1,0,차대차 - 기타,직진우회전진행방해,포장 - 건조,맑음,교차로 - 교차로부근,화물,남,27세,상해없음,자전거,남,69세,경상
84,2019090000000000.0,2019년 9월 2일 19시,월요일,서울특별시 강북구 미아동,오패산로,중상사고,0,1,0,0,차대사람 - 길가장자리구역통행중,안전운전불이행,포장 - 건조,맑음,교차로 - 교차로안,승용,남,55세,상해없음,보행자,여,69세,중상
85,2019020000000000.0,2019년 2월 13일 01시,수요일,서울특별시 강북구 번동,월계로,경상사고,0,0,3,0,차대차 - 추돌,안전운전불이행,포장 - 건조,흐림,단일로 - 기타,승용,남,35세,상해없음,승용,남,69세,경상
86,2019060000000000.0,2019년 6월 22일 15시,토요일,서울특별시 강북구 번동,오현로,중상사고,0,1,0,0,차대사람 - 횡단중,보행자보호의무위반,포장 - 건조,맑음,교차로 - 교차로안,승용,남,63세,상해없음,보행자,남,69세,중상