,사고번호,사고일시,요일,시군구,도로명,사고내용,사망자수,중상자수,경상자수,부상신고자수,사고유형,법규위반,노면상태,기상상태,도로형태,가해운전자 차종,가해운전자 성별,가해운전자 연령,가해운전자 상해정도,피해운전자 차종,피해운전자 성별,피해운전자 연령,피해운전자 상해정도
87,2019080000000000.0,2019년 8월 31일 20시,토요일,서울특별시 강북구 수유동,노해로,중상사고,0,1,0,0,차대사람 - 횡단중,안전운전불이행,포장 - 건조,맑음,교차로 - 교차로안,승용,여,46세,상해없음,보행자,남,69세,중상
88,2019040000000000.0,2019년 4월 29일 11시,월요일,서울특별시 강북구 미아동,오현로9길,중상사고,0,1,0,0,차대사람 - 기타,보행자보호의무위반,포장 - 건조,맑음,단일로 - 기타,화물,남,32세,상해없음,보행자,남,68세,중상
89,2019010000000000.0,2019년 1월 22일 05시,화요일,서울특별시 강북구 번동,한천로,경상사고,0,0,2,0,차대차 - 추돌,안전운전불이행,포장 - 건조,맑음,교차로 - 교차로부근,승용,남,46세,상해없음,승용,남,68세,경상
90,2019030000000000.0,2019년 3월 5일 16시,화요일,서울특별시 강북구 번동,월계로,경상사고,0,0,1,0,차대차 - 측면충돌,안전거리미확보,포장 - 건조,흐림,단일로 - 기타,이륜,남,50세,경상,화물,남,68세,상해없음
91,2019070000000000.0,2019년 7월 24일 00시,수요일,서울특별시 강북구 번동,도봉로,경상사고,0,0,1,0,차대차 - 추돌,안전운전불이행,포장 - 건조,흐림,단일로 - 기타,승용,남,41세,상해없음,승용,남,68세,경상
92,2019010000000000.0,2019년 1월 29일 19시,화요일,서울특별시 강북구 번동,오현로31길,경상사고,0,0,1,0,차대사람 - 기타,안전운전불이행,포장 - 건조,맑음,단일로 - 기타,승합,남,69세,상해없음,보행자,여,68세,경상
93,2019120000000000.0,2019년 12월 16일 15시,월요일,서울특별시 강북구 수유동,노해로,경상사고,0,0,1,0,차대사람 - 기타,보행자보호의무위반,포장 - 건조,맑음,교차로 - 교차로횡단보도내,승용,여,40세,상해없음,보행자,여,68세,경상
94,2019050000000000.0,2019년 5월 14일 15시,화요일,서울특별시 강북구 수유동,한천로,경상사고,0,0,1,0,차대사람 - 횡단중,안전운전불이행,포장 - 건조,맑음,교차로 - 교차로횡단보도내,자전거,남,72세,상해없음,보행자,여,68세,경상
95,2019120000000000.0,2019년 12월 14일 21시,토요일,서울특별시 강북구 수유동,한천로139길,경상사고,0,0,1,0,차대차 - 측면충돌,안전운전불이행,포장 - 건조,맑음,단일로 - 기타,승용,남,24세,상해없음,승용,남,68세,경상
96,2019030000000000.0,2019년 3월 13일 09시,수요일,서울특별시 강북구 미아동,삼양로,중상사고,0,1,0,0,차대사람 - 기타,안전운전불이행,포장 - 건조,맑음,단일로 - 기타,승용,여,39세,기타불명,보행자,남,67세,중상
97,2019020000000000.0,2019년 2월 26일 13시,화요일,서울특별시 강북구 미아동,월계로,경상사고,0,0,1,0,차대사람 - 기타,기타,포장 - 건조,맑음,기타 - 기타,승용,남,46세,상해없음,보행자,남,67세,경상
98,2019110000000000.0,2019년 11월 1일 16시,금요일,서울특별시 강북구 미아동,도봉로8길,중상사고,0,1,0,0,차대사람 - 기타,안전운전불이행,포장 - 건조,맑음,단일로 - 기타,승용,여,58세,상해없음,보행자,남,67세,중상
99,2019100000000000.0,2019년 10월 8일 17시,화요일,서울특별시 강북구 번동,덕릉로,경상사고,0,0,3,0,차대차 - 측면충돌,안전운전불이행,포장 - 건조,맑음,단일로 - 기타,승용,여,61세,경상,건설기계,남,67세,경상
100,2019110000000000.0,2019년 11월 16일 18시,토요일,서울특별시 강북구 번동,오패산로,사망사고,1,0,0,0,차대차 - 기타,신호위반,포장 - 건조,맑음,단일로 - 기타,이륜,남,35세,사망,승합,남,67세,상해없음
101,2019020000000000.0,2019년 2월 27일 11시,수요일,서울특별시 강북구 번동,도봉로,경상사고,0,0,1,0,차대사람 - 보도통행중,기타,포장 - 건조,맑음,기타 - 기타,화물,남,51세,상해없음,보행자,여,67세,경상
102,2019120000000000.0,2019년 12월 26일 04시,목요일,서울특별시 강북구 번동,한천로,경상사고,0,0,1,0,차대차 - 추돌,안전운전불이행,포장 - 건조,맑음,단일로 - 기타,이륜,남,22세,경상,승합,남,67세,상해없음
103,2019060000000000.0,2019년 6월 4일 04시,화요일,서울특별시 강북구 번동,한천로109길,중상사고,0,1,0,0,차대사람 - 횡단중,보행자보호의무위반,포장 - 건조,맑음,교차로 - 교차로안,승합,남,73세,상해없음,보행자,여,67세,중상
104,2019030000000000.0,2019년 3월 11일 13시,월요일,서울특별시 강북구 수유동,도봉로77길,부상신고사고,0,0,0,1,차대사람 - 기타,안전운전불이행,포장 - 건조,맑음,교차로 - 교차로부근,이륜,남,18세,상해없음,보행자,여,67세,부상신고
105,2019110000000000.0,2019년 11월 12일 22시,화요일,서울특별시 강북구 수유동,도봉로,경상사고,0,0,2,0,차대차 - 측면충돌,신호위반,포장 - 건조,맑음,교차로 - 교차로안,이륜,남,40세,상해없음,승용,남,67세,경상
106,2019120000000000.0,2019년 12월 24일 09시,화요일,서울특별시 강북구 수유동,삼양로,경상사고,0,0,1,0,차대차 - 측면충돌,신호위반,포장 - 건조,맑음,교차로 - 교차로안,자전거,남,65세,경상,승합,남,67세,상해없음
107,2019090000000000.0,2019년 9월 9일 17시,월요일,서울특별시 강북구 수유동,노해로,중상사고,0,1,1,0,차대차 - 측면충돌,중앙선침범,포장 - 건조,흐림,단일로 - 기타,승용,남,70세,상해없음,승용,남,67세,중상
108,2019080000000000.0,2019년 8월 15일 12시,목요일,서울특별시 강북구 수유동,도봉로,부상신고사고,0,0,0,1,차대차 - 측면충돌,안전운전불이행,포장 - 젖음/습기,흐림,단일로 - 기타,승용,남,80세,상해없음,이륜,남,67세,부상신고
109,2019100000000000.0,2019년 10월 28일 14시,월요일,서울특별시 강북구 미아동,도봉로,경상사고,0,0,2,0,차대차 - 추돌,안전운전불이행,포장 - 건조,맑음,단일로 - 기타,승용,여,63세,상해없음,승용,여,66세,경상
110,2019110000000000.0,2019년 11월 23일 06시,토요일,서울특별시 강북구 미아동,도봉로,경상사고,0,0,1,0,차대차 - 추돌,안전거리미확보,포장 - 건조,맑음,단일로 - 기타,승용,남,64세,상해없음,승용,남,66세,경상
111,2019110000000000.0,2019년 11월 30일 12시,토요일,서울특별시 강북구 미아동,도봉로67길,중상사고,0,1,0,0,차대사람 - 기타,안전운전불이행,포장 - 건조,맑음,단일로 - 기타,승용,남,44세,상해없음,보행자,여,66세,중상
112,2019100000000000.0,2019년 10월 24일 22시,목요일,서울특별시 강북구 미아동,솔샘로,중상사고,0,1,0,0,차대사람 - 차도통행중,안전운전불이행,포장 - 건조,맑음,교차로 - 교차로부근,승합,남,60세,상해없음,보행자,남,66세,중상
113,2019010000000000.0,2019년 1월 7일 15시,월요일,서울특별시 강북구 미아동,도봉로,중상사고,0,1,0,0,차대사람 - 기타,신호위반,포장 - 건조,맑음,단일로 - 기타,승용,남,63세,기타불명,보행자,여,66세,중상
114,2019090000000000.0,2019년 9월 5일 12시,목요일,서울특별시 강북구 미아동,삼양로,경상사고,0,0,1,0,차대차 - 기타,신호위반,포장 - 젖음/습기,비,교차로 - 교차로안,승용,여,53세,상해없음,승용,여,66세,상해없음
115,2019080000000000.0,2019년 8월 19일 12시,월요일,서울특별시 강북구 미아동,도봉로,중상사고,0,1,0,0,차대차 - 측면충돌,안전운전불이행,포장 - 건조,맑음,교차로 - 교차로안,승용,남,50세,상해없음,이륜,남,66세,중상
116,2019110000000000.0,2019년 11월 13일 18시,수요일,서울특별시 강북구 미아동,솔매로49길,중상사고,0,1,0,0,차대사람 - 기타,보행자보호의무위반,포장 - 건조,맑음,교차로 - 교차로안,승용,남,39세,기타불명,보행자,여,66세,중상
117,2019120000000000.0,2019년 12월 16일 11시,월요일,서울특별시 강북구 미아동,도봉로,부상신고사고,0,0,0,1,차대차 - 기타,안전운전불이행,포장 - 건조,맑음,단일로 - 기타,승합,남,50세,상해없음,승용,남,66세,상해없음
118,2019010000000000.0,2019년 1월 15일 16시,화요일,서울특별시 강북구 미아동,도봉로,중상사고,0,1,0,0,차대사람 - 보도통행중,기타,포장 - 건조,흐림,기타 - 기타,화물,남,62세,상해없음,보행자,여,66세,중상
119,2019010000000000.0,2019년 1월 18일 14시,금요일,서울특별시 강북구 번동,도봉로,중상사고,0,1,0,0,차대차 - 추돌,안전운전불이행,포장 - 건조,맑음,단일로 - 기타,승합,남,49세,상해없음,승합,남,66세,상해없음
120,2019040000000000.0,2019년 4월 5일 07시,금요일,서울특별시 강북구 번동,한천로,경상사고,0,0,3,0,차대차 - 측면충돌,직진우회전진행방해,포장 - 건조,흐림,교차로 - 교차로안,승용,남,27세,상해없음,승용,여,66세,경상
121,2019050000000000.0,2019년 5월 11일 02시,토요일,서울특별시 강북구 번동,한천로109길,경상사고,0,0,1,0,차대사람 - 기타,안전운전불이행,포장 - 건조,맑음,교차로 - 교차로안,승용,남,24세,상해없음,보행자,남,66세,경상
122,2019010000000000.0,2019년 1월 10일 10시,목요일,서울특별시 강북구 수유동,덕릉로,경상사고,0,0,2,0,차대차 - 기타,교차로운행방법위반,포장 - 건조,맑음,교차로 - 교차로안,승용,남,45세,상해없음,승용,남,66세,경상
123,2019040000000000.0,2019년 4월 27일 10시,토요일,서울특별시 강북구 수유동,수유로,경상사고,0,0,1,0,차대차 - 측면충돌,안전운전불이행,포장 - 건조,맑음,교차로 - 교차로안,승용,남,37세,상해없음,승용,남,66세,경상
124,2019100000000000.0,2019년 10월 4일 09시,금요일,서울특별시 강북구 수유동,삼양로,경상사고,0,0,1,0,차대차 - 추돌,안전운전불이행,포장 - 건조,맑음,단일로 - 기타,이륜,남,28세,경상,승용,남,66세,상해없음
125,2019120000000000.0,2019년 12월 20일 20시,금요일,서울특별시 강북구 수유동,한천로139길,경상사고,0,0,1,0,차대사람 - 기타,안전운전불이행,포장 - 건조,맑음,교차로 - 교차로안,승용,남,29세,기타불명,보행자,남,66세,경상
126,2019050000000000.0,2019년 5월 11일 11시,토요일,서울특별시 강북구 수유동,덕릉로,경상사고,0,0,1,0,차대차 - 추돌,안전거리미확보,포장 - 건조,맑음,기타 - 기타,승용,남,28세,상해없음,승용,여,66세,경상
127,2019010000000000.0,2019년 1월 5일 05시,토요일,서울특별시 강북구 수유동,노해로,경상사고,0,0,1,0,차대차 - 추돌,안전운전불이행,포장 - 건조,맑음,교차로 - 교차로부근,승용,남,33세,상해없음,승용,여,66세,경상
128,2019060000000000.0,2019년 6월 26일 18시,수요일,서울특별시 강북구 우이동,삼양로,중상사고,0,1,0,0,차대사람 - 횡단중,안전운전불이행,포장 - 건조,맑음,교차로 - 교차로안,승용,남,69세,상해없음,보행자,여,66세,중상
129,2019030000000000.0,2019년 3월 23일 08시,토요일,서울특별시 강북구 우이동,삼양로,사망사고,1,0,0,1,차대차 - 추돌,안전운전불이행,포장 - 건조,맑음,교차로 - 교차로안,이륜,남,19세,사망,화물,남,66세,상해없음
130,2019100000000000.0,2019년 10월 29일 06시,화요일,서울특별시 강북구 우이동,삼양로,경상사고,0,0,1,0,차대차 - 측면충돌,신호위반,포장 - 건조,흐림,기타 - 기타,이륜,남,41세,경상,승합,남,66세,상해없음
131,2019060000000000.0,2019년 6월 27일 09시,목요일,서울특별시 강북구 우이동,삼양로173길,경상사고,0,0,1,0,차대차 - 정면충돌,안전운전불이행,포장 - 건조,맑음,단일로 - 기타,승용,남,65세,상해없음,승용,남,66세,상해없음
132,2019100000000000.0,2019년 10월 21일 09시,월요일,서울특별시 강북구 미아동,도봉로,중상사고,0,1,0,0,차대사람 - 기타,안전운전불이행,포장 - 건조,맑음,단일로 - 기타,승합,남,59세,상해없음,보행자,여,65세,중상
133,2019060000000000.0,2019년 6월 10일 15시,월요일,서울특별시 강북구 미아동,도봉로,경상사고,0,0,1,0,차대차 - 기타,기타,포장 - 건조,맑음,단일로 - 기타,승용,남,80세,상해없음,자전거,남,65세,경상
134,2019080000000000.0,2019년 8월 17일 08시,토요일,서울특별시 강북구 미아동,오현로,중상사고,0,1,0,0,차대사람 - 횡단중,보행자보호의무위반,포장 - 건조,맑음,단일로 - 기타,승용,여,43세,상해없음,보행자,여,65세,중상
135,2019010000000000.0,2019년 1월 18일 23시,금요일,서울특별시 강북구 미아동,오패산로,중상사고,0,1,0,0,차대사람 - 횡단중,안전운전불이행,포장 - 건조,맑음,교차로 - 교차로부근,승용,남,39세,상해없음,보행자,여,65세,중상
136,2019080000000000.0,2019년 8월 14일 11시,수요일,서울특별시 강북구 미아동,인수봉로,중상사고,0,1,0,0,차대차 - 추돌,안전운전불이행,포장 - 건조,맑음,교차로 - 교차로부근,이륜,남,27세,중상,승용,남,65세,기타불명
137,2019050000000000.0,2019년 5월 8일 04시,수요일,서울특별시 강북구 미아동,도봉로,경상사고,0,0,1,0,차대차 - 기타,안전거리미확보,포장 - 건조,맑음,단일로 - 기타,승용,여,50세,상해없음,승합,남,65세,경상
138,2019080000000000.0,2019년 8월 21일 20시,수요일,서울특별시 강북구 미아동,도봉로,경상사고,0,0,1,0,차대사람 - 횡단중,보행자보호의무위반,포장 - 건조,맑음,단일로 - 기타,승용,남,69세,상해없음,보행자,남,65세,경상
139,2019060000000000.0,2019년 6월 24일 16시,월요일,서울특별시 강북구 번동,돌곶이로,경상사고,0,0,2,0,차대차 - 기타,교차로운행방법위반,포장 - 건조,흐림,교차로 - 교차로안,승용,남,63세,상해없음,승합,남,65세,상해없음
140,2019060000000000.0,2019년 6월 21일 10시,금요일,서울특별시 강북구 번동,한천로,중상사고,0,1,0,0,차대사람 - 횡단중,안전운전불이행,포장 - 건조,맑음,단일로 - 기타,이륜,남,31세,상해없음,보행자,여,65세,중상
141,2019010000000000.0,2019년 1월 16일 05시,수요일,서울특별시 강북구 수유동,도봉로,경상사고,0,0,1,0,차대차 - 정면충돌,신호위반,포장 - 건조,맑음,교차로 - 교차로안,승용,남,57세,상해없음,승용,남,65세,경상
142,2019100000000000.0,2019년 10월 15일 19시,화요일,서울특별시 강북구 수유동,덕릉로19길,경상사고,0,0,3,0,차대차 - 기타,안전운전불이행,포장 - 건조,흐림,교차로 - 교차로안,승용,남,39세,상해없음,승용,남,65세,경상
143,2019050000000000.0,2019년 5월 18일 17시,토요일,서울특별시 강북구 수유동,노해로,경상사고,0,0,1,0,차대차 - 추돌,안전거리미확보,포장 - 건조,맑음,교차로 - 교차로횡단보도내,이륜,남,33세,경상,승용,남,65세,상해없음
144,2019040000000000.0,2019년 4월 17일 14시,수요일,서울특별시 강북구 수유동,삼양로,경상사고,0,0,1,0,차대차 - 추돌,안전운전불이행,포장 - 건조,맑음,교차로 - 교차로안,승용,남,53세,상해없음,화물,남,65세,경상
145,2019050000000000.0,2019년 5월 9일 01시,목요일,서울특별시 강북구 수유동,솔매로45길,경상사고,0,0,2,0,차대차 - 측면충돌,직진우회전진행방해,포장 - 건조,흐림,교차로 - 교차로안,승합,남,55세,상해없음,승용,남,65세,경상
146,2019060000000000.0,2019년 6월 29일 05시,토요일,서울특별시 강북구 수유동,한천로139길,경상사고,0,0,1,0,차대차 - 측면충돌,직진우회전진행방해,포장 - 젖음/습기,비,교차로 - 교차로안,승용,남,37세,상해없음,이륜,남,65세,경상
0,2019120000000000.0,2019년 12월 16일 13시,월요일,서울특별시 강서구 마곡동,마곡중앙8로1길,중상사고,0,1,0,0,차대차 - 측면충돌,신호위반,포장 - 건조,맑음,교차로 - 교차로안,화물,남,66세,상해없음,이륜,남,86세,중상
1,2019030000000000.0,2019년 3월 27일 10시,수요일,서울특별시 강서구 가양동,양천로49길,중상사고,0,1,0,0,차대사람 - 기타,안전운전불이행,포장 - 건조,맑음,단일로 - 기타,승용,남,28세,상해없음,보행자,남,85세,중상
2,2019110000000000.0,2019년 11월 29일 17시,금요일,서울특별시 강서구 방화동,양천로24길,중상사고,0,1,0,0,차대사람 - 횡단중,안전운전불이행,포장 - 건조,맑음,교차로 - 교차로안,기타불명,기타불명,미분류,기타불명,보행자,여,85세,중상
3,2019050000000000.0,2019년 5월 23일 14시,목요일,서울특별시 강서구 등촌동,공항대로39길,부상신고사고,0,0,0,1,차대차 - 측면충돌,기타,포장 - 건조,맑음,교차로 - 교차로횡단보도내,자전거,남,66세,부상신고,자전거,남,84세,상해없음
4,2019120000000000.0,2019년 12월 11일 12시,수요일,서울특별시 강서구 화곡동,곰달래로,중상사고,0,1,0,0,차대사람 - 차도통행중,안전운전불이행,포장 - 건조,맑음,교차로 - 교차로부근,화물,남,37세,상해없음,보행자,여,83세,중상
5,2019100000000000.0,2019년 10월 28일 05시,월요일,서울특별시 강서구 공항동,남부순환로,사망사고,1,0,0,0,차대사람 - 차도통행중,안전운전불이행,포장 - 건조,맑음,교차로 - 교차로부근,승용,남,61세,상해없음,보행자,여,82세,사망
6,2019080000000000.0,2019년 8월 1일 16시,목요일,서울특별시 강서구 등촌동,화곡로69길,중상사고,0,1,0,0,차대사람 - 횡단중,신호위반,포장 - 건조,맑음,교차로 - 교차로부근,승용,남,53세,상해없음,보행자,여,81세,중상
7,2019020000000000.0,2019년 2월 1일 16시,금요일,서울특별시 강서구 화곡동,강서로,중상사고,0,1,0,0,차대사람 - 기타,안전운전불이행,포장 - 건조,맑음,단일로 - 기타,승합,남,40세,상해없음,보행자,여,81세,중상
8,2019110000000000.0,2019년 11월 11일 11시,월요일,서울특별시 강서구 염창동,올림픽대로,경상사고,0,0,1,0,차대차 - 기타,차로위반,포장 - 건조,맑음,단일로 - 기타,승용,남,33세,상해없음,승용,남,80세,경상
9,2019010000000000.0,2019년 1월 3일 20시,목요일,서울특별시 강서구 염창동,올림픽대로,중상사고,0,1,0,0,차대사람 - 차도통행중,안전운전불이행,포장 - 건조,맑음,단일로 - 기타,승용,남,66세,상해없음,보행자,여,80세,중상
10,2019080000000000.0,2019년 8월 27일 12시,화요일,서울특별시 강서구 등촌동,양천로,경상사고,0,0,1,0,차대사람 - 기타,안전운전불이행,포장 - 건조,맑음,기타 - 기타,자전거,남,78세,상해없음,보행자,여,80세,경상
11,2019060000000000.0,2019년 6월 24일 10시,월요일,서울특별시 강서구 등촌동,등촌로51길,중상사고,0,1,0,0,차대사람 - 차도통행중,안전운전불이행,포장 - 건조,맑음,교차로 - 교차로안,승용,여,41세,상해없음,보행자,여,80세,중상
12,2019110000000000.0,2019년 11월 16일 19시,토요일,서울특별시 강서구 화곡동,화곡로,경상사고,0,0,1,0,차대사람 - 기타,안전운전불이행,포장 - 건조,맑음,단일로 - 기타,승용,남,54세,상해없음,보행자,여,80세,경상
13,2019020000000000.0,2019년 2월 16일 21시,토요일,서울특별시 강서구 화곡동,강서로17길,중상사고,0,1,0,0,차대차 - 측면충돌,안전운전불이행,포장 - 건조,맑음,단일로 - 기타,승용,남,50세,상해없음,자전거,남,80세,중상
14,2019050000000000.0,2019년 5월 14일 16시,화요일,서울특별시 강서구 화곡동,가로공원로,사망사고,1,0,0,0,차대차 - 측면충돌,신호위반,포장 - 건조,맑음,단일로 - 기타,승합,남,58세,상해없음,자전거,남,80세,사망
15,2019040000000000.0,2019년 4월 29일 05시,월요일,서울특별시 강서구 방화동,초원로,경상사고,0,0,1,0,차대사람 - 횡단중,신호위반,포장 - 건조,맑음,교차로 - 교차로횡단보도내,승용,남,55세,상해없음,보행자,남,80세,경상
16,2019080000000000.0,2019년 8월 30일 14시,금요일,서울특별시 강서구 화곡동,곰달래로,중상사고,0,1,0,0,차대사람 - 차도통행중,안전운전불이행,포장 - 건조,맑음,단일로 - 기타,이륜,남,29세,상해없음,보행자,여,79세,중상
17,2019050000000000.0,2019년 5월 29일 10시,수요일,서울특별시 강서구 화곡동,화곡로,부상신고사고,0,0,0,1,차대차 - 기타,신호위반,포장 - 건조,맑음,교차로 - 교차로부근,이륜,남,42세,부상신고,승용,남,79세,상해없음
18,2019040000000000.0,2019년 4월 19일 17시,금요일,서울특별시 강서구 화곡동,등촌로,중상사고,0,1,0,0,차대차 - 기타,안전운전불이행,포장 - 건조,맑음,단일로 - 기타,승용,남,65세,상해없음,자전거,남,79세,중상
19,2019100000000000.0,2019년 10월 28일 12시,월요일,서울특별시 강서구 화곡동,강서로18길,경상사고,0,0,1,0,차대사람 - 횡단중,보행자보호의무위반,포장 - 건조,맑음,교차로 - 교차로횡단보도내,승용,여,36세,상해없음,보행자,여,79세,경상
20,2019030000000000.0,2019년 3월 19일 13시,화요일,서울특별시 강서구 가양동,양천로49길,중상사고,0,3,0,0,차대사람 - 횡단중,보행자보호의무위반,포장 - 건조,맑음,교차로 - 교차로횡단보도내,화물,남,54세,상해없음,보행자,여,79세,중상
21,2019110000000000.0,2019년 11월 5일 05시,화요일,서울특별시 강서구 방화동,금낭화로,사망사고,1,0,0,0,차대사람 - 기타,안전운전불이행,포장 - 건조,맑음,단일로 - 기타,승합,남,53세,상해없음,보행자,여,79세,사망
22,2019020000000000.0,2019년 2월 14일 17시,목요일,서울특별시 강서구 화곡동,국회대로7길,경상사고,0,0,1,0,차대사람 - 길가장자리구역통행중,안전운전불이행,포장 - 건조,맑음,단일로 - 기타,승용,남,25세,상해없음,보행자,남,78세,경상
23,2019030000000000.0,2019년 3월 20일 13시,수요일,서울특별시 강서구 화곡동,곰달래로49길,사망사고,1,0,0,0,차대사람 - 기타,안전운전불이행,포장 - 건조,맑음,단일로 - 기타,화물,남,35세,상해없음,보행자,여,78세,사망
24,2019110000000000.0,2019년 11월 16일 19시,토요일,서울특별시 강서구 가양동,양천로47길,경상사고,0,0,1,0,차대사람 - 차도통행중,안전운전불이행,포장 - 건조,흐림,교차로 - 교차로부근,화물,남,47세,기타불명,보행자,남,78세,경상
25,2019120000000000.0,2019년 12월 17일 11시,화요일,서울특별시 강서구 마곡동,마곡중앙로,경상사고,0,0,1,0,차대차 - 측면충돌,안전운전불이행,포장 - 젖음/습기,비,교차로 - 교차로횡단보도내,승용,여,29세,상해없음,자전거,남,78세,경상
26,2019030000000000.0,2019년 3월 20일 05시,수요일,서울특별시 강서구 방화동,양천로27길,경상사고,0,0,1,0,차대사람 - 횡단중,보행자보호의무위반,포장 - 건조,맑음,교차로 - 교차로횡단보도내,승용,남,41세,상해없음,보행자,여,78세,경상
27,2019040000000000.0,2019년 4월 17일 20시,수요일,서울특별시 강서구 화곡동,곰달래로,중상사고,0,1,0,0,차대차 - 측면충돌,안전운전불이행,포장 - 건조,맑음,단일로 - 기타,승용,남,59세,상해없음,자전거,여,77세,중상
28,2019070000000000.0,2019년 7월 9일 12시,화요일,서울특별시 강서구 화곡동,까치산로,중상사고,0,1,0,0,차대사람 - 횡단중,안전운전불이행,포장 - 건조,맑음,교차로 - 교차로안,화물,남,46세,상해없음,보행자,여,77세,중상
29,2019010000000000.0,2019년 1월 31일 02시,목요일,서울특별시 강서구 화곡동,화곡로,경상사고,0,0,1,0,차대사람 - 보도통행중,안전운전불이행,포장 - 건조,맑음,단일로 - 기타,승용,남,46세,상해없음,보행자,남,77세,경상
30,2019100000000000.0,2019년 10월 27일 18시,일요일,서울특별시 강서구 방화동,방화동로,중상사고,0,1,0,0,차대사람 - 횡단중,안전운전불이행,포장 - 건조,맑음,단일로 - 기타,승용,남,68세,상해없음,보행자,여,77세,중상
31,2019060000000000.0,2019년 6월 21일 20시,금요일,서울특별시 강서구 방화동,금낭화로,부상신고사고,0,0,0,1,차대사람 - 차도통행중,안전운전불이행,포장 - 건조,흐림,교차로 - 교차로안,승용,남,41세,상해없음,보행자,여,77세,부상신고
32,2019010000000000.0,2019년 1월 5일 19시,토요일,서울특별시 강서구 방화동,양천로,경상사고,0,0,1,0,차대사람 - 횡단중,과속,포장 - 건조,맑음,교차로 - 교차로부근,승용,남,28세,상해없음,보행자,남,77세,경상
33,2019010000000000.0,2019년 1월 24일 12시,목요일,서울특별시 강서구 등촌동,공항대로41길,중상사고,0,1,0,0,차대사람 - 기타,보행자보호의무위반,포장 - 건조,맑음,단일로 - 기타,화물,남,63세,상해없음,보행자,남,76세,중상
34,2019070000000000.0,2019년 7월 30일 08시,화요일,서울특별시 강서구 등촌동,강서로56길,경상사고,0,0,1,0,차대차 - 측면충돌,신호위반,포장 - 건조,흐림,교차로 - 교차로안,승용,남,60세,상해없음,승용,남,76세,경상
35,2019120000000000.0,2019년 12월 14일 15시,토요일,서울특별시 강서구 등촌동,양천로,중상사고,0,1,0,0,차대사람 - 횡단중,안전운전불이행,포장 - 건조,맑음,교차로 - 교차로안,승용,남,65세,상해없음,보행자,여,76세,중상
36,2019010000000000.0,2019년 1월 4일 01시,금요일,서울특별시 강서구 마곡동,공항대로,경상사고,0,0,2,0,차대차 - 기타,신호위반,포장 - 건조,맑음,교차로 - 교차로안,승용,남,68세,상해없음,승용,남,76세,상해없음
37,2019110000000000.0,2019년 11월 3일 05시,일요일,서울특별시 강서구 방화동,금낭화로,중상사고,0,1,0,0,차대사람 - 횡단중,안전운전불이행,포장 - 건조,맑음,교차로 - 교차로횡단보도내,승용,남,63세,상해없음,보행자,여,76세,중상
38,2019100000000000.0,2019년 10월 28일 15시,월요일,서울특별시 강서구 방화동,양천로,사망사고,1,0,2,0,차대차 - 측면충돌,과속,포장 - 건조,맑음,교차로 - 교차로안,승용,남,21세,경상,승용,남,76세,사망
39,2019120000000000.0,2019년 12월 2일 17시,월요일,서울특별시 강서구 등촌동,강서로68길,경상사고,0,0,2,0,차대차 - 정면충돌,중앙선침범,포장 - 건조,기타,단일로 - 기타,승용,여,45세,상해없음,승용,남,75세,경상
40,2019090000000000.0,2019년 9월 25일 18시,수요일,서울특별시 강서구 화곡동,곰달래로53길,중상사고,0,1,0,0,차대사람 - 기타,안전운전불이행,포장 - 건조,맑음,단일로 - 기타,승용,남,35세,상해없음,보행자,여,75세,중상
41,2019100000000000.0,2019년 10월 22일 11시,화요일,서울특별시 강서구 화곡동,곰달래로49길,경상사고,0,0,1,0,차대사람 - 기타,안전운전불이행,포장 - 건조,맑음,단일로 - 기타,기타불명,기타불명,미분류,기타불명,보행자,여,75세,경상
42,2019010000000000.0,2019년 1월 31일 12시,목요일,서울특별시 강서구 마곡동,마곡중앙5로,경상사고,0,0,1,0,차대차 - 측면충돌,신호위반,포장 - 건조,맑음,단일로 - 기타,이륜,남,30세,상해없음,자전거,남,75세,경상
43,2019070000000000.0,2019년 7월 15일 12시,월요일,서울특별시 강서구 공항동,공항대로,중상사고,0,1,0,0,차대사람 - 기타,기타,포장 - 건조,맑음,단일로 - 기타,승합,남,49세,상해없음,보행자,남,75세,중상
44,2019030000000000.0,2019년 3월 8일 13시,금요일,서울특별시 강서구 공항동,발산로,중상사고,0,1,0,0,차대사람 - 차도통행중,안전운전불이행,포장 - 건조,맑음,단일로 - 기타,건설기계,남,56세,상해없음,보행자,여,75세,중상
45,2019110000000000.0,2019년 11월 4일 06시,월요일,서울특별시 강서구 공항동,수원문산고속도로,중상사고,0,1,0,0,차대차 - 측면충돌,신호위반,포장 - 건조,맑음,교차로 - 교차로횡단보도내,이륜,남,54세,상해없음,자전거,남,75세,중상
46,2019090000000000.0,2019년 9월 28일 13시,토요일,서울특별시 강서구 등촌동,화곡로65길,중상사고,0,1,1,0,차대차 - 측면충돌,과속,포장 - 건조,맑음,교차로 - 교차로안,승용,남,41세,경상,화물,남,74세,중상