,사고번호,사고일시,요일,시군구,도로명,사고내용,사망자수,중상자수,경상자수,부상신고자수,사고유형,법규위반,노면상태,기상상태,도로형태,가해운전자 차종,가해운전자 성별,가해운전자 연령,가해운전자 상해정도,피해운전자 차종,피해운전자 성별,피해운전자 연령,피해운전자 상해정도
47,2019050000000000.0,2019년 5월 31일 07시,금요일,서울특별시 강서구 등촌동,화곡로,중상사고,0,1,0,0,차대사람 - 차도통행중,안전운전불이행,포장 - 건조,맑음,교차로 - 교차로부근,승합,남,43세,상해없음,보행자,여,74세,중상
48,2019030000000000.0,2019년 3월 30일 19시,토요일,서울특별시 강서구 등촌동,화곡로,경상사고,0,0,2,0,차대차 - 측면충돌,중앙선침범,포장 - 건조,흐림,교차로 - 교차로부근,승용,남,47세,상해없음,승용,남,74세,경상
49,2019060000000000.0,2019년 6월 28일 10시,금요일,서울특별시 강서구 화곡동,국회대로7길,중상사고,0,1,0,0,차대사람 - 기타,안전운전불이행,포장 - 건조,흐림,교차로 - 교차로안,승용,남,71세,상해없음,보행자,여,74세,중상
50,2019060000000000.0,2019년 6월 20일 18시,목요일,서울특별시 강서구 화곡동,곰달래로,중상사고,0,1,0,0,차대사람 - 기타,안전운전불이행,포장 - 건조,맑음,교차로 - 교차로안,승용,남,65세,상해없음,보행자,여,74세,중상
51,2019040000000000.0,2019년 4월 30일 15시,화요일,서울특별시 강서구 가양동,공항대로,경상사고,0,0,1,0,차대차 - 측면충돌,신호위반,포장 - 건조,맑음,교차로 - 교차로안,원동기,남,53세,경상,승용,남,74세,상해없음
52,2019010000000000.0,2019년 1월 5일 13시,토요일,서울특별시 강서구 마곡동,마곡중앙6로,경상사고,0,0,1,1,차대차 - 측면충돌,직진우회전진행방해,포장 - 건조,맑음,교차로 - 교차로안,화물,남,29세,상해없음,승용,남,74세,경상
53,2019080000000000.0,2019년 8월 31일 18시,토요일,서울특별시 강서구 방화동,수원문산고속도로,경상사고,0,0,1,0,차대사람 - 기타,안전운전불이행,포장 - 건조,맑음,단일로 - 기타,승합,남,53세,상해없음,보행자,여,74세,경상
54,2019050000000000.0,2019년 5월 18일 18시,토요일,서울특별시 강서구 방화동,양천로24길,중상사고,0,1,0,0,차대사람 - 기타,안전운전불이행,포장 - 건조,맑음,단일로 - 기타,승용,남,51세,상해없음,보행자,여,74세,중상
55,2019050000000000.0,2019년 5월 21일 13시,화요일,서울특별시 강서구 화곡동,강서로,경상사고,0,0,1,0,차대차 - 기타,교차로운행방법위반,포장 - 건조,맑음,단일로 - 기타,자전거,남,46세,경상,승용,남,73세,상해없음
56,2019110000000000.0,2019년 11월 21일 18시,목요일,서울특별시 강서구 마곡동,마곡서로,경상사고,0,0,2,0,차대차 - 측면충돌,차로위반,포장 - 건조,맑음,단일로 - 기타,원동기,여,44세,경상,승용,남,73세,경상
57,2019010000000000.0,2019년 1월 10일 19시,목요일,서울특별시 강서구 방화동,양천로24길,중상사고,0,1,0,0,차대사람 - 기타,안전운전불이행,포장 - 건조,맑음,교차로 - 교차로안,화물,남,26세,상해없음,보행자,남,73세,중상
58,2019100000000000.0,2019년 10월 18일 13시,금요일,서울특별시 강서구 방화동,방화동로,중상사고,0,1,0,0,차대차 - 기타,안전운전불이행,포장 - 건조,맑음,단일로 - 기타,승용,여,34세,상해없음,자전거,남,73세,중상
59,2019010000000000.0,2019년 1월 26일 17시,토요일,서울특별시 강서구 방화동,초원로16길,경상사고,0,0,1,0,차대차 - 측면충돌,안전운전불이행,포장 - 건조,맑음,교차로 - 교차로횡단보도내,자전거,남,45세,경상,승용,남,73세,상해없음
60,2019030000000000.0,2019년 3월 26일 06시,화요일,서울특별시 강서구 등촌동,공항대로59길,중상사고,0,1,0,0,차대사람 - 길가장자리구역통행중,중앙선침범,포장 - 건조,맑음,교차로 - 교차로안,화물,남,46세,상해없음,보행자,남,72세,중상
61,2019020000000000.0,2019년 2월 22일 15시,금요일,서울특별시 강서구 등촌동,공항대로,경상사고,0,0,2,0,차대차 - 기타,신호위반,포장 - 건조,맑음,단일로 - 기타,승합,남,59세,상해없음,승용,남,72세,경상
62,2019070000000000.0,2019년 7월 28일 13시,일요일,서울특별시 강서구 화곡동,까치산로,중상사고,0,1,0,0,차대사람 - 횡단중,안전운전불이행,포장 - 젖음/습기,비,단일로 - 기타,승합,남,69세,상해없음,보행자,여,72세,중상
63,2019070000000000.0,2019년 7월 16일 19시,화요일,서울특별시 강서구 화곡동,강서로18다길,경상사고,0,0,1,0,차대사람 - 기타,안전운전불이행,포장 - 기타,맑음,단일로 - 기타,승용,남,70세,상해없음,보행자,남,72세,경상
64,2019030000000000.0,2019년 3월 8일 10시,금요일,서울특별시 강서구 화곡동,강서로,중상사고,0,1,0,0,차대사람 - 기타,안전운전불이행,포장 - 건조,맑음,단일로 - 기타,승합,남,44세,상해없음,보행자,여,72세,중상
65,2019100000000000.0,2019년 10월 26일 15시,토요일,서울특별시 강서구 화곡동,국회대로7길,경상사고,0,0,1,0,차대차 - 기타,안전운전불이행,포장 - 건조,맑음,단일로 - 기타,승용,남,47세,상해없음,승용,남,72세,경상
66,2019010000000000.0,2019년 1월 3일 09시,목요일,서울특별시 강서구 화곡동,곰달래로31길,중상사고,0,1,0,0,차대사람 - 횡단중,보행자보호의무위반,포장 - 건조,맑음,교차로 - 교차로부근,승용,여,24세,상해없음,보행자,여,72세,중상
67,2019110000000000.0,2019년 11월 23일 16시,토요일,서울특별시 강서구 화곡동,화곡로,경상사고,0,0,1,0,차대차 - 기타,중앙선침범,포장 - 건조,흐림,단일로 - 기타,이륜,남,19세,상해없음,자전거,남,72세,경상
68,2019100000000000.0,2019년 10월 16일 09시,수요일,서울특별시 강서구 가양동,양천로55길,경상사고,0,0,1,0,차대차 - 측면충돌,안전운전불이행,포장 - 건조,맑음,교차로 - 교차로부근,승용,남,37세,상해없음,자전거,남,72세,경상
69,2019100000000000.0,2019년 10월 18일 00시,금요일,서울특별시 강서구 가양동,곰달래로,경상사고,0,0,1,0,차대차 - 측면충돌,신호위반,포장 - 건조,맑음,교차로 - 교차로안,이륜,남,76세,경상,승용,남,72세,상해없음
70,2019030000000000.0,2019년 3월 16일 02시,토요일,서울특별시 강서구 마곡동,마곡중앙6로,경상사고,0,0,1,0,차대차 - 측면충돌,직진우회전진행방해,포장 - 건조,맑음,교차로 - 교차로안,승용,남,53세,상해없음,화물,남,72세,상해없음
71,2019070000000000.0,2019년 7월 23일 16시,화요일,서울특별시 강서구 내발산동,공항대로,경상사고,0,0,1,0,차대차 - 측면충돌,안전운전불이행,포장 - 기타,맑음,기타 - 기타,승용,여,29세,상해없음,자전거,남,72세,경상
72,2019040000000000.0,2019년 4월 13일 08시,토요일,서울특별시 강서구 공항동,공항대로,경상사고,0,0,1,0,차대사람 - 기타,안전운전불이행,포장 - 건조,맑음,기타 - 기타,승용,남,55세,상해없음,보행자,여,72세,경상
73,2019090000000000.0,2019년 9월 24일 17시,화요일,서울특별시 강서구 공항동,공항대로,경상사고,0,0,1,0,차대사람 - 기타,안전운전불이행,포장 - 건조,맑음,단일로 - 기타,승용,남,49세,상해없음,보행자,여,72세,경상
74,2019080000000000.0,2019년 8월 9일 19시,금요일,서울특별시 강서구 공항동,공항대로,경상사고,0,0,1,0,차대사람 - 기타,안전운전불이행,포장 - 건조,맑음,단일로 - 기타,승합,남,56세,상해없음,보행자,여,72세,경상
75,2019030000000000.0,2019년 3월 28일 09시,목요일,서울특별시 강서구 방화동,방화동로,중상사고,0,1,0,0,차대사람 - 횡단중,안전운전불이행,포장 - 건조,맑음,교차로 - 교차로안,화물,남,40세,상해없음,보행자,남,72세,중상
76,2019010000000000.0,2019년 1월 8일 04시,화요일,서울특별시 강서구 염창동,양천로,사망사고,1,0,0,0,차대사람 - 횡단중,안전운전불이행,포장 - 건조,맑음,교차로 - 교차로안,승용,남,25세,상해없음,보행자,남,71세,사망
77,2019050000000000.0,2019년 5월 31일 06시,금요일,서울특별시 강서구 화곡동,곰달래로,부상신고사고,0,0,0,1,차대사람 - 횡단중,안전운전불이행,포장 - 건조,맑음,단일로 - 기타,승용,남,64세,상해없음,보행자,남,71세,부상신고
78,2019050000000000.0,2019년 5월 22일 13시,수요일,서울특별시 강서구 화곡동,등촌로13길,경상사고,0,0,1,0,차대사람 - 기타,안전운전불이행,포장 - 건조,맑음,단일로 - 기타,승용,여,35세,상해없음,보행자,남,71세,경상
79,2019060000000000.0,2019년 6월 3일 00시,월요일,서울특별시 강서구 화곡동,화곡로,경상사고,0,0,1,0,차대차 - 측면충돌,안전운전불이행,포장 - 건조,흐림,교차로 - 교차로안,승용,남,36세,상해없음,승용,남,71세,경상
80,2019120000000000.0,2019년 12월 14일 23시,토요일,서울특별시 강서구 화곡동,우현로,중상사고,0,1,0,0,차대사람 - 횡단중,신호위반,포장 - 건조,맑음,교차로 - 교차로부근,이륜,남,17세,상해없음,보행자,남,71세,중상
81,2019070000000000.0,2019년 7월 3일 17시,수요일,서울특별시 강서구 화곡동,공항대로,부상신고사고,0,0,0,1,차대차 - 기타,안전운전불이행,포장 - 건조,맑음,교차로 - 교차로안,원동기,남,27세,부상신고,화물,남,71세,상해없음
82,2019030000000000.0,2019년 3월 10일 16시,일요일,서울특별시 강서구 마곡동,양천로,경상사고,0,0,1,0,차대차 - 기타,안전운전불이행,포장 - 건조,맑음,기타 - 기타,승용,남,80세,상해없음,자전거,남,71세,경상
83,2019010000000000.0,2019년 1월 17일 10시,목요일,서울특별시 강서구 마곡동,마곡중앙6로,중상사고,0,1,2,0,차대차 - 측면충돌,직진우회전진행방해,포장 - 건조,맑음,교차로 - 교차로안,승용,남,58세,경상,승용,남,71세,경상
84,2019090000000000.0,2019년 9월 17일 10시,화요일,서울특별시 강서구 마곡동,마곡중앙1로,경상사고,0,0,2,0,차대차 - 추돌,안전운전불이행,포장 - 건조,맑음,교차로 - 교차로안,화물,남,69세,상해없음,승용,남,71세,경상
85,2019050000000000.0,2019년 5월 23일 13시,목요일,서울특별시 강서구 공항동,수원문산고속도로,경상사고,0,0,2,0,차대차 - 측면충돌,신호위반,포장 - 건조,맑음,교차로 - 교차로안,화물,남,41세,기타불명,승용,남,71세,경상
86,2019030000000000.0,2019년 3월 30일 04시,토요일,서울특별시 강서구 방화동,초원로,중상사고,0,1,0,0,차대사람 - 횡단중,보행자보호의무위반,포장 - 젖음/습기,비,교차로 - 교차로횡단보도내,승용,남,57세,상해없음,보행자,여,71세,중상
87,2019050000000000.0,2019년 5월 4일 10시,토요일,서울특별시 강서구 개화동,개화동로,경상사고,0,0,1,0,차대차 - 측면충돌,안전거리미확보,포장 - 건조,맑음,단일로 - 기타,승용,남,73세,상해없음,승용,남,71세,경상
88,2019010000000000.0,2019년 1월 25일 19시,금요일,서울특별시 강서구 등촌동,등촌로,중상사고,0,1,0,0,차대사람 - 보도통행중,기타,포장 - 건조,맑음,단일로 - 기타,승용,여,58세,상해없음,보행자,여,70세,중상
89,2019060000000000.0,2019년 6월 20일 00시,목요일,서울특별시 강서구 등촌동,화곡로,경상사고,0,0,1,0,차대차 - 측면충돌,안전거리미확보,포장 - 건조,맑음,단일로 - 기타,승용,여,23세,상해없음,승용,남,70세,상해없음
90,2019060000000000.0,2019년 6월 30일 04시,일요일,서울특별시 강서구 화곡동,가로공원로,경상사고,0,0,1,0,차대차 - 추돌,중앙선침범,포장 - 건조,흐림,교차로 - 교차로부근,승용,남,30세,상해없음,승용,남,70세,경상
91,2019080000000000.0,2019년 8월 25일 20시,일요일,서울특별시 강서구 화곡동,화곡로,경상사고,0,0,1,0,차대차 - 측면충돌,안전운전불이행,포장 - 기타,흐림,교차로 - 교차로안,승합,남,48세,상해없음,자전거,남,70세,경상
92,2019090000000000.0,2019년 9월 8일 20시,일요일,서울특별시 강서구 화곡동,강서로18길,중상사고,0,1,0,0,차대사람 - 기타,안전운전불이행,포장 - 건조,맑음,교차로 - 교차로안,승용,남,64세,상해없음,보행자,여,70세,중상
93,2019080000000000.0,2019년 8월 8일 09시,목요일,서울특별시 강서구 화곡동,화곡로,중상사고,0,1,0,0,차대사람 - 차도통행중,안전운전불이행,포장 - 기타,맑음,교차로 - 교차로안,승용,남,62세,상해없음,보행자,남,70세,중상
94,2019030000000000.0,2019년 3월 16일 12시,토요일,서울특별시 강서구 화곡동,화곡로58길,경상사고,0,0,1,0,차대차 - 기타,안전운전불이행,포장 - 건조,맑음,단일로 - 기타,이륜,남,19세,경상,승용,남,70세,상해없음
95,2019090000000000.0,2019년 9월 10일 08시,화요일,서울특별시 강서구 화곡동,월정로,중상사고,0,2,0,0,차대차 - 기타,직진우회전진행방해,포장 - 건조,맑음,교차로 - 교차로안,승용,여,32세,상해없음,이륜,남,70세,중상
96,2019030000000000.0,2019년 3월 24일 13시,일요일,서울특별시 강서구 마곡동,공항대로,경상사고,0,0,1,0,차대차 - 기타,안전운전불이행,포장 - 건조,맑음,교차로 - 교차로부근,이륜,남,19세,경상,승합,남,70세,상해없음
97,2019040000000000.0,2019년 4월 9일 07시,화요일,서울특별시 강서구 마곡동,마곡중앙6로,부상신고사고,0,0,0,1,차대차 - 측면충돌,기타,포장 - 건조,맑음,교차로 - 교차로안,승용,여,33세,상해없음,승용,남,70세,부상신고
98,2019080000000000.0,2019년 8월 2일 21시,금요일,서울특별시 강서구 방화동,양천로,중상사고,0,1,1,0,차대차 - 기타,중앙선침범,포장 - 건조,맑음,교차로 - 교차로부근,승용,남,51세,상해없음,승합,남,70세,상해없음
99,2019090000000000.0,2019년 9월 6일 12시,금요일,서울특별시 강서구 방화동,개화동로,중상사고,0,1,0,0,차대사람 - 횡단중,안전운전불이행,포장 - 건조,맑음,단일로 - 기타,이륜,남,40세,중상,보행자,여,70세,상해없음
100,2019030000000000.0,2019년 3월 17일 11시,일요일,서울특별시 강서구 방화동,방화대로,경상사고,0,0,2,0,차대차 - 정면충돌,신호위반,포장 - 건조,맑음,교차로 - 교차로안,이륜,남,22세,경상,승용,남,70세,경상
101,2019080000000000.0,2019년 8월 25일 18시,일요일,서울특별시 강서구 등촌동,공항대로,경상사고,0,0,1,0,차대차 - 기타,안전운전불이행,포장 - 건조,맑음,교차로 - 교차로부근,승용,남,72세,상해없음,자전거,남,69세,경상
102,2019090000000000.0,2019년 9월 21일 18시,토요일,서울특별시 강서구 등촌동,화곡로,경상사고,0,0,1,0,차대사람 - 횡단중,보행자보호의무위반,포장 - 건조,흐림,기타 - 기타,이륜,남,22세,상해없음,보행자,여,69세,경상
103,2019120000000000.0,2019년 12월 31일 21시,화요일,서울특별시 강서구 화곡동,까치산로,중상사고,0,1,0,0,차대사람 - 기타,안전운전불이행,포장 - 건조,맑음,단일로 - 기타,승용,여,45세,상해없음,보행자,여,69세,중상
104,2019060000000000.0,2019년 6월 28일 18시,금요일,서울특별시 강서구 화곡동,곰달래로53길,경상사고,0,0,1,0,차대사람 - 기타,안전운전불이행,포장 - 건조,흐림,단일로 - 기타,승용,여,28세,상해없음,보행자,여,69세,경상
105,2019020000000000.0,2019년 2월 27일 18시,수요일,서울특별시 강서구 가양동,올림픽대로,경상사고,0,0,1,0,차대차 - 측면충돌,안전거리미확보,포장 - 건조,맑음,단일로 - 기타,승용,여,42세,상해없음,승용,남,69세,상해없음
106,2019030000000000.0,2019년 3월 25일 12시,월요일,서울특별시 강서구 가양동,양천로,중상사고,0,1,0,0,차대사람 - 기타,안전운전불이행,포장 - 건조,맑음,단일로 - 기타,승용,남,58세,상해없음,보행자,남,69세,중상
107,2019080000000000.0,2019년 8월 30일 07시,금요일,서울특별시 강서구 가양동,화곡로73길,중상사고,0,1,0,0,차대사람 - 기타,안전운전불이행,포장 - 기타,맑음,단일로 - 기타,자전거,남,36세,상해없음,보행자,여,69세,중상
108,2019030000000000.0,2019년 3월 19일 05시,화요일,서울특별시 강서구 방화동,공항대로,경상사고,0,0,2,0,차대차 - 측면충돌,신호위반,포장 - 건조,맑음,단일로 - 기타,승용,남,73세,상해없음,승용,남,69세,경상
109,2019030000000000.0,2019년 3월 5일 08시,화요일,서울특별시 강서구 방화동,양천로27길,경상사고,0,0,1,0,차대차 - 추돌,안전운전불이행,포장 - 건조,맑음,단일로 - 기타,승용,남,27세,상해없음,승용,남,69세,경상
110,2019010000000000.0,2019년 1월 2일 21시,수요일,서울특별시 강서구 염창동,양천로,중상사고,0,1,1,0,차대차 - 기타,신호위반,포장 - 건조,맑음,교차로 - 교차로안,승용,여,47세,상해없음,승용,남,68세,경상
111,2019070000000000.0,2019년 7월 16일 17시,화요일,서울특별시 강서구 화곡동,곰달래로53길,경상사고,0,0,1,0,차대사람 - 길가장자리구역통행중,안전운전불이행,포장 - 건조,맑음,단일로 - 기타,승용,여,70세,상해없음,보행자,여,68세,경상
112,2019110000000000.0,2019년 11월 27일 23시,수요일,서울특별시 강서구 화곡동,강서로5나길,경상사고,0,0,3,0,차대차 - 측면충돌,안전운전불이행,포장 - 건조,기타,교차로 - 교차로안,승용,남,24세,상해없음,승용,남,68세,경상
113,2019020000000000.0,2019년 2월 2일 04시,토요일,서울특별시 강서구 화곡동,곰달래로,경상사고,0,0,1,0,차대차 - 추돌,안전운전불이행,포장 - 건조,흐림,교차로 - 교차로안,승용,남,33세,상해없음,승용,남,68세,경상
114,2019040000000000.0,2019년 4월 22일 23시,월요일,서울특별시 강서구 화곡동,초록마을로,경상사고,0,0,2,0,차대차 - 측면충돌,직진우회전진행방해,포장 - 건조,맑음,교차로 - 교차로안,승용,남,25세,경상,승용,남,68세,경상
115,2019070000000000.0,2019년 7월 25일 13시,목요일,서울특별시 강서구 화곡동,강서로,경상사고,0,0,1,0,차대차 - 기타,안전운전불이행,포장 - 젖음/습기,비,단일로 - 기타,승용,남,64세,상해없음,승용,남,68세,경상
116,2019080000000000.0,2019년 8월 16일 10시,금요일,서울특별시 강서구 화곡동,강서로5길,경상사고,0,0,1,0,차대차 - 기타,안전운전불이행,포장 - 젖음/습기,비,교차로 - 교차로부근,화물,남,60세,상해없음,승용,남,68세,경상
117,2019010000000000.0,2019년 1월 24일 19시,목요일,서울특별시 강서구 화곡동,화곡로,경상사고,0,0,2,0,차대차 - 측면충돌,차로위반,포장 - 건조,맑음,단일로 - 기타,승용,남,41세,경상,승용,남,68세,경상
118,2019120000000000.0,2019년 12월 12일 16시,목요일,서울특별시 강서구 화곡동,곰달래로,중상사고,0,1,0,0,차대사람 - 횡단중,중앙선침범,포장 - 건조,맑음,단일로 - 기타,승용,남,36세,상해없음,보행자,여,68세,중상
119,2019090000000000.0,2019년 9월 17일 00시,화요일,서울특별시 강서구 화곡동,화곡로,경상사고,0,0,4,1,차대차 - 기타,안전운전불이행,포장 - 건조,맑음,단일로 - 기타,원동기,남,22세,부상신고,승용,남,68세,상해없음
120,2019080000000000.0,2019년 8월 30일 15시,금요일,서울특별시 강서구 내발산동,수명로,중상사고,0,1,7,2,차대차 - 추돌,안전운전불이행,포장 - 건조,맑음,단일로 - 기타,승합,여,41세,상해없음,승합,남,68세,경상
121,2019010000000000.0,2019년 1월 17일 18시,목요일,서울특별시 강서구 내발산동,공항대로42길,경상사고,0,0,1,0,차대사람 - 차도통행중,안전운전불이행,포장 - 건조,맑음,교차로 - 교차로부근,승용,여,42세,상해없음,보행자,여,68세,경상
122,2019040000000000.0,2019년 4월 5일 21시,금요일,서울특별시 강서구 공항동,공항대로,경상사고,0,0,2,0,차대차 - 기타,안전운전불이행,포장 - 건조,맑음,단일로 - 기타,승용,남,26세,상해없음,승용,남,68세,경상
123,2019090000000000.0,2019년 9월 10일 13시,화요일,서울특별시 강서구 공항동,공항대로,경상사고,0,0,1,0,차대사람 - 횡단중,신호위반,포장 - 젖음/습기,비,단일로 - 기타,이륜,남,50세,상해없음,보행자,여,68세,경상
124,2019120000000000.0,2019년 12월 12일 06시,목요일,서울특별시 강서구 방화동,하늘길,경상사고,0,0,2,0,차대차 - 측면충돌,신호위반,포장 - 건조,맑음,교차로 - 교차로안,승용,남,63세,상해없음,승용,남,68세,경상
125,2019030000000000.0,2019년 3월 21일 15시,목요일,서울특별시 강서구 방화동,수원문산고속도로,중상사고,0,1,0,0,차대사람 - 차도통행중,안전운전불이행,포장 - 건조,맑음,단일로 - 기타,승용,여,35세,상해없음,보행자,여,68세,중상
126,2019070000000000.0,2019년 7월 31일 07시,수요일,서울특별시 강서구 염창동,공항대로59다길,경상사고,0,0,1,0,차대차 - 측면충돌,안전운전불이행,포장 - 건조,맑음,교차로 - 교차로안,자전거,남,77세,경상,승용,남,67세,상해없음
127,2019070000000000.0,2019년 7월 14일 06시,일요일,서울특별시 강서구 등촌동,공항대로,경상사고,0,0,2,0,차대차 - 추돌,안전운전불이행,포장 - 건조,기타,단일로 - 기타,승용,남,27세,상해없음,승용,남,67세,경상
128,2019080000000000.0,2019년 8월 18일 00시,일요일,서울특별시 강서구 등촌동,공항대로45길,부상신고사고,0,0,0,1,차대사람 - 기타,안전운전불이행,포장 - 건조,흐림,단일로 - 기타,이륜,남,35세,부상신고,보행자,남,67세,상해없음
129,2019100000000000.0,2019년 10월 14일 12시,월요일,서울특별시 강서구 등촌동,강서로,경상사고,0,0,1,0,차대차 - 측면충돌,안전운전불이행,포장 - 건조,맑음,교차로 - 교차로안,화물,남,57세,상해없음,승용,여,67세,경상
130,2019100000000000.0,2019년 10월 18일 10시,금요일,서울특별시 강서구 화곡동,강서로,중상사고,0,1,0,0,차대사람 - 보도통행중,안전운전불이행,포장 - 건조,맑음,단일로 - 기타,승합,남,59세,기타불명,보행자,여,67세,중상
131,2019080000000000.0,2019년 8월 29일 01시,목요일,서울특별시 강서구 화곡동,강서로,경상사고,0,0,1,0,차대차 - 측면충돌,신호위반,포장 - 건조,맑음,교차로 - 교차로안,승용,남,34세,상해없음,승용,남,67세,경상
132,2019020000000000.0,2019년 2월 13일 07시,수요일,서울특별시 강서구 화곡동,화곡로58길,경상사고,0,0,2,0,차대차 - 추돌,안전운전불이행,포장 - 건조,맑음,단일로 - 기타,승용,남,27세,상해없음,화물,남,67세,경상
133,2019070000000000.0,2019년 7월 8일 22시,월요일,서울특별시 강서구 화곡동,강서로,경상사고,0,0,1,0,차대차 - 추돌,안전운전불이행,포장 - 건조,맑음,기타 - 기타,승용,남,48세,상해없음,승용,남,67세,경상
134,2019020000000000.0,2019년 2월 26일 18시,화요일,서울특별시 강서구 화곡동,화곡로,중상사고,0,1,0,0,차대사람 - 횡단중,안전운전불이행,포장 - 건조,맑음,단일로 - 기타,승용,남,54세,상해없음,보행자,여,67세,중상
135,2019080000000000.0,2019년 8월 12일 05시,월요일,서울특별시 강서구 화곡동,곰달래로,경상사고,0,0,1,0,차대사람 - 횡단중,안전운전불이행,포장 - 젖음/습기,비,단일로 - 기타,승용,남,71세,상해없음,보행자,여,67세,경상
136,2019050000000000.0,2019년 5월 28일 07시,화요일,서울특별시 강서구 화곡동,화곡로15길,경상사고,0,0,1,0,차대사람 - 길가장자리구역통행중,안전운전불이행,포장 - 건조,맑음,단일로 - 기타,승용,남,67세,상해없음,보행자,남,67세,경상
137,2019090000000000.0,2019년 9월 12일 23시,목요일,서울특별시 강서구 화곡동,등촌로13바길,경상사고,0,0,3,0,차대차 - 측면충돌,안전운전불이행,포장 - 젖음/습기,비,교차로 - 교차로안,승합,남,62세,상해없음,승용,남,67세,경상
138,2019100000000000.0,2019년 10월 23일 08시,수요일,서울특별시 강서구 화곡동,화곡로,중상사고,0,1,0,0,차대사람 - 기타,안전운전불이행,포장 - 건조,맑음,단일로 - 기타,승합,남,59세,상해없음,보행자,여,67세,중상
139,2019050000000000.0,2019년 5월 25일 19시,토요일,서울특별시 강서구 화곡동,곰달래로49길,경상사고,0,0,2,0,차대차 - 측면충돌,직진우회전진행방해,포장 - 건조,맑음,교차로 - 교차로안,승용,남,61세,경상,승용,남,67세,경상
140,2019110000000000.0,2019년 11월 1일 14시,금요일,서울특별시 강서구 가양동,허준로,중상사고,0,1,0,0,차대사람 - 횡단중,보행자보호의무위반,포장 - 건조,맑음,교차로 - 교차로안,승용,남,61세,상해없음,보행자,남,67세,중상
141,2019110000000000.0,2019년 11월 8일 20시,금요일,서울특별시 강서구 가양동,양천로,경상사고,0,0,2,0,차대차 - 기타,안전거리미확보,포장 - 건조,맑음,교차로 - 교차로안,승용,남,48세,경상,승용,남,67세,상해없음
142,2019080000000000.0,2019년 8월 20일 09시,화요일,서울특별시 강서구 가양동,양천로,중상사고,0,1,0,0,차대차 - 후진중충돌,안전운전불이행,포장 - 건조,맑음,단일로 - 기타,화물,남,72세,상해없음,자전거,남,67세,중상
143,2019030000000000.0,2019년 3월 16일 17시,토요일,서울특별시 강서구 가양동,화곡로,경상사고,0,0,1,0,차대차 - 측면충돌,안전운전불이행,포장 - 건조,기타,단일로 - 교량,승용,남,46세,상해없음,승용,남,67세,상해없음
144,2019010000000000.0,2019년 1월 5일 12시,토요일,서울특별시 강서구 마곡동,공항대로,경상사고,0,0,1,0,차대차 - 기타,안전운전불이행,포장 - 건조,맑음,단일로 - 기타,승용,남,51세,상해없음,승용,남,67세,경상
145,2019120000000000.0,2019년 12월 11일 18시,수요일,서울특별시 강서구 마곡동,마곡중앙12로,중상사고,0,1,0,0,차대차 - 기타,안전운전불이행,포장 - 기타,흐림,기타 - 기타,승용,여,33세,상해없음,자전거,남,67세,중상
146,2019040000000000.0,2019년 4월 9일 15시,화요일,서울특별시 강서구 내발산동,강서로,경상사고,0,0,1,0,차대사람 - 기타,안전운전불이행,포장 - 건조,맑음,단일로 - 기타,승용,남,50세,상해없음,보행자,여,67세,경상
147,2019090000000000.0,2019년 9월 12일 10시,목요일,서울특별시 강서구 방화동,방화동로,경상사고,0,0,1,0,차대차 - 기타,안전운전불이행,포장 - 건조,맑음,교차로 - 교차로안,승용,남,56세,기타불명,자전거,남,67세,경상
148,2019110000000000.0,2019년 11월 5일 05시,화요일,서울특별시 강서구 방화동,금낭화로,경상사고,0,0,1,0,차대차 - 측면충돌,신호위반,포장 - 건조,맑음,교차로 - 교차로안,승용,남,76세,상해없음,승용,남,67세,경상
149,2019080000000000.0,2019년 8월 1일 08시,목요일,서울특별시 강서구 방화동,금낭화로,경상사고,0,0,1,0,차대사람 - 보도통행중,기타,포장 - 젖음/습기,비,기타 - 기타,화물,남,58세,상해없음,보행자,여,67세,경상
150,2019050000000000.0,2019년 5월 31일 18시,금요일,서울특별시 강서구 방화동,양천로,경상사고,0,0,1,0,차대차 - 기타,안전운전불이행,포장 - 건조,맑음,단일로 - 기타,이륜,남,23세,상해없음,승합,남,67세,경상
151,2019060000000000.0,2019년 6월 24일 11시,월요일,서울특별시 강서구 개화동,개화동로,중상사고,0,1,1,0,차대차 - 기타,안전운전불이행,포장 - 건조,맑음,단일로 - 기타,승용,남,77세,상해없음,승용,남,67세,경상
152,2019060000000000.0,2019년 6월 15일 07시,토요일,서울특별시 강서구 개화동,김포대로,경상사고,0,0,2,0,차대차 - 측면충돌,안전운전불이행,포장 - 건조,맑음,단일로 - 기타,승용,여,56세,상해없음,승용,여,67세,경상
153,2019010000000000.0,2019년 1월 14일 11시,월요일,서울특별시 강서구 염창동,목동중앙본로,부상신고사고,0,0,0,1,차대차 - 측면충돌,안전운전불이행,포장 - 건조,맑음,단일로 - 기타,승용,남,61세,상해없음,자전거,남,66세,부상신고