,사고번호,사고일시,요일,시군구,도로명,사고내용,사망자수,중상자수,경상자수,부상신고자수,사고유형,법규위반,노면상태,기상상태,도로형태,가해운전자 차종,가해운전자 성별,가해운전자 연령,가해운전자 상해정도,피해운전자 차종,피해운전자 성별,피해운전자 연령,피해운전자 상해정도
154,2019100000000000.0,2019년 10월 1일 21시,화요일,서울특별시 강서구 염창동,양천로,중상사고,0,1,0,0,차대차 - 기타,신호위반,포장 - 건조,맑음,교차로 - 교차로안,자전거,여,68세,중상,승용,남,66세,상해없음
155,2019060000000000.0,2019년 6월 8일 04시,토요일,서울특별시 강서구 등촌동,공항대로,경상사고,0,0,1,0,차대차 - 기타,불법유턴,포장 - 건조,맑음,교차로 - 교차로부근,자전거,남,72세,경상,승합,남,66세,상해없음
156,2019010000000000.0,2019년 1월 24일 00시,목요일,서울특별시 강서구 등촌동,공항대로,경상사고,0,0,2,0,차대차 - 측면충돌,안전운전불이행,포장 - 건조,맑음,교차로 - 교차로부근,승용,남,31세,상해없음,승용,남,66세,경상
157,2019010000000000.0,2019년 1월 22일 08시,화요일,서울특별시 강서구 등촌동,등촌로51길,중상사고,0,1,0,0,차대차 - 기타,안전운전불이행,포장 - 건조,맑음,기타 - 기타,승용,남,61세,상해없음,이륜,남,66세,중상
158,2019020000000000.0,2019년 2월 23일 05시,토요일,서울특별시 강서구 등촌동,화곡로69길,중상사고,0,1,0,0,차대차 - 기타,안전운전불이행,포장 - 건조,맑음,교차로 - 교차로안,승용,남,62세,상해없음,자전거,남,66세,중상
159,2019120000000000.0,2019년 12월 30일 10시,월요일,서울특별시 강서구 화곡동,강서로5나길,경상사고,0,0,1,0,차대차 - 측면충돌,안전운전불이행,포장 - 젖음/습기,흐림,교차로 - 교차로안,이륜,남,58세,경상,승용,남,66세,상해없음
160,2019040000000000.0,2019년 4월 8일 09시,월요일,서울특별시 강서구 화곡동,강서로41길,중상사고,0,1,0,0,차대사람 - 차도통행중,안전운전불이행,포장 - 건조,맑음,교차로 - 교차로안,승용,남,47세,상해없음,보행자,여,66세,중상
161,2019100000000000.0,2019년 10월 2일 19시,수요일,서울특별시 강서구 화곡동,곰달래로,경상사고,0,0,1,0,차대차 - 기타,안전운전불이행,포장 - 젖음/습기,비,교차로 - 교차로안,이륜,남,20세,경상,화물,남,66세,상해없음
162,2019090000000000.0,2019년 9월 14일 19시,토요일,서울특별시 강서구 화곡동,곰달래로49길,경상사고,0,0,1,0,차대사람 - 길가장자리구역통행중,안전운전불이행,포장 - 건조,맑음,교차로 - 교차로안,승용,남,27세,상해없음,보행자,남,66세,경상
163,2019100000000000.0,2019년 10월 6일 14시,일요일,서울특별시 강서구 화곡동,강서로17길,경상사고,0,0,2,0,차대차 - 측면충돌,교차로운행방법위반,포장 - 건조,맑음,교차로 - 교차로안,승용,남,51세,경상,화물,남,66세,경상
164,2019110000000000.0,2019년 11월 13일 18시,수요일,서울특별시 강서구 마곡동,마곡중앙10로,경상사고,0,0,1,1,차대사람 - 기타,안전운전불이행,포장 - 건조,맑음,단일로 - 기타,이륜,남,21세,경상,보행자,남,66세,부상신고
165,2019120000000000.0,2019년 12월 27일 00시,금요일,서울특별시 강서구 마곡동,마곡중앙6로,경상사고,0,0,1,0,차대차 - 기타,안전운전불이행,포장 - 건조,맑음,교차로 - 교차로안,이륜,남,29세,경상,승용,남,66세,상해없음
166,2019020000000000.0,2019년 2월 17일 22시,일요일,서울특별시 강서구 마곡동,마곡중앙1로,중상사고,0,1,0,0,차대사람 - 기타,안전운전불이행,포장 - 건조,맑음,교차로 - 교차로횡단보도내,승용,여,58세,상해없음,보행자,여,66세,중상
167,2019070000000000.0,2019년 7월 3일 10시,수요일,서울특별시 강서구 개화동,개화동로,경상사고,0,0,1,0,차대차 - 추돌,안전운전불이행,포장 - 건조,맑음,단일로 - 기타,기타불명,기타불명,미분류,기타불명,승용,남,66세,경상
168,2019020000000000.0,2019년 2월 28일 19시,목요일,서울특별시 강서구 염창동,공항대로,경상사고,0,0,1,0,차대차 - 측면충돌,안전운전불이행,포장 - 건조,맑음,단일로 - 기타,승용,남,57세,상해없음,승용,남,65세,경상
169,2019010000000000.0,2019년 1월 10일 14시,목요일,서울특별시 강서구 염창동,양천로,경상사고,0,0,2,2,차대차 - 추돌,안전운전불이행,포장 - 건조,맑음,단일로 - 기타,승용,여,56세,상해없음,승합,남,65세,경상
170,2019060000000000.0,2019년 6월 7일 08시,금요일,서울특별시 강서구 등촌동,양천로,경상사고,0,0,1,0,차대차 - 기타,안전거리미확보,포장 - 젖음/습기,비,단일로 - 기타,화물,남,45세,상해없음,승용,남,65세,경상
171,2019010000000000.0,2019년 1월 28일 12시,월요일,서울특별시 강서구 등촌동,공항대로43길,부상신고사고,0,0,0,1,차대차 - 기타,안전운전불이행,포장 - 건조,맑음,단일로 - 기타,승용,남,61세,상해없음,승용,남,65세,부상신고
172,2019060000000000.0,2019년 6월 19일 10시,수요일,서울특별시 강서구 화곡동,가로공원로76길,중상사고,0,1,0,0,차대사람 - 횡단중,안전운전불이행,포장 - 건조,맑음,교차로 - 교차로안,승용,남,76세,상해없음,보행자,남,65세,중상
173,2019050000000000.0,2019년 5월 10일 04시,금요일,서울특별시 강서구 화곡동,까치산로,경상사고,0,0,1,0,차대사람 - 길가장자리구역통행중,안전운전불이행,포장 - 건조,맑음,교차로 - 교차로부근,승용,남,45세,상해없음,보행자,여,65세,경상
174,2019100000000000.0,2019년 10월 23일 02시,수요일,서울특별시 강서구 화곡동,화곡로,사망사고,1,0,0,0,차대사람 - 횡단중,과속,포장 - 건조,맑음,단일로 - 기타,승용,남,62세,상해없음,보행자,남,65세,사망
175,2019120000000000.0,2019년 12월 21일 18시,토요일,서울특별시 강서구 화곡동,곰달래로,경상사고,0,0,1,0,차대사람 - 횡단중,보행자보호의무위반,포장 - 건조,맑음,교차로 - 교차로안,승용,남,38세,상해없음,보행자,남,65세,경상
176,2019110000000000.0,2019년 11월 22일 11시,금요일,서울특별시 강서구 가양동,양천로,중상사고,0,1,0,0,차대사람 - 횡단중,보행자보호의무위반,포장 - 건조,맑음,기타 - 기타,승용,남,50세,상해없음,보행자,여,65세,중상
177,2019120000000000.0,2019년 12월 16일 11시,월요일,서울특별시 강서구 가양동,허준로,경상사고,0,0,2,0,차대차 - 측면충돌,안전운전불이행,포장 - 건조,맑음,교차로 - 교차로부근,승용,남,47세,상해없음,특수,남,65세,경상
178,2019050000000000.0,2019년 5월 2일 12시,목요일,서울특별시 강서구 가양동,양천로57길,경상사고,0,0,1,0,차대사람 - 횡단중,안전운전불이행,포장 - 건조,맑음,단일로 - 기타,화물,남,52세,상해없음,보행자,남,65세,경상
179,2019090000000000.0,2019년 9월 27일 19시,금요일,서울특별시 강서구 가양동,올림픽대로,경상사고,0,0,3,2,차대차 - 정면충돌,안전거리미확보,포장 - 건조,맑음,단일로 - 기타,승용,남,50세,상해없음,승합,남,65세,기타불명
180,2019070000000000.0,2019년 7월 13일 16시,토요일,서울특별시 강서구 마곡동,마곡중앙5로1길,중상사고,0,1,0,0,차대사람 - 기타,중앙선침범,포장 - 건조,맑음,단일로 - 기타,승용,남,48세,상해없음,보행자,여,65세,중상
181,2019010000000000.0,2019년 1월 20일 18시,일요일,서울특별시 강서구 마곡동,양천로,경상사고,0,0,2,0,차대차 - 측면충돌,신호위반,포장 - 건조,맑음,교차로 - 교차로부근,원동기,남,22세,경상,승용,남,65세,경상
182,2019070000000000.0,2019년 7월 19일 17시,금요일,서울특별시 강서구 마곡동,공항대로,경상사고,0,0,1,0,차대차 - 기타,차로위반,포장 - 건조,맑음,단일로 - 기타,이륜,남,54세,경상,승용,남,65세,상해없음
183,2019120000000000.0,2019년 12월 6일 19시,금요일,서울특별시 강서구 내발산동,강서로,경상사고,0,0,1,0,차대차 - 측면충돌,차로위반,포장 - 건조,맑음,교차로 - 교차로부근,승용,남,64세,상해없음,승합,남,65세,상해없음
184,2019110000000000.0,2019년 11월 9일 10시,토요일,서울특별시 강서구 외발산동,오정로,부상신고사고,0,0,0,1,차대차 - 측면충돌,안전운전불이행,포장 - 건조,맑음,교차로 - 교차로부근,승용,남,36세,상해없음,승용,여,65세,부상신고
185,2019120000000000.0,2019년 12월 27일 19시,금요일,서울특별시 강서구 공항동,오정로,중상사고,0,1,0,0,차대사람 - 횡단중,안전운전불이행,포장 - 건조,맑음,단일로 - 기타,승합,남,62세,기타불명,보행자,남,65세,중상
186,2019020000000000.0,2019년 2월 26일 20시,화요일,서울특별시 강서구 방화동,방화대로47가길,경상사고,0,0,1,0,차대차 - 측면충돌,안전운전불이행,포장 - 건조,맑음,교차로 - 교차로안,승합,남,50세,상해없음,승합,여,65세,경상
187,2019110000000000.0,2019년 11월 10일 23시,일요일,서울특별시 강서구 개화동,개화동로,중상사고,0,1,0,0,차대사람 - 횡단중,보행자보호의무위반,포장 - 젖음/습기,비,단일로 - 기타,승용,남,28세,상해없음,보행자,남,65세,중상
188,2019090000000000.0,2019년 9월 21일 05시,토요일,서울특별시 강서구 개화동,금포로,경상사고,0,0,3,0,차대차 - 정면충돌,신호위반,포장 - 건조,맑음,교차로 - 교차로안,화물,남,46세,경상,승용,남,65세,경상
0,2019080000000000.0,2019년 8월 28일 11시,수요일,서울특별시 관악구 신림동,광신길,중상사고,0,2,0,0,차대사람 - 기타,안전운전불이행,포장 - 건조,맑음,교차로 - 교차로부근,승용,남,65세,상해없음,보행자,여,90세 이상,중상
1,2019100000000000.0,2019년 10월 24일 09시,목요일,서울특별시 관악구 신림동,난곡로,중상사고,0,1,0,0,차대사람 - 기타,안전운전불이행,포장 - 건조,맑음,주차장 - 주차장,승용,남,50세,상해없음,보행자,여,88세,중상
2,2019040000000000.0,2019년 4월 17일 08시,수요일,서울특별시 관악구 봉천동,관악로,경상사고,0,0,1,0,차대사람 - 기타,안전운전불이행,포장 - 기타,맑음,단일로 - 기타,승합,남,57세,상해없음,보행자,남,86세,경상
3,2019110000000000.0,2019년 11월 9일 10시,토요일,서울특별시 관악구 봉천동,보라매로,사망사고,1,0,0,0,차대사람 - 횡단중,안전운전불이행,포장 - 건조,맑음,교차로 - 교차로부근,건설기계,남,54세,상해없음,보행자,여,85세,사망
4,2019120000000000.0,2019년 12월 30일 00시,월요일,서울특별시 관악구 봉천동,보라매로,사망사고,1,0,0,0,차대사람 - 차도통행중,안전운전불이행,포장 - 젖음/습기,비,단일로 - 기타,승용,남,74세,기타불명,보행자,남,84세,사망
5,2019100000000000.0,2019년 10월 30일 18시,수요일,서울특별시 관악구 신림동,난곡로,사망사고,1,0,0,0,차대사람 - 횡단중,안전운전불이행,포장 - 건조,맑음,교차로 - 교차로안,화물,남,58세,상해없음,보행자,남,84세,사망
6,2019120000000000.0,2019년 12월 7일 04시,토요일,서울특별시 관악구 봉천동,쑥고개로,중상사고,0,1,0,0,차대사람 - 기타,안전운전불이행,포장 - 건조,맑음,단일로 - 기타,승용,남,65세,상해없음,보행자,여,83세,중상
7,2019040000000000.0,2019년 4월 12일 14시,금요일,서울특별시 관악구 봉천동,관악로11길,중상사고,0,1,0,0,차대사람 - 차도통행중,안전운전불이행,포장 - 건조,맑음,단일로 - 기타,이륜,남,70세,상해없음,보행자,여,83세,중상
8,2019010000000000.0,2019년 1월 28일 05시,월요일,서울특별시 관악구 신림동,남부순환로,부상신고사고,0,0,0,2,차대차 - 추돌,안전운전불이행,포장 - 젖음/습기,맑음,단일로 - 기타,승용,여,36세,부상신고,승용,남,83세,상해없음
9,2019010000000000.0,2019년 1월 17일 16시,목요일,서울특별시 관악구 봉천동,은천로,중상사고,0,1,0,0,차대사람 - 횡단중,보행자보호의무위반,포장 - 건조,맑음,단일로 - 기타,이륜,남,45세,상해없음,보행자,여,82세,중상
10,2019050000000000.0,2019년 5월 10일 20시,금요일,서울특별시 관악구 봉천동,남부순환로,중상사고,0,1,0,0,차대사람 - 횡단중,보행자보호의무위반,포장 - 건조,맑음,단일로 - 기타,이륜,남,16세,상해없음,보행자,남,82세,중상
11,2019120000000000.0,2019년 12월 3일 21시,화요일,서울특별시 관악구 신림동,봉천로,사망사고,1,0,0,0,차대사람 - 차도통행중,안전운전불이행,포장 - 젖음/습기,비,단일로 - 기타,승용,남,63세,상해없음,보행자,남,82세,사망
12,2019010000000000.0,2019년 1월 24일 04시,목요일,서울특별시 관악구 봉천동,관악로,부상신고사고,0,0,0,1,차대사람 - 횡단중,신호위반,포장 - 건조,맑음,단일로 - 기타,승용,남,52세,상해없음,보행자,여,81세,부상신고
13,2019070000000000.0,2019년 7월 8일 13시,월요일,서울특별시 관악구 신림동,신원로,경상사고,0,0,1,0,차대사람 - 횡단중,신호위반,포장 - 건조,맑음,교차로 - 교차로안,승합,남,62세,상해없음,보행자,여,81세,경상
14,2019090000000000.0,2019년 9월 20일 11시,금요일,서울특별시 관악구 신림동,시흥대로,중상사고,0,1,0,0,차대차 - 기타,교차로운행방법위반,포장 - 건조,맑음,교차로 - 교차로안,화물,남,45세,상해없음,이륜,남,80세,중상
15,2019050000000000.0,2019년 5월 19일 08시,일요일,서울특별시 관악구 신림동,남부순환로,중상사고,0,1,0,0,차대사람 - 차도통행중,안전운전불이행,포장 - 건조,맑음,단일로 - 기타,화물,남,75세,상해없음,보행자,여,80세,중상
16,2019060000000000.0,2019년 6월 22일 21시,토요일,서울특별시 관악구 신림동,신원로,경상사고,0,0,1,0,차대사람 - 기타,보행자보호의무위반,포장 - 건조,맑음,기타 - 기타,승용,남,45세,상해없음,보행자,여,80세,경상
17,2019070000000000.0,2019년 7월 23일 13시,화요일,서울특별시 관악구 봉천동,남부순환로,경상사고,0,0,1,0,차대차 - 측면충돌,안전운전불이행,포장 - 건조,맑음,단일로 - 기타,화물,남,36세,상해없음,승용,남,79세,상해없음
18,2019110000000000.0,2019년 11월 3일 18시,일요일,서울특별시 관악구 봉천동,쑥고개로,중상사고,0,1,0,0,차대사람 - 횡단중,안전운전불이행,포장 - 건조,맑음,교차로 - 교차로횡단보도내,승용,남,68세,상해없음,보행자,여,79세,중상
19,2019070000000000.0,2019년 7월 7일 09시,일요일,서울특별시 관악구 봉천동,관악로,중상사고,0,1,0,0,차대사람 - 횡단중,신호위반,포장 - 건조,맑음,교차로 - 교차로부근,승용,남,73세,상해없음,보행자,여,79세,중상
20,2019060000000000.0,2019년 6월 23일 12시,일요일,서울특별시 관악구 신림동,원신길,중상사고,0,1,0,0,차대차 - 기타,안전운전불이행,포장 - 건조,맑음,단일로 - 기타,승용,남,39세,상해없음,이륜,남,79세,중상
21,2019020000000000.0,2019년 2월 21일 18시,목요일,서울특별시 관악구 신림동,신림로,부상신고사고,0,0,0,1,차대사람 - 차도통행중,안전운전불이행,포장 - 건조,맑음,교차로 - 교차로안,승용,여,57세,상해없음,보행자,여,79세,부상신고
22,2019110000000000.0,2019년 11월 28일 10시,목요일,서울특별시 관악구 신림동,신림로,중상사고,0,1,0,0,차대사람 - 횡단중,안전운전불이행,포장 - 건조,맑음,교차로 - 교차로안,특수,남,47세,상해없음,보행자,여,79세,중상
23,2019060000000000.0,2019년 6월 23일 08시,일요일,서울특별시 관악구 봉천동,봉천로,중상사고,0,1,0,0,차대차 - 기타,안전운전불이행,포장 - 건조,맑음,단일로 - 기타,승용,남,60세,상해없음,자전거,남,78세,중상
24,2019060000000000.0,2019년 6월 19일 11시,수요일,서울특별시 관악구 봉천동,남부순환로,중상사고,0,1,0,0,차대사람 - 차도통행중,안전운전불이행,포장 - 건조,맑음,기타 - 기타,승합,남,55세,상해없음,보행자,여,78세,중상
25,2019060000000000.0,2019년 6월 9일 07시,일요일,서울특별시 관악구 신림동,호암로,경상사고,0,0,1,0,차대사람 - 횡단중,안전운전불이행,포장 - 건조,맑음,교차로 - 교차로안,승용,여,65세,상해없음,보행자,여,78세,경상
26,2019020000000000.0,2019년 2월 11일 09시,월요일,서울특별시 관악구 신림동,난우길,중상사고,0,1,0,0,차대사람 - 기타,교차로운행방법위반,포장 - 건조,맑음,교차로 - 교차로안,승용,남,31세,상해없음,보행자,여,78세,중상
27,2019110000000000.0,2019년 11월 6일 21시,수요일,서울특별시 관악구 신림동,조원로,경상사고,0,0,1,0,차대사람 - 기타,안전운전불이행,포장 - 건조,맑음,교차로 - 교차로부근,승용,남,64세,상해없음,보행자,여,78세,경상
28,2019050000000000.0,2019년 5월 6일 14시,월요일,서울특별시 관악구 신림동,난우길,경상사고,0,0,1,0,차대사람 - 차도통행중,안전운전불이행,포장 - 건조,맑음,교차로 - 교차로부근,승용,여,66세,상해없음,보행자,남,78세,경상
29,2019060000000000.0,2019년 6월 28일 21시,금요일,서울특별시 관악구 신림동,난곡로,부상신고사고,0,0,0,1,차대차 - 기타,안전거리미확보,포장 - 건조,기타,단일로 - 기타,이륜,남,27세,부상신고,승용,남,78세,상해없음
30,2019060000000000.0,2019년 6월 1일 09시,토요일,서울특별시 관악구 봉천동,쑥고개로,경상사고,0,0,1,0,차대사람 - 횡단중,신호위반,포장 - 건조,맑음,교차로 - 교차로부근,승용,남,25세,상해없음,보행자,여,77세,경상
31,2019070000000000.0,2019년 7월 11일 15시,목요일,서울특별시 관악구 봉천동,봉천로,중상사고,0,1,0,0,차대차 - 정면충돌,교차로운행방법위반,포장 - 건조,맑음,교차로 - 교차로부근,승용,남,66세,상해없음,자전거,남,77세,중상
32,2019110000000000.0,2019년 11월 7일 15시,목요일,서울특별시 관악구 봉천동,봉천로,경상사고,0,0,1,0,차대사람 - 차도통행중,안전운전불이행,포장 - 기타,맑음,단일로 - 기타,승용,여,60세,상해없음,보행자,여,77세,경상
33,2019050000000000.0,2019년 5월 28일 14시,화요일,서울특별시 관악구 봉천동,봉천로,경상사고,0,0,1,0,차대차 - 측면충돌,안전운전불이행,포장 - 건조,맑음,교차로 - 교차로안,승용,여,30세,상해없음,자전거,남,77세,경상
34,2019090000000000.0,2019년 9월 11일 04시,수요일,서울특별시 관악구 신림동,복은길,중상사고,0,1,0,0,차대사람 - 기타,안전운전불이행,포장 - 젖음/습기,비,교차로 - 교차로안,이륜,남,28세,상해없음,보행자,여,77세,중상
35,2019070000000000.0,2019년 7월 19일 09시,금요일,서울특별시 관악구 신림동,남부순환로,중상사고,0,1,0,0,차대차 - 추돌,안전운전불이행,포장 - 건조,맑음,단일로 - 기타,이륜,남,17세,상해없음,자전거,남,77세,중상
36,2019010000000000.0,2019년 1월 11일 07시,금요일,서울특별시 관악구 봉천동,봉천로,중상사고,0,1,0,0,차대사람 - 횡단중,안전운전불이행,포장 - 건조,맑음,교차로 - 교차로안,승용,남,49세,상해없음,보행자,여,76세,중상
37,2019100000000000.0,2019년 10월 18일 15시,금요일,서울특별시 관악구 봉천동,보라매로,중상사고,0,1,0,0,차대사람 - 횡단중,안전운전불이행,포장 - 건조,맑음,교차로 - 교차로안,승용,여,66세,상해없음,보행자,여,76세,중상
38,2019110000000000.0,2019년 11월 4일 15시,월요일,서울특별시 관악구 신림동,신사로,경상사고,0,0,1,0,차대사람 - 차도통행중,안전운전불이행,포장 - 건조,맑음,단일로 - 기타,승용,남,63세,상해없음,보행자,남,76세,경상
39,2019010000000000.0,2019년 1월 1일 05시,화요일,서울특별시 관악구 신림동,신림로,경상사고,0,0,2,1,차대차 - 추돌,안전운전불이행,포장 - 건조,맑음,단일로 - 기타,승용,남,61세,상해없음,승용,남,76세,상해없음
40,2019050000000000.0,2019년 5월 2일 09시,목요일,서울특별시 관악구 신림동,법원단지길,중상사고,0,1,0,0,차대사람 - 횡단중,보행자보호의무위반,포장 - 건조,맑음,교차로 - 교차로횡단보도내,화물,남,51세,상해없음,보행자,여,76세,중상
41,2019090000000000.0,2019년 9월 25일 08시,수요일,서울특별시 관악구 남현동,남부순환로,경상사고,0,0,1,0,차대차 - 추돌,안전운전불이행,포장 - 건조,맑음,교차로 - 교차로부근,승용,남,29세,상해없음,승용,남,76세,경상
42,2019070000000000.0,2019년 7월 15일 18시,월요일,서울특별시 관악구 봉천동,관악로,경상사고,0,0,1,0,차대사람 - 기타,안전운전불이행,포장 - 기타,맑음,단일로 - 기타,승합,남,58세,상해없음,보행자,여,75세,경상
43,2019120000000000.0,2019년 12월 23일 16시,월요일,서울특별시 관악구 봉천동,은천로,경상사고,0,0,2,0,차대사람 - 횡단중,신호위반,포장 - 건조,맑음,교차로 - 교차로안,승용,남,65세,상해없음,보행자,남,75세,경상
44,2019030000000000.0,2019년 3월 16일 23시,토요일,서울특별시 관악구 봉천동,은천로,경상사고,0,0,1,0,차대사람 - 횡단중,보행자보호의무위반,포장 - 건조,맑음,교차로 - 교차로부근,승용,남,54세,상해없음,보행자,여,75세,경상
45,2019100000000000.0,2019년 10월 24일 10시,목요일,서울특별시 관악구 봉천동,관악로,중상사고,0,1,0,0,차대사람 - 보도통행중,기타,포장 - 건조,맑음,기타 - 기타,화물,남,48세,상해없음,보행자,여,75세,중상
46,2019040000000000.0,2019년 4월 1일 08시,월요일,서울특별시 관악구 신림동,호암로,중상사고,0,1,0,0,차대사람 - 차도통행중,신호위반,포장 - 건조,맑음,교차로 - 교차로안,이륜,남,39세,상해없음,보행자,여,75세,중상
47,2019050000000000.0,2019년 5월 6일 19시,월요일,서울특별시 관악구 신림동,신림로,중상사고,0,1,0,0,차대사람 - 길가장자리구역통행중,안전운전불이행,포장 - 건조,맑음,단일로 - 기타,승용,여,50세,상해없음,보행자,남,75세,중상
48,2019100000000000.0,2019년 10월 13일 13시,일요일,서울특별시 관악구 신림동,난곡로,경상사고,0,0,1,0,차대차 - 측면충돌,안전운전불이행,포장 - 건조,맑음,교차로 - 교차로부근,자전거,남,80세,경상,승용,남,75세,상해없음
49,2019040000000000.0,2019년 4월 25일 21시,목요일,서울특별시 관악구 신림동,조원로18길,중상사고,0,1,0,0,차대사람 - 기타,안전운전불이행,포장 - 젖음/습기,비,교차로 - 교차로안,이륜,남,37세,상해없음,보행자,여,75세,중상
50,2019080000000000.0,2019년 8월 1일 05시,목요일,서울특별시 관악구 신림동,남부순환로,경상사고,0,0,1,0,차대사람 - 횡단중,신호위반,포장 - 젖음/습기,비,단일로 - 기타,이륜,남,42세,상해없음,보행자,여,75세,경상
51,2019040000000000.0,2019년 4월 28일 13시,일요일,서울특별시 관악구 봉천동,봉천로,중상사고,0,1,0,0,차대사람 - 기타,신호위반,포장 - 건조,맑음,단일로 - 기타,자전거,남,15세,상해없음,보행자,여,74세,중상
52,2019070000000000.0,2019년 7월 23일 15시,화요일,서울특별시 관악구 봉천동,쑥고개로,중상사고,0,1,0,0,차대차 - 기타,기타,포장 - 건조,맑음,교차로 - 교차로안,이륜,남,48세,중상,승용,남,74세,상해없음
53,2019080000000000.0,2019년 8월 8일 11시,목요일,서울특별시 관악구 신림동,신림로,경상사고,0,0,1,0,차대사람 - 기타,안전운전불이행,포장 - 건조,맑음,교차로 - 교차로부근,승용,남,49세,상해없음,보행자,여,74세,경상
54,2019070000000000.0,2019년 7월 25일 07시,목요일,서울특별시 관악구 신림동,조원로,경상사고,0,0,1,0,차대차 - 측면충돌,안전운전불이행,포장 - 젖음/습기,흐림,교차로 - 교차로안,자전거,남,73세,경상,승용,남,74세,상해없음
55,2019100000000000.0,2019년 10월 18일 13시,금요일,서울특별시 관악구 신림동,대학길,경상사고,0,0,1,0,차대사람 - 길가장자리구역통행중,안전운전불이행,포장 - 건조,맑음,단일로 - 기타,승합,남,49세,상해없음,보행자,여,74세,경상
56,2019030000000000.0,2019년 3월 9일 06시,토요일,서울특별시 관악구 남현동,남부순환로,중상사고,0,1,0,0,차대사람 - 횡단중,신호위반,포장 - 건조,맑음,교차로 - 교차로부근,건설기계,남,39세,상해없음,보행자,남,74세,중상
57,2019040000000000.0,2019년 4월 13일 05시,토요일,서울특별시 관악구 봉천동,봉천로,중상사고,0,1,0,0,차대사람 - 횡단중,신호위반,포장 - 건조,맑음,교차로 - 교차로안,승용,남,58세,상해없음,보행자,남,73세,중상
58,2019090000000000.0,2019년 9월 21일 18시,토요일,서울특별시 관악구 봉천동,봉천로,중상사고,0,1,0,0,차대차 - 측면충돌,안전운전불이행,포장 - 기타,맑음,기타 - 기타,승용,남,67세,상해없음,자전거,남,73세,중상
59,2019040000000000.0,2019년 4월 18일 14시,목요일,서울특별시 관악구 봉천동,봉천로,중상사고,0,1,0,0,차대사람 - 차도통행중,안전운전불이행,포장 - 건조,맑음,교차로 - 교차로안,승용,여,34세,상해없음,보행자,여,73세,중상
60,2019110000000000.0,2019년 11월 17일 08시,일요일,서울특별시 관악구 봉천동,봉천로,중상사고,0,1,0,0,차대차 - 측면충돌,안전운전불이행,포장 - 젖음/습기,흐림,교차로 - 교차로안,승용,여,47세,상해없음,화물,남,73세,상해없음
61,2019090000000000.0,2019년 9월 22일 00시,일요일,서울특별시 관악구 봉천동,남부순환로,경상사고,0,0,1,0,차대차 - 기타,안전운전불이행,포장 - 건조,맑음,단일로 - 기타,승용,남,57세,상해없음,승용,남,73세,경상
62,2019110000000000.0,2019년 11월 4일 13시,월요일,서울특별시 관악구 신림동,난곡로,중상사고,0,1,0,0,차대사람 - 기타,안전운전불이행,포장 - 건조,맑음,단일로 - 기타,승합,남,59세,상해없음,보행자,여,73세,중상
63,2019120000000000.0,2019년 12월 24일 19시,화요일,서울특별시 관악구 신림동,남부순환로187길,경상사고,0,0,1,0,차대차 - 기타,차로위반,포장 - 건조,맑음,단일로 - 기타,승합,남,59세,상해없음,승용,남,73세,경상
64,2019010000000000.0,2019년 1월 9일 16시,수요일,서울특별시 관악구 신림동,신원로,경상사고,0,0,1,0,차대사람 - 횡단중,보행자보호의무위반,포장 - 건조,맑음,교차로 - 교차로안,화물,남,55세,상해없음,보행자,여,73세,경상
65,2019040000000000.0,2019년 4월 30일 13시,화요일,서울특별시 관악구 신림동,난곡로,경상사고,0,0,1,0,차대차 - 측면충돌,안전운전불이행,포장 - 건조,맑음,교차로 - 교차로안,승용,남,54세,상해없음,화물,남,73세,경상
66,2019040000000000.0,2019년 4월 15일 19시,월요일,서울특별시 관악구 봉천동,남부순환로,중상사고,0,1,0,0,차대차 - 측면충돌,안전운전불이행,포장 - 건조,맑음,교차로 - 교차로안,승용,남,30세,상해없음,자전거,남,72세,중상
67,2019080000000000.0,2019년 8월 26일 19시,월요일,서울특별시 관악구 봉천동,낙성대로3길,경상사고,0,0,1,0,차대사람 - 길가장자리구역통행중,안전운전불이행,포장 - 건조,맑음,교차로 - 교차로부근,승용,남,64세,상해없음,보행자,여,72세,경상
68,2019110000000000.0,2019년 11월 30일 16시,토요일,서울특별시 관악구 봉천동,남부순환로,경상사고,0,0,1,0,차대차 - 측면충돌,안전운전불이행,포장 - 건조,맑음,단일로 - 기타,승용,남,60세,상해없음,승용,남,72세,경상
69,2019060000000000.0,2019년 6월 25일 17시,화요일,서울특별시 관악구 봉천동,쑥고개로,경상사고,0,0,1,0,차대차 - 기타,기타,포장 - 건조,맑음,단일로 - 기타,승용,남,69세,상해없음,원동기,남,72세,경상
70,2019050000000000.0,2019년 5월 8일 16시,수요일,서울특별시 관악구 봉천동,양녕로,경상사고,0,0,1,0,차대사람 - 기타,안전운전불이행,포장 - 기타,기타,교차로 - 교차로안,승합,남,30세,상해없음,보행자,남,72세,경상
71,2019080000000000.0,2019년 8월 20일 09시,화요일,서울특별시 관악구 신림동,난우길,중상사고,0,1,0,0,차대사람 - 횡단중,안전운전불이행,포장 - 건조,맑음,교차로 - 교차로부근,승용,남,73세,상해없음,보행자,남,72세,중상