,사고번호,사고일시,요일,시군구,도로명,사고내용,사망자수,중상자수,경상자수,부상신고자수,사고유형,법규위반,노면상태,기상상태,도로형태,가해운전자 차종,가해운전자 성별,가해운전자 연령,가해운전자 상해정도,피해운전자 차종,피해운전자 성별,피해운전자 연령,피해운전자 상해정도
121,2019100000000000.0,2019년 10월 11일 08시,금요일,서울특별시 노원구 중계동,노원로,경상사고,0,0,1,1,차대차 - 측면충돌,안전거리미확보,포장 - 건조,맑음,교차로 - 교차로부근,승용,여,49세,상해없음,승용,남,68세,경상
122,2019060000000000.0,2019년 6월 13일 09시,목요일,서울특별시 노원구 월계동,마들로,중상사고,0,1,0,0,차대사람 - 횡단중,안전운전불이행,포장 - 건조,맑음,교차로 - 교차로안,승용,여,50세,상해없음,보행자,남,67세,중상
123,2019030000000000.0,2019년 3월 8일 06시,금요일,서울특별시 노원구 월계동,초안산로,중상사고,0,1,0,0,차대사람 - 횡단중,신호위반,포장 - 건조,맑음,교차로 - 교차로안,승용,남,69세,상해없음,보행자,여,67세,중상
124,2019030000000000.0,2019년 3월 3일 18시,일요일,서울특별시 노원구 월계동,광운로,중상사고,0,1,3,0,차대차 - 추돌,안전운전불이행,포장 - 건조,맑음,기타 - 기타,승용,남,68세,상해없음,승용,남,67세,경상
125,2019050000000000.0,2019년 5월 22일 11시,수요일,서울특별시 노원구 월계동,월계로53길,중상사고,0,1,0,0,차대사람 - 길가장자리구역통행중,보행자보호의무위반,포장 - 건조,맑음,단일로 - 기타,승용,남,50세,상해없음,보행자,여,67세,중상
126,2019120000000000.0,2019년 12월 23일 15시,월요일,서울특별시 노원구 월계동,마들로,중상사고,0,2,0,0,차대차 - 정면충돌,중앙선침범,포장 - 건조,맑음,단일로 - 기타,승용,남,61세,상해없음,승용,남,67세,중상
127,2019100000000000.0,2019년 10월 2일 07시,수요일,서울특별시 노원구 공릉동,화랑로,경상사고,0,0,1,0,차대차 - 측면충돌,안전운전불이행,포장 - 건조,맑음,교차로 - 교차로안,승용,여,56세,상해없음,승용,남,67세,경상
128,2019020000000000.0,2019년 2월 21일 19시,목요일,서울특별시 노원구 공릉동,동일로192길,부상신고사고,0,0,0,1,차대차 - 측면충돌,안전운전불이행,포장 - 건조,맑음,교차로 - 교차로부근,자전거,남,22세,부상신고,승합,남,67세,상해없음
129,2019120000000000.0,2019년 12월 12일 23시,목요일,서울특별시 노원구 공릉동,섬밭로,경상사고,0,0,1,0,차대차 - 측면충돌,안전운전불이행,포장 - 건조,맑음,단일로 - 기타,승용,남,51세,상해없음,승용,남,67세,경상
130,2019100000000000.0,2019년 10월 10일 16시,목요일,서울특별시 노원구 공릉동,동일로174길,경상사고,0,0,1,0,차대사람 - 보도통행중,보행자보호의무위반,포장 - 건조,맑음,교차로 - 교차로안,승용,남,53세,상해없음,보행자,여,67세,경상
131,2019110000000000.0,2019년 11월 17일 19시,일요일,서울특별시 노원구 공릉동,동일로192길,경상사고,0,0,1,0,차대사람 - 횡단중,보행자보호의무위반,포장 - 젖음/습기,비,단일로 - 고가도로위,기타불명,기타불명,미분류,기타불명,보행자,남,67세,경상
132,2019120000000000.0,2019년 12월 9일 14시,월요일,서울특별시 노원구 공릉동,화랑로,중상사고,0,1,0,0,차대차 - 측면충돌,신호위반,포장 - 건조,맑음,교차로 - 교차로안,승용,여,27세,상해없음,승용,남,67세,중상
133,2019040000000000.0,2019년 4월 16일 17시,화요일,서울특별시 노원구 하계동,노원로18길,중상사고,0,1,0,0,차대사람 - 횡단중,보행자보호의무위반,포장 - 건조,맑음,교차로 - 교차로횡단보도내,자전거,남,16세,상해없음,보행자,여,67세,중상
134,2019040000000000.0,2019년 4월 22일 01시,월요일,서울특별시 노원구 상계동,노해로,중상사고,0,1,1,0,차대차 - 측면충돌,불법유턴,포장 - 건조,맑음,단일로 - 기타,승용,남,61세,상해없음,승용,남,67세,경상
135,2019050000000000.0,2019년 5월 22일 16시,수요일,서울특별시 노원구 상계동,동부간선로,경상사고,0,0,1,0,차대차 - 측면충돌,신호위반,포장 - 건조,맑음,교차로 - 교차로부근,승용,남,72세,상해없음,자전거,남,67세,경상
136,2019060000000000.0,2019년 6월 30일 20시,일요일,서울특별시 노원구 상계동,동일로,경상사고,0,0,1,0,차대차 - 측면충돌,신호위반,포장 - 건조,맑음,교차로 - 교차로안,이륜,남,58세,상해없음,승용,남,67세,상해없음
137,2019040000000000.0,2019년 4월 24일 04시,수요일,서울특별시 노원구 상계동,노해로77길,경상사고,0,0,3,0,차대차 - 측면충돌,직진우회전진행방해,포장 - 젖음/습기,비,교차로 - 교차로안,승용,남,59세,경상,승용,남,67세,경상
138,2019120000000000.0,2019년 12월 15일 19시,일요일,서울특별시 노원구 상계동,동일로245가길,경상사고,0,0,1,0,차대사람 - 횡단중,안전운전불이행,포장 - 건조,맑음,교차로 - 교차로부근,승용,남,60세,상해없음,보행자,남,67세,경상
139,2019100000000000.0,2019년 10월 11일 02시,금요일,서울특별시 노원구 상계동,동일로,경상사고,0,0,1,0,차대차 - 추돌,안전운전불이행,포장 - 건조,맑음,단일로 - 고가도로위,기타불명,기타불명,미분류,기타불명,승용,남,67세,경상
140,2019090000000000.0,2019년 9월 3일 08시,화요일,서울특별시 노원구 상계동,수락산로,사망사고,1,0,1,0,차대사람 - 횡단중,안전운전불이행,포장 - 건조,맑음,단일로 - 기타,건설기계,남,56세,상해없음,보행자,여,67세,사망
141,2019070000000000.0,2019년 7월 9일 20시,화요일,서울특별시 노원구 월계동,광운로,부상신고사고,0,0,0,1,차대차 - 측면충돌,안전거리미확보,포장 - 건조,맑음,교차로 - 교차로안,이륜,남,16세,부상신고,승합,남,66세,상해없음
142,2019040000000000.0,2019년 4월 25일 20시,목요일,서울특별시 노원구 월계동,초안산로1길,중상사고,0,1,0,0,차대사람 - 기타,안전운전불이행,포장 - 젖음/습기,비,단일로 - 기타,이륜,남,18세,상해없음,보행자,남,66세,중상
143,2019020000000000.0,2019년 2월 21일 20시,목요일,서울특별시 노원구 공릉동,섬밭로,중상사고,0,1,0,0,차대사람 - 길가장자리구역통행중,안전운전불이행,포장 - 건조,맑음,단일로 - 기타,승용,남,59세,상해없음,보행자,여,66세,중상
144,2019010000000000.0,2019년 1월 7일 18시,월요일,서울특별시 노원구 공릉동,동일로,경상사고,0,0,2,0,차대차 - 측면충돌,안전운전불이행,포장 - 건조,맑음,기타 - 기타,승용,남,48세,상해없음,승용,남,66세,경상
145,2019040000000000.0,2019년 4월 9일 19시,화요일,서울특별시 노원구 공릉동,화랑로51길,경상사고,0,0,1,0,차대사람 - 횡단중,보행자보호의무위반,포장 - 젖음/습기,비,교차로 - 교차로횡단보도내,승용,남,25세,상해없음,보행자,여,66세,경상
146,2019090000000000.0,2019년 9월 2일 17시,월요일,서울특별시 노원구 공릉동,화랑로,경상사고,0,0,17,1,차대차 - 측면충돌,교차로운행방법위반,포장 - 건조,맑음,교차로 - 교차로안,승용,여,34세,상해없음,승합,남,66세,상해없음
147,2019120000000000.0,2019년 12월 22일 01시,일요일,서울특별시 노원구 공릉동,화랑로,경상사고,0,0,1,0,차대차 - 추돌,안전운전불이행,포장 - 건조,맑음,단일로 - 기타,승용,남,20세,상해없음,승용,남,66세,경상
148,2019060000000000.0,2019년 6월 13일 16시,목요일,서울특별시 노원구 하계동,동일로,경상사고,0,0,1,0,차대차 - 측면충돌,안전운전불이행,포장 - 건조,맑음,교차로 - 교차로횡단보도내,승용,남,24세,상해없음,승용,남,66세,경상
149,2019070000000000.0,2019년 7월 26일 21시,금요일,서울특별시 노원구 하계동,공릉로,중상사고,0,1,0,0,차대차 - 후진중충돌,안전운전불이행,포장 - 건조,맑음,단일로 - 기타,승용,남,19세,상해없음,승용,여,66세,중상
150,2019100000000000.0,2019년 10월 20일 10시,일요일,서울특별시 노원구 상계동,동일로,중상사고,0,1,1,0,차대차 - 측면충돌,안전운전불이행,포장 - 건조,맑음,교차로 - 교차로부근,이륜,남,18세,중상,승용,남,66세,경상
151,2019010000000000.0,2019년 1월 7일 00시,월요일,서울특별시 노원구 상계동,동일로,중상사고,0,1,0,0,차대차 - 기타,중앙선침범,포장 - 건조,맑음,단일로 - 기타,이륜,남,17세,중상,승용,남,66세,상해없음
152,2019050000000000.0,2019년 5월 2일 13시,목요일,서울특별시 노원구 상계동,동일로,중상사고,0,1,0,0,차대사람 - 보도통행중,안전운전불이행,포장 - 건조,맑음,기타 - 기타,자전거,남,18세,상해없음,보행자,여,66세,중상
153,2019080000000000.0,2019년 8월 26일 01시,월요일,서울특별시 노원구 상계동,동부간선로,중상사고,0,1,0,1,차대차 - 측면충돌,안전거리미확보,포장 - 건조,맑음,단일로 - 고가도로위,승용,남,37세,상해없음,승용,남,66세,중상
154,2019050000000000.0,2019년 5월 14일 23시,화요일,서울특별시 노원구 상계동,방학로,경상사고,0,0,1,0,차대차 - 측면충돌,안전거리미확보,포장 - 건조,맑음,교차로 - 교차로부근,승용,남,42세,상해없음,승용,남,66세,경상
155,2019060000000000.0,2019년 6월 4일 09시,화요일,서울특별시 노원구 상계동,덕릉로,경상사고,0,0,1,0,차대사람 - 길가장자리구역통행중,안전운전불이행,포장 - 건조,맑음,교차로 - 교차로부근,승용,남,33세,상해없음,보행자,남,66세,경상
156,2019100000000000.0,2019년 10월 30일 07시,수요일,서울특별시 노원구 상계동,노원로,경상사고,0,0,1,0,차대차 - 추돌,안전운전불이행,포장 - 건조,맑음,단일로 - 기타,승용,여,49세,상해없음,승용,남,66세,경상
157,2019040000000000.0,2019년 4월 14일 03시,일요일,서울특별시 노원구 상계동,노해로,경상사고,0,0,1,0,차대차 - 추돌,안전운전불이행,포장 - 건조,맑음,단일로 - 기타,승용,남,31세,상해없음,승용,남,66세,경상
158,2019010000000000.0,2019년 1월 30일 06시,수요일,서울특별시 노원구 상계동,덕릉로,중상사고,0,1,0,0,차대사람 - 횡단중,보행자보호의무위반,포장 - 건조,맑음,교차로 - 교차로횡단보도내,화물,남,62세,상해없음,보행자,여,66세,중상
159,2019080000000000.0,2019년 8월 16일 09시,금요일,서울특별시 노원구 중계동,공릉로,경상사고,0,0,1,0,차대차 - 측면충돌,안전운전불이행,포장 - 건조,맑음,교차로 - 교차로안,자전거,남,78세,경상,승용,남,66세,상해없음
160,2019010000000000.0,2019년 1월 29일 11시,화요일,서울특별시 노원구 중계동,중계로17길,경상사고,0,0,1,0,차대차 - 추돌,안전운전불이행,포장 - 건조,맑음,교차로 - 교차로부근,승용,남,61세,기타불명,승용,남,66세,경상
161,2019080000000000.0,2019년 8월 28일 16시,수요일,서울특별시 노원구 중계동,덕릉로,중상사고,0,1,0,0,차대차 - 추돌,안전거리미확보,포장 - 건조,맑음,단일로 - 기타,승합,남,46세,상해없음,승용,여,66세,중상
162,2019110000000000.0,2019년 11월 7일 22시,목요일,서울특별시 노원구 중계동,덕릉로,중상사고,0,1,0,0,차대사람 - 기타,안전운전불이행,포장 - 건조,맑음,교차로 - 교차로안,자전거,남,17세,상해없음,보행자,여,66세,중상
163,2019080000000000.0,2019년 8월 25일 18시,일요일,서울특별시 노원구 중계동,한글비석로15길,중상사고,0,1,0,0,차대사람 - 횡단중,안전운전불이행,포장 - 건조,맑음,교차로 - 교차로안,자전거,여,52세,상해없음,보행자,남,66세,중상
164,2019010000000000.0,2019년 1월 17일 09시,목요일,서울특별시 노원구 중계동,중계로8길,경상사고,0,0,1,0,차대사람 - 차도통행중,안전운전불이행,포장 - 건조,맑음,교차로 - 교차로안,승용,여,50세,상해없음,보행자,남,66세,경상
165,2019070000000000.0,2019년 7월 7일 19시,일요일,서울특별시 노원구 월계동,화랑로,경상사고,0,0,1,0,차대차 - 기타,안전운전불이행,포장 - 건조,맑음,단일로 - 기타,승용,남,37세,상해없음,승용,남,65세,경상
166,2019030000000000.0,2019년 3월 28일 17시,목요일,서울특별시 노원구 월계동,화랑로,부상신고사고,0,0,0,1,차대차 - 측면충돌,신호위반,포장 - 건조,맑음,단일로 - 기타,이륜,남,19세,부상신고,승용,여,65세,상해없음
167,2019070000000000.0,2019년 7월 15일 09시,월요일,서울특별시 노원구 월계동,초안산로,경상사고,0,0,1,0,차대차 - 측면충돌,안전운전불이행,포장 - 건조,맑음,교차로 - 교차로안,자전거,여,59세,경상,승용,남,65세,상해없음
168,2019050000000000.0,2019년 5월 22일 21시,수요일,서울특별시 노원구 월계동,월계로,경상사고,0,0,3,0,차대차 - 정면충돌,교차로운행방법위반,포장 - 건조,맑음,교차로 - 교차로안,승용,남,69세,상해없음,승용,남,65세,상해없음
169,2019040000000000.0,2019년 4월 28일 13시,일요일,서울특별시 노원구 공릉동,화랑로,중상사고,0,1,0,0,차대차 - 측면충돌,안전운전불이행,포장 - 건조,맑음,교차로 - 교차로횡단보도내,자전거,남,85세,중상,승용,남,65세,상해없음
170,2019090000000000.0,2019년 9월 7일 00시,토요일,서울특별시 노원구 공릉동,공릉로,경상사고,0,0,1,0,차대차 - 추돌,안전운전불이행,포장 - 젖음/습기,비,단일로 - 기타,승용,남,47세,상해없음,승용,남,65세,경상
171,2019070000000000.0,2019년 7월 2일 13시,화요일,서울특별시 노원구 공릉동,공릉로,부상신고사고,0,0,0,1,차대차 - 측면충돌,안전운전불이행,포장 - 건조,맑음,교차로 - 교차로안,이륜,여,43세,부상신고,승용,남,65세,상해없음
172,2019010000000000.0,2019년 1월 16일 18시,수요일,서울특별시 노원구 공릉동,동일로,부상신고사고,0,0,0,1,차대차 - 기타,안전운전불이행,포장 - 건조,맑음,교차로 - 교차로안,이륜,남,33세,부상신고,승용,남,65세,상해없음
173,2019030000000000.0,2019년 3월 19일 05시,화요일,서울특별시 노원구 공릉동,동일로182길,중상사고,0,1,0,0,차대사람 - 기타,안전운전불이행,포장 - 건조,맑음,교차로 - 교차로부근,승용,남,48세,상해없음,보행자,남,65세,중상
174,2019090000000000.0,2019년 9월 11일 08시,수요일,서울특별시 노원구 공릉동,노원로,경상사고,0,0,1,0,차대차 - 측면충돌,안전거리미확보,포장 - 건조,맑음,단일로 - 기타,승용,남,49세,상해없음,승합,여,65세,경상
175,2019040000000000.0,2019년 4월 13일 14시,토요일,서울특별시 노원구 하계동,노원로14길,경상사고,0,0,1,0,차대차 - 기타,안전운전불이행,포장 - 건조,맑음,단일로 - 기타,승용,남,49세,상해없음,승용,여,65세,경상
176,2019120000000000.0,2019년 12월 12일 19시,목요일,서울특별시 노원구 하계동,노원로14길,경상사고,0,0,1,1,차대차 - 측면충돌,신호위반,포장 - 건조,맑음,교차로 - 교차로부근,승용,여,67세,부상신고,승용,남,65세,경상
177,2019080000000000.0,2019년 8월 31일 18시,토요일,서울특별시 노원구 하계동,한글비석로,중상사고,0,1,0,0,차대차 - 기타,신호위반,포장 - 건조,맑음,교차로 - 교차로안,승합,남,36세,상해없음,화물,남,65세,중상
178,2019020000000000.0,2019년 2월 19일 20시,화요일,서울특별시 노원구 상계동,동일로,경상사고,0,0,1,0,차대차 - 측면충돌,안전거리미확보,포장 - 건조,맑음,단일로 - 기타,승용,남,57세,상해없음,이륜,남,65세,경상
179,2019120000000000.0,2019년 12월 9일 19시,월요일,서울특별시 노원구 상계동,한글비석로,중상사고,0,1,0,0,차대사람 - 횡단중,신호위반,포장 - 건조,맑음,교차로 - 교차로안,승용,남,45세,상해없음,보행자,여,65세,중상
180,2019010000000000.0,2019년 1월 25일 02시,금요일,서울특별시 노원구 상계동,동일로,경상사고,0,0,1,0,차대차 - 측면충돌,신호위반,포장 - 건조,맑음,교차로 - 교차로안,이륜,여,57세,경상,승용,남,65세,상해없음
181,2019030000000000.0,2019년 3월 20일 17시,수요일,서울특별시 노원구 상계동,덕릉로,경상사고,0,0,1,0,차대차 - 측면충돌,안전거리미확보,포장 - 건조,맑음,기타 - 기타,승용,남,69세,상해없음,승합,남,65세,상해없음
182,2019060000000000.0,2019년 6월 18일 19시,화요일,서울특별시 노원구 상계동,동일로,경상사고,0,0,2,0,차대차 - 추돌,안전운전불이행,포장 - 젖음/습기,비,교차로 - 교차로부근,승용,여,35세,상해없음,승용,남,65세,경상
183,2019050000000000.0,2019년 5월 7일 14시,화요일,서울특별시 노원구 상계동,상계로,경상사고,0,0,1,0,차대차 - 측면충돌,안전거리미확보,포장 - 건조,맑음,단일로 - 기타,화물,남,42세,상해없음,승용,남,65세,경상
184,2019120000000000.0,2019년 12월 30일 18시,월요일,서울특별시 노원구 중계동,동일로206길,경상사고,0,0,2,1,차대차 - 측면충돌,직진우회전진행방해,포장 - 건조,흐림,교차로 - 교차로안,승용,남,33세,상해없음,승용,남,65세,경상
0,2019090000000000.0,2019년 9월 8일 12시,일요일,서울특별시 도봉구 창동,해등로16길,중상사고,0,1,0,0,차대사람 - 기타,안전운전불이행,포장 - 건조,맑음,교차로 - 교차로안,화물,남,57세,상해없음,보행자,여,90세 이상,중상
1,2019020000000000.0,2019년 2월 15일 15시,금요일,서울특별시 도봉구 쌍문동,해등로,경상사고,0,0,1,0,차대사람 - 횡단중,신호위반,포장 - 젖음/습기,눈,교차로 - 교차로횡단보도내,승용,남,40세,상해없음,보행자,남,8세,경상
2,2019050000000000.0,2019년 5월 21일 18시,화요일,서울특별시 도봉구 도봉동,도봉로180가길,중상사고,0,1,0,0,차대차 - 측면충돌,안전거리미확보,포장 - 건조,맑음,교차로 - 교차로안,자전거,남,21세,상해없음,자전거,남,88세,중상
3,2019050000000000.0,2019년 5월 2일 10시,목요일,서울특별시 도봉구 도봉동,도봉로154길,중상사고,0,1,0,0,차대사람 - 횡단중,안전운전불이행,포장 - 건조,맑음,교차로 - 교차로횡단보도내,승용,남,37세,상해없음,보행자,남,83세,중상
4,2019040000000000.0,2019년 4월 9일 12시,화요일,서울특별시 도봉구 쌍문동,도봉로,중상사고,0,1,0,0,차대차 - 측면충돌,안전운전불이행,포장 - 건조,맑음,단일로 - 기타,승용,남,58세,상해없음,자전거,남,82세,중상
5,2019110000000000.0,2019년 11월 15일 17시,금요일,서울특별시 도봉구 창동,마들로11길,중상사고,0,1,0,0,차대사람 - 횡단중,안전운전불이행,포장 - 건조,맑음,단일로 - 기타,승용,여,31세,상해없음,보행자,여,82세,중상
6,2019060000000000.0,2019년 6월 12일 13시,수요일,서울특별시 도봉구 쌍문동,도봉로,중상사고,0,1,0,0,차대사람 - 기타,안전운전불이행,포장 - 건조,맑음,교차로 - 교차로안,이륜,남,56세,상해없음,보행자,남,81세,중상
7,2019080000000000.0,2019년 8월 7일 06시,수요일,서울특별시 도봉구 방학동,방학로,중상사고,0,1,0,0,차대사람 - 횡단중,신호위반,포장 - 젖음/습기,비,교차로 - 교차로부근,승합,남,67세,상해없음,보행자,여,81세,중상
8,2019080000000000.0,2019년 8월 14일 13시,수요일,서울특별시 도봉구 창동,노해로63가길,중상사고,0,1,0,0,차대사람 - 기타,안전운전불이행,포장 - 건조,맑음,교차로 - 교차로안,승용,여,65세,상해없음,보행자,여,81세,중상
9,2019050000000000.0,2019년 5월 22일 16시,수요일,서울특별시 도봉구 쌍문동,해등로,경상사고,0,0,1,0,차대사람 - 횡단중,보행자보호의무위반,포장 - 건조,맑음,교차로 - 교차로횡단보도내,승용,여,57세,상해없음,보행자,여,80세,경상
10,2019020000000000.0,2019년 2월 7일 15시,목요일,서울특별시 도봉구 방학동,도봉로150길,중상사고,0,1,0,0,차대사람 - 길가장자리구역통행중,안전운전불이행,포장 - 건조,맑음,단일로 - 기타,승용,남,29세,상해없음,보행자,여,80세,중상
11,2019070000000000.0,2019년 7월 9일 09시,화요일,서울특별시 도봉구 창동,노해로69길,경상사고,0,0,1,0,차대사람 - 횡단중,안전운전불이행,포장 - 건조,맑음,교차로 - 교차로부근,승용,여,39세,상해없음,보행자,여,80세,경상
12,2019010000000000.0,2019년 1월 17일 15시,목요일,서울특별시 도봉구 도봉동,도봉로181길,중상사고,0,1,1,0,차대사람 - 길가장자리구역통행중,안전운전불이행,포장 - 건조,맑음,단일로 - 기타,승용,남,86세,상해없음,보행자,여,80세,중상
13,2019010000000000.0,2019년 1월 25일 15시,금요일,서울특별시 도봉구 쌍문동,우이천로34길,중상사고,0,1,0,0,차대사람 - 횡단중,보행자보호의무위반,포장 - 건조,맑음,교차로 - 교차로횡단보도내,승용,남,60세,상해없음,보행자,여,79세,중상
14,2019040000000000.0,2019년 4월 1일 20시,월요일,서울특별시 도봉구 쌍문동,노해로,경상사고,0,0,1,0,차대차 - 측면충돌,차로위반,포장 - 건조,맑음,교차로 - 교차로부근,승용,남,27세,경상,승용,남,79세,상해없음
15,2019060000000000.0,2019년 6월 5일 20시,수요일,서울특별시 도봉구 쌍문동,도봉로,경상사고,0,0,2,0,차대차 - 기타,안전운전불이행,포장 - 건조,맑음,교차로 - 교차로안,승용,여,54세,경상,승용,남,79세,경상
16,2019100000000000.0,2019년 10월 7일 08시,월요일,서울특별시 도봉구 방학동,방학로,중상사고,0,1,2,0,차대차 - 측면충돌,안전운전불이행,포장 - 젖음/습기,비,교차로 - 교차로안,승용,남,50세,경상,화물,남,79세,경상
17,2019120000000000.0,2019년 12월 20일 14시,금요일,서울특별시 도봉구 방학동,도봉로,경상사고,0,0,2,0,차대차 - 측면충돌,안전운전불이행,포장 - 건조,맑음,교차로 - 교차로안,승합,남,39세,상해없음,이륜,남,79세,경상
18,2019070000000000.0,2019년 7월 7일 01시,일요일,서울특별시 도봉구 방학동,방학로,중상사고,0,1,0,0,차대사람 - 기타,안전운전불이행,포장 - 건조,맑음,단일로 - 기타,승용,남,62세,상해없음,보행자,여,79세,중상
19,2019010000000000.0,2019년 1월 19일 15시,토요일,서울특별시 도봉구 방학동,방학로,중상사고,0,1,0,0,차대사람 - 기타,안전운전불이행,포장 - 건조,맑음,단일로 - 기타,화물,남,53세,상해없음,보행자,여,79세,중상
20,2019050000000000.0,2019년 5월 10일 09시,금요일,서울특별시 도봉구 창동,노해로65길,중상사고,0,1,0,0,차대사람 - 기타,안전운전불이행,포장 - 건조,맑음,교차로 - 교차로안,승합,남,49세,상해없음,보행자,여,79세,중상
21,2019100000000000.0,2019년 10월 18일 14시,금요일,서울특별시 도봉구 쌍문동,해등로,중상사고,0,1,0,0,차대사람 - 기타,안전운전불이행,포장 - 건조,맑음,단일로 - 기타,이륜,남,72세,상해없음,보행자,여,78세,중상
22,2019060000000000.0,2019년 6월 30일 17시,일요일,서울특별시 도봉구 창동,마들로11길,중상사고,0,1,0,0,차대사람 - 기타,안전운전불이행,포장 - 건조,맑음,단일로 - 기타,승합,남,64세,기타불명,보행자,여,78세,중상
23,2019110000000000.0,2019년 11월 18일 15시,월요일,서울특별시 도봉구 창동,도봉로,중상사고,0,1,0,0,차대사람 - 기타,안전운전불이행,포장 - 건조,맑음,단일로 - 기타,자전거,남,18세,상해없음,보행자,여,78세,중상
24,2019040000000000.0,2019년 4월 1일 12시,월요일,서울특별시 도봉구 도봉동,마들로,경상사고,0,0,1,0,차대차 - 기타,안전운전불이행,포장 - 건조,맑음,단일로 - 기타,승용,남,40세,경상,승용,남,78세,상해없음
25,2019120000000000.0,2019년 12월 3일 07시,화요일,서울특별시 도봉구 쌍문동,시루봉로,중상사고,0,1,0,0,차대사람 - 횡단중,보행자보호의무위반,포장 - 건조,맑음,교차로 - 교차로안,승용,여,38세,상해없음,보행자,여,77세,중상
26,2019090000000000.0,2019년 9월 5일 10시,목요일,서울특별시 도봉구 방학동,도당로,중상사고,0,1,0,0,차대사람 - 기타,안전운전불이행,포장 - 건조,흐림,단일로 - 기타,화물,남,45세,상해없음,보행자,여,77세,중상
27,2019030000000000.0,2019년 3월 26일 18시,화요일,서울특별시 도봉구 방학동,해등로,경상사고,0,0,2,0,차대차 - 기타,안전운전불이행,포장 - 건조,맑음,교차로 - 교차로안,승용,여,41세,상해없음,승용,남,77세,경상
28,2019030000000000.0,2019년 3월 11일 17시,월요일,서울특별시 도봉구 방학동,도당로,중상사고,0,1,0,0,차대사람 - 횡단중,안전운전불이행,포장 - 건조,맑음,교차로 - 교차로횡단보도내,승합,남,59세,상해없음,보행자,여,77세,중상
29,2019120000000000.0,2019년 12월 10일 14시,화요일,서울특별시 도봉구 방학동,방학로,부상신고사고,0,0,0,1,차대차 - 기타,직진우회전진행방해,포장 - 건조,맑음,교차로 - 교차로안,이륜,남,23세,부상신고,승용,남,77세,상해없음
30,2019050000000000.0,2019년 5월 19일 17시,일요일,서울특별시 도봉구 창동,노해로,경상사고,0,0,1,0,차대차 - 추돌,안전운전불이행,포장 - 젖음/습기,비,교차로 - 교차로부근,승용,여,55세,상해없음,이륜,남,77세,경상
31,2019070000000000.0,2019년 7월 28일 11시,일요일,서울특별시 도봉구 방학동,방학로,중상사고,0,1,0,0,차대차 - 측면충돌,안전운전불이행,포장 - 젖음/습기,흐림,교차로 - 교차로안,승용,남,60세,상해없음,이륜,남,76세,중상
32,2019070000000000.0,2019년 7월 1일 12시,월요일,서울특별시 도봉구 창동,덕릉로,중상사고,0,1,0,0,차대사람 - 기타,신호위반,포장 - 건조,맑음,교차로 - 교차로안,이륜,남,35세,상해없음,보행자,여,76세,중상
33,2019040000000000.0,2019년 4월 5일 14시,금요일,서울특별시 도봉구 창동,도봉로,경상사고,0,0,1,1,차대차 - 기타,신호위반,포장 - 건조,맑음,교차로 - 교차로안,이륜,남,29세,상해없음,승용,남,76세,부상신고
34,2019110000000000.0,2019년 11월 24일 16시,일요일,서울특별시 도봉구 창동,덕릉로60길,중상사고,0,1,0,0,차대사람 - 기타,안전운전불이행,포장 - 젖음/습기,비,교차로 - 교차로부근,승용,여,44세,상해없음,보행자,여,76세,중상
35,2019070000000000.0,2019년 7월 1일 17시,월요일,서울특별시 도봉구 방학동,도봉로150나길,중상사고,0,1,0,0,차대차 - 기타,안전운전불이행,포장 - 건조,맑음,교차로 - 교차로부근,승용,남,59세,상해없음,자전거,여,75세,중상
36,2019060000000000.0,2019년 6월 13일 17시,목요일,서울특별시 도봉구 방학동,시루봉로,중상사고,0,1,0,0,차대사람 - 횡단중,안전운전불이행,포장 - 건조,맑음,교차로 - 교차로안,승용,여,60세,상해없음,보행자,여,75세,중상
37,2019020000000000.0,2019년 2월 23일 10시,토요일,서울특별시 도봉구 방학동,도당로,경상사고,0,0,1,0,차대사람 - 횡단중,안전운전불이행,포장 - 건조,맑음,단일로 - 기타,승용,여,49세,상해없음,보행자,여,75세,경상
38,2019070000000000.0,2019년 7월 19일 15시,금요일,서울특별시 도봉구 방학동,도당로,중상사고,0,1,0,0,차대차 - 기타,기타,포장 - 건조,맑음,단일로 - 기타,승용,남,31세,상해없음,자전거,여,75세,중상
39,2019100000000000.0,2019년 10월 17일 11시,목요일,서울특별시 도봉구 방학동,방학로,중상사고,0,1,0,0,차대사람 - 보도통행중,기타,포장 - 건조,맑음,단일로 - 기타,기타불명,남,48세,상해없음,보행자,여,75세,중상
40,2019050000000000.0,2019년 5월 4일 13시,토요일,서울특별시 도봉구 창동,우이천로,부상신고사고,0,0,0,1,차대사람 - 횡단중,보행자보호의무위반,포장 - 건조,맑음,교차로 - 교차로횡단보도내,승용,여,31세,상해없음,보행자,남,75세,부상신고
41,2019030000000000.0,2019년 3월 29일 13시,금요일,서울특별시 도봉구 창동,해등로,중상사고,0,1,0,0,차대사람 - 횡단중,보행자보호의무위반,포장 - 건조,맑음,교차로 - 교차로횡단보도내,승용,여,43세,상해없음,보행자,여,75세,중상