,사고번호,사고일시,요일,시군구,도로명,사고내용,사망자수,중상자수,경상자수,부상신고자수,사고유형,법규위반,노면상태,기상상태,도로형태,가해운전자 차종,가해운전자 성별,가해운전자 연령,가해운전자 상해정도,피해운전자 차종,피해운전자 성별,피해운전자 연령,피해운전자 상해정도
19,2019010000000000.0,2019년 1월 8일 10시,화요일,서울특별시 동대문구 제기동,경동시장로,경상사고,0,0,1,0,차대사람 - 기타,안전운전불이행,포장 - 건조,맑음,단일로 - 기타,화물,남,64세,상해없음,보행자,여,82세,경상
20,2019070000000000.0,2019년 7월 2일 11시,화요일,서울특별시 동대문구 제기동,왕산로,중상사고,0,1,0,0,차대사람 - 기타,안전운전불이행,포장 - 건조,맑음,단일로 - 기타,승합,남,62세,상해없음,보행자,여,82세,중상
21,2019050000000000.0,2019년 5월 31일 14시,금요일,서울특별시 동대문구 제기동,고산자로,중상사고,0,1,0,0,차대사람 - 기타,안전운전불이행,포장 - 건조,맑음,단일로 - 기타,화물,남,51세,상해없음,보행자,여,82세,중상
22,2019050000000000.0,2019년 5월 16일 17시,목요일,서울특별시 동대문구 장안동,장한로18길,경상사고,0,0,1,0,차대차 - 측면충돌,직진우회전진행방해,포장 - 건조,맑음,교차로 - 교차로안,승용,여,37세,상해없음,자전거,여,82세,경상
23,2019080000000000.0,2019년 8월 3일 18시,토요일,서울특별시 동대문구 회기동,이문로,중상사고,0,1,0,0,차대사람 - 횡단중,보행자보호의무위반,포장 - 건조,맑음,교차로 - 교차로안,승용,남,37세,상해없음,보행자,남,82세,중상
24,2019110000000000.0,2019년 11월 12일 13시,화요일,서울특별시 동대문구 제기동,경동시장로,중상사고,0,1,0,0,차대사람 - 차도통행중,안전운전불이행,포장 - 건조,맑음,기타 - 기타,화물,남,65세,상해없음,보행자,여,81세,중상
25,2019060000000000.0,2019년 6월 13일 12시,목요일,서울특별시 동대문구 제기동,고산자로,부상신고사고,0,0,0,1,차대사람 - 기타,신호위반,포장 - 건조,맑음,교차로 - 교차로부근,승용,남,55세,상해없음,보행자,여,81세,부상신고
26,2019070000000000.0,2019년 7월 25일 05시,목요일,서울특별시 동대문구 장안동,사가정로,중상사고,0,1,0,0,차대사람 - 길가장자리구역통행중,안전운전불이행,포장 - 젖음/습기,비,단일로 - 기타,승용,남,52세,상해없음,보행자,여,81세,중상
27,2019110000000000.0,2019년 11월 19일 12시,화요일,서울특별시 동대문구 장안동,장한로,경상사고,0,0,1,0,차대사람 - 기타,안전운전불이행,포장 - 건조,맑음,단일로 - 기타,화물,남,63세,상해없음,보행자,여,81세,경상
28,2019010000000000.0,2019년 1월 6일 13시,일요일,서울특별시 동대문구 청량리동,회기로,경상사고,0,0,1,0,차대차 - 정면충돌,안전운전불이행,포장 - 건조,맑음,교차로 - 교차로안,승용,남,77세,상해없음,이륜,남,81세,경상
29,2019100000000000.0,2019년 10월 15일 22시,화요일,서울특별시 동대문구 이문동,한천로,중상사고,0,1,0,0,차대사람 - 길가장자리구역통행중,안전운전불이행,포장 - 건조,맑음,교차로 - 교차로안,승용,남,59세,상해없음,보행자,여,81세,중상
30,2019010000000000.0,2019년 1월 3일 14시,목요일,서울특별시 동대문구 답십리동,황물로,중상사고,0,1,0,0,차대사람 - 차도통행중,안전운전불이행,포장 - 건조,맑음,단일로 - 기타,승용,남,56세,상해없음,보행자,여,80세,중상
31,2019120000000000.0,2019년 12월 29일 10시,일요일,서울특별시 동대문구 장안동,사가정로,중상사고,0,1,0,0,차대사람 - 횡단중,안전운전불이행,포장 - 건조,맑음,단일로 - 기타,승용,여,27세,상해없음,보행자,여,80세,중상
32,2019120000000000.0,2019년 12월 10일 22시,화요일,서울특별시 동대문구 이문동,이문로,중상사고,0,1,0,0,차대사람 - 기타,안전운전불이행,포장 - 건조,맑음,단일로 - 기타,승용,남,86세,상해없음,보행자,여,80세,중상
33,2019070000000000.0,2019년 7월 6일 17시,토요일,서울특별시 동대문구 장안동,한천로24길,경상사고,0,0,1,0,차대사람 - 횡단중,안전운전불이행,포장 - 건조,맑음,단일로 - 기타,승용,남,40세,상해없음,보행자,남,7세,경상
34,2019020000000000.0,2019년 2월 10일 09시,일요일,서울특별시 동대문구 제기동,경동시장로,중상사고,0,1,0,0,차대차 - 기타,안전운전불이행,포장 - 건조,맑음,단일로 - 기타,승용,남,65세,상해없음,자전거,남,79세,중상
35,2019030000000000.0,2019년 3월 6일 21시,수요일,서울특별시 동대문구 제기동,고산자로,경상사고,0,0,3,0,차대차 - 측면충돌,신호위반,포장 - 건조,맑음,교차로 - 교차로안,승용,여,47세,상해없음,승용,남,79세,경상
36,2019120000000000.0,2019년 12월 10일 13시,화요일,서울특별시 동대문구 제기동,왕산로,중상사고,0,1,0,0,차대사람 - 횡단중,안전운전불이행,포장 - 건조,맑음,단일로 - 기타,승용,남,56세,상해없음,보행자,여,79세,중상
37,2019080000000000.0,2019년 8월 21일 17시,수요일,서울특별시 동대문구 장안동,장한로,경상사고,0,0,1,0,차대사람 - 기타,안전운전불이행,포장 - 건조,맑음,단일로 - 기타,승합,남,57세,상해없음,보행자,남,79세,경상
38,2019110000000000.0,2019년 11월 12일 19시,화요일,서울특별시 동대문구 전농동,서울시립대로,중상사고,0,1,0,0,차대사람 - 기타,안전운전불이행,포장 - 건조,맑음,단일로 - 기타,승용,남,36세,상해없음,보행자,여,78세,중상
39,2019080000000000.0,2019년 8월 6일 05시,화요일,서울특별시 동대문구 전농동,답십리로,중상사고,0,1,0,0,차대사람 - 횡단중,안전운전불이행,포장 - 건조,맑음,단일로 - 기타,화물,남,52세,상해없음,보행자,여,78세,중상
40,2019040000000000.0,2019년 4월 12일 19시,금요일,서울특별시 동대문구 답십리동,전농로,경상사고,0,0,1,0,차대사람 - 횡단중,안전운전불이행,포장 - 건조,맑음,교차로 - 교차로부근,이륜,남,39세,기타불명,보행자,여,78세,경상
41,2019030000000000.0,2019년 3월 30일 13시,토요일,서울특별시 동대문구 답십리동,답십리로57길,경상사고,0,0,1,0,차대사람 - 횡단중,보행자보호의무위반,포장 - 건조,맑음,교차로 - 교차로횡단보도내,승용,남,49세,상해없음,보행자,여,78세,경상
42,2019030000000000.0,2019년 3월 11일 11시,월요일,서울특별시 동대문구 답십리동,황물로,중상사고,0,1,0,0,차대차 - 측면충돌,기타,포장 - 건조,맑음,단일로 - 기타,승용,남,55세,상해없음,자전거,남,78세,중상
43,2019010000000000.0,2019년 1월 5일 10시,토요일,서울특별시 동대문구 답십리동,전농로,경상사고,0,0,1,0,차대사람 - 기타,안전운전불이행,포장 - 건조,맑음,단일로 - 기타,개인형이동수단(PM),남,26세,상해없음,보행자,남,78세,경상
44,2019120000000000.0,2019년 12월 18일 15시,수요일,서울특별시 동대문구 장안동,장안벚꽃로,중상사고,0,1,0,0,차대사람 - 보도통행중,기타,포장 - 건조,맑음,단일로 - 기타,기타불명,기타불명,미분류,기타불명,보행자,여,78세,중상
45,2019050000000000.0,2019년 5월 26일 05시,일요일,서울특별시 동대문구 장안동,장한로,중상사고,0,1,0,0,차대차 - 정면충돌,신호위반,포장 - 건조,맑음,교차로 - 교차로안,승용,남,56세,상해없음,승용,남,78세,중상
46,2019030000000000.0,2019년 3월 26일 07시,화요일,서울특별시 동대문구 장안동,장한로18길,경상사고,0,0,1,0,차대차 - 측면충돌,안전운전불이행,포장 - 건조,맑음,교차로 - 교차로안,승용,남,67세,상해없음,자전거,여,78세,경상
47,2019020000000000.0,2019년 2월 25일 10시,월요일,서울특별시 동대문구 신설동,한빛로,경상사고,0,0,1,0,차대사람 - 횡단중,보행자보호의무위반,포장 - 건조,맑음,단일로 - 기타,화물,남,57세,상해없음,보행자,여,77세,경상
48,2019090000000000.0,2019년 9월 18일 18시,수요일,서울특별시 동대문구 신설동,왕산로,중상사고,0,1,0,0,차대사람 - 차도통행중,안전운전불이행,포장 - 건조,맑음,단일로 - 기타,화물,남,34세,상해없음,보행자,여,77세,중상
49,2019020000000000.0,2019년 2월 11일 20시,월요일,서울특별시 동대문구 용두동,왕산로,중상사고,0,1,0,0,차대사람 - 기타,안전운전불이행,포장 - 건조,맑음,단일로 - 기타,승합,남,62세,상해없음,보행자,여,77세,중상
50,2019110000000000.0,2019년 11월 4일 09시,월요일,서울특별시 동대문구 용두동,청계천로,경상사고,0,0,1,0,차대사람 - 횡단중,안전운전불이행,포장 - 건조,맑음,교차로 - 교차로횡단보도내,화물,남,51세,상해없음,보행자,여,77세,경상
51,2019090000000000.0,2019년 9월 30일 12시,월요일,서울특별시 동대문구 용두동,답십리로,경상사고,0,0,1,0,차대사람 - 횡단중,안전운전불이행,포장 - 건조,맑음,단일로 - 기타,이륜,남,67세,상해없음,보행자,여,77세,경상
52,2019120000000000.0,2019년 12월 5일 12시,목요일,서울특별시 동대문구 전농동,답십리로,경상사고,0,0,1,0,차대사람 - 횡단중,안전운전불이행,포장 - 건조,맑음,단일로 - 기타,건설기계,남,39세,상해없음,보행자,남,77세,경상
53,2019110000000000.0,2019년 11월 14일 12시,목요일,서울특별시 동대문구 답십리동,전농로,중상사고,0,2,0,0,차대사람 - 보도통행중,안전운전불이행,포장 - 건조,맑음,교차로 - 교차로횡단보도내,승합,남,43세,상해없음,보행자,남,77세,중상
54,2019080000000000.0,2019년 8월 22일 12시,목요일,서울특별시 동대문구 답십리동,답십리로,중상사고,0,1,0,0,차대사람 - 횡단중,안전운전불이행,포장 - 건조,맑음,단일로 - 기타,승용,여,47세,상해없음,보행자,여,77세,중상
55,2019040000000000.0,2019년 4월 4일 22시,목요일,서울특별시 동대문구 청량리동,왕산로,중상사고,0,1,0,0,차대사람 - 차도통행중,안전운전불이행,포장 - 건조,맑음,단일로 - 기타,승용,남,68세,상해없음,보행자,남,77세,중상
56,2019090000000000.0,2019년 9월 7일 12시,토요일,서울특별시 동대문구 청량리동,제기로,중상사고,0,1,0,0,차대사람 - 횡단중,신호위반,포장 - 젖음/습기,비,교차로 - 교차로횡단보도내,이륜,남,32세,상해없음,보행자,여,77세,중상
57,2019120000000000.0,2019년 12월 19일 13시,목요일,서울특별시 동대문구 청량리동,약령시로,경상사고,0,0,1,0,차대차 - 기타,안전운전불이행,포장 - 건조,맑음,단일로 - 기타,승용,남,85세,상해없음,자전거,남,77세,경상
58,2019090000000000.0,2019년 9월 7일 10시,토요일,서울특별시 동대문구 이문동,외대역동로,경상사고,0,0,2,0,차대사람 - 기타,기타,포장 - 건조,맑음,교차로 - 교차로부근,자전거,남,82세,경상,보행자,여,77세,경상
59,2019010000000000.0,2019년 1월 5일 10시,토요일,서울특별시 동대문구 제기동,경동시장로,중상사고,0,1,0,0,차대사람 - 기타,안전운전불이행,포장 - 건조,맑음,교차로 - 교차로안,화물,남,34세,상해없음,보행자,여,76세,중상
60,2019090000000000.0,2019년 9월 6일 19시,금요일,서울특별시 동대문구 제기동,경동시장로,중상사고,0,1,0,0,차대사람 - 기타,안전운전불이행,포장 - 건조,맑음,단일로 - 기타,승용,남,59세,상해없음,보행자,남,76세,중상
61,2019040000000000.0,2019년 4월 15일 18시,월요일,서울특별시 동대문구 전농동,왕산로,경상사고,0,0,1,0,차대사람 - 기타,안전운전불이행,포장 - 건조,맑음,기타 - 기타,승합,남,53세,상해없음,보행자,여,76세,경상
62,2019090000000000.0,2019년 9월 22일 06시,일요일,서울특별시 동대문구 답십리동,한천로,사망사고,1,0,0,0,차대사람 - 차도통행중,안전운전불이행,포장 - 젖음/습기,비,교차로 - 교차로부근,승용,남,42세,상해없음,보행자,남,76세,사망
63,2019120000000000.0,2019년 12월 4일 13시,수요일,서울특별시 동대문구 답십리동,답십리로,중상사고,0,1,0,0,차대차 - 측면충돌,안전운전불이행,포장 - 건조,맑음,교차로 - 교차로안,승용,남,68세,상해없음,이륜,남,76세,중상
64,2019110000000000.0,2019년 11월 13일 10시,수요일,서울특별시 동대문구 장안동,답십리로66길,경상사고,0,0,1,0,차대차 - 기타,교차로운행방법위반,포장 - 건조,맑음,교차로 - 교차로안,화물,남,69세,상해없음,자전거,남,76세,경상
65,2019050000000000.0,2019년 5월 4일 15시,토요일,서울특별시 동대문구 장안동,답십리로72길,중상사고,0,1,0,0,차대사람 - 횡단중,보행자보호의무위반,포장 - 건조,맑음,교차로 - 교차로횡단보도내,승용,남,46세,상해없음,보행자,여,76세,중상
66,2019020000000000.0,2019년 2월 14일 11시,목요일,서울특별시 동대문구 장안동,장한로,중상사고,0,2,0,0,차대차 - 측면충돌,신호위반,포장 - 건조,맑음,교차로 - 교차로부근,화물,남,55세,상해없음,이륜,남,76세,중상
67,2019060000000000.0,2019년 6월 4일 11시,화요일,서울특별시 동대문구 장안동,답십리로69길,경상사고,0,0,1,0,차대차 - 추돌,교차로운행방법위반,포장 - 건조,맑음,교차로 - 교차로안,화물,남,46세,상해없음,자전거,남,76세,경상
68,2019060000000000.0,2019년 6월 9일 20시,일요일,서울특별시 동대문구 청량리동,왕산로,중상사고,0,1,0,0,차대사람 - 횡단중,안전운전불이행,포장 - 젖음/습기,비,교차로 - 교차로안,승용,남,36세,상해없음,보행자,여,76세,중상
69,2019120000000000.0,2019년 12월 3일 10시,화요일,서울특별시 동대문구 휘경동,장안벚꽃로,부상신고사고,0,0,0,1,차대차 - 측면충돌,안전운전불이행,포장 - 건조,맑음,단일로 - 기타,자전거,남,57세,부상신고,승용,남,76세,상해없음
70,2019090000000000.0,2019년 9월 10일 06시,화요일,서울특별시 동대문구 용두동,무학로,경상사고,0,0,1,0,차대사람 - 기타,안전운전불이행,포장 - 건조,맑음,단일로 - 기타,승합,남,41세,상해없음,보행자,여,75세,경상
71,2019050000000000.0,2019년 5월 8일 10시,수요일,서울특별시 동대문구 제기동,고산자로,경상사고,0,0,1,0,차대사람 - 기타,안전운전불이행,포장 - 건조,맑음,교차로 - 교차로부근,화물,남,48세,상해없음,보행자,여,75세,경상
72,2019060000000000.0,2019년 6월 27일 16시,목요일,서울특별시 동대문구 제기동,경동시장로,중상사고,0,1,0,0,차대사람 - 기타,안전운전불이행,포장 - 건조,맑음,단일로 - 기타,승용,여,34세,상해없음,보행자,여,75세,중상
73,2019090000000000.0,2019년 9월 7일 08시,토요일,서울특별시 동대문구 제기동,고산자로,중상사고,0,1,0,0,차대차 - 측면충돌,안전거리미확보,포장 - 건조,맑음,단일로 - 기타,승합,남,46세,상해없음,자전거,남,75세,중상
74,2019040000000000.0,2019년 4월 2일 09시,화요일,서울특별시 동대문구 답십리동,천호대로,경상사고,0,0,1,0,차대차 - 기타,안전운전불이행,포장 - 건조,맑음,단일로 - 기타,이륜,남,26세,경상,승용,남,75세,상해없음
75,2019010000000000.0,2019년 1월 6일 06시,일요일,서울특별시 동대문구 장안동,답십리로,중상사고,0,1,0,0,차대차 - 기타,중앙선침범,포장 - 건조,맑음,교차로 - 교차로부근,자전거,여,70세,중상,이륜,남,75세,상해없음
76,2019100000000000.0,2019년 10월 10일 01시,목요일,서울특별시 동대문구 청량리동,제기로,부상신고사고,0,0,0,1,차대사람 - 횡단중,안전운전불이행,포장 - 건조,맑음,단일로 - 기타,이륜,남,31세,상해없음,보행자,여,75세,부상신고
77,2019110000000000.0,2019년 11월 7일 08시,목요일,서울특별시 동대문구 용두동,천호대로,부상신고사고,0,0,0,1,차대차 - 기타,안전운전불이행,포장 - 건조,맑음,교차로 - 교차로부근,자전거,남,73세,부상신고,승용,남,74세,상해없음
78,2019080000000000.0,2019년 8월 19일 19시,월요일,서울특별시 동대문구 용두동,천호대로27길,중상사고,0,1,0,0,차대사람 - 횡단중,안전운전불이행,포장 - 건조,맑음,단일로 - 기타,승용,여,46세,상해없음,보행자,여,74세,중상
79,2019100000000000.0,2019년 10월 18일 12시,금요일,서울특별시 동대문구 용두동,왕산로,중상사고,0,1,0,0,차대차 - 기타,안전운전불이행,포장 - 건조,맑음,단일로 - 기타,승합,남,47세,상해없음,자전거,남,74세,중상
80,2019030000000000.0,2019년 3월 23일 14시,토요일,서울특별시 동대문구 답십리동,황물로,중상사고,0,1,0,0,차대사람 - 횡단중,안전운전불이행,포장 - 건조,맑음,교차로 - 교차로부근,승합,남,51세,상해없음,보행자,남,74세,중상
81,2019030000000000.0,2019년 3월 27일 21시,수요일,서울특별시 동대문구 장안동,천호대로,경상사고,0,0,1,0,차대차 - 추돌,안전운전불이행,포장 - 건조,맑음,교차로 - 교차로부근,승용,여,62세,상해없음,승용,남,74세,경상
82,2019040000000000.0,2019년 4월 3일 08시,수요일,서울특별시 동대문구 장안동,사가정로,중상사고,0,1,0,0,차대사람 - 길가장자리구역통행중,안전운전불이행,포장 - 건조,맑음,교차로 - 교차로부근,승용,여,42세,상해없음,보행자,여,74세,중상
83,2019070000000000.0,2019년 7월 3일 13시,수요일,서울특별시 동대문구 용두동,왕산로,중상사고,0,1,0,0,차대사람 - 기타,안전운전불이행,포장 - 건조,맑음,교차로 - 교차로횡단보도내,승합,남,43세,상해없음,보행자,남,73세,중상
84,2019040000000000.0,2019년 4월 22일 20시,월요일,서울특별시 동대문구 전농동,왕산로,경상사고,0,0,1,0,차대사람 - 보도통행중,보행자보호의무위반,포장 - 건조,맑음,단일로 - 기타,기타불명,기타불명,미분류,기타불명,보행자,남,73세,경상
85,2019080000000000.0,2019년 8월 2일 09시,금요일,서울특별시 동대문구 답십리동,전농로,경상사고,0,0,1,0,차대차 - 측면충돌,신호위반,포장 - 건조,맑음,교차로 - 교차로안,승용,남,37세,상해없음,화물,남,73세,경상
86,2019100000000000.0,2019년 10월 16일 17시,수요일,서울특별시 동대문구 장안동,답십리로65길,부상신고사고,0,0,0,1,차대차 - 측면충돌,불법유턴,포장 - 건조,맑음,단일로 - 기타,자전거,남,65세,부상신고,승용,남,73세,상해없음
87,2019010000000000.0,2019년 1월 26일 17시,토요일,서울특별시 동대문구 장안동,천호대로,경상사고,0,0,2,0,차대차 - 기타,안전거리미확보,포장 - 건조,맑음,단일로 - 기타,승용,여,36세,경상,승용,남,73세,경상
88,2019110000000000.0,2019년 11월 18일 11시,월요일,서울특별시 동대문구 장안동,장한로17길,경상사고,0,0,1,0,차대사람 - 기타,안전운전불이행,포장 - 건조,맑음,단일로 - 기타,승용,남,48세,상해없음,보행자,남,73세,경상
89,2019010000000000.0,2019년 1월 25일 19시,금요일,서울특별시 동대문구 청량리동,제기로,경상사고,0,0,1,0,차대사람 - 횡단중,안전운전불이행,포장 - 건조,맑음,단일로 - 기타,이륜,남,43세,상해없음,보행자,여,73세,경상
90,2019060000000000.0,2019년 6월 7일 07시,금요일,서울특별시 동대문구 휘경동,한천로,경상사고,0,0,2,0,차대차 - 측면충돌,신호위반,포장 - 건조,맑음,교차로 - 교차로안,승용,남,62세,상해없음,승용,남,73세,경상
91,2019040000000000.0,2019년 4월 28일 09시,일요일,서울특별시 동대문구 휘경동,망우로,경상사고,0,0,2,0,차대차 - 추돌,안전거리미확보,포장 - 건조,맑음,단일로 - 기타,승용,여,33세,상해없음,승용,남,73세,경상
92,2019080000000000.0,2019년 8월 16일 17시,금요일,서울특별시 동대문구 용두동,고산자로,경상사고,0,0,1,0,차대차 - 측면충돌,교차로운행방법위반,포장 - 건조,맑음,교차로 - 교차로부근,승용,여,55세,상해없음,이륜,남,72세,경상
93,2019110000000000.0,2019년 11월 30일 23시,토요일,서울특별시 동대문구 제기동,왕산로,경상사고,0,0,3,0,차대차 - 추돌,안전운전불이행,포장 - 건조,맑음,교차로 - 교차로부근,승용,남,52세,상해없음,승용,남,72세,상해없음
94,2019010000000000.0,2019년 1월 10일 12시,목요일,서울특별시 동대문구 제기동,제기로,중상사고,0,1,0,0,차대차 - 측면충돌,신호위반,포장 - 건조,맑음,교차로 - 교차로안,승용,남,70세,상해없음,이륜,남,72세,중상
95,2019110000000000.0,2019년 11월 4일 13시,월요일,서울특별시 동대문구 전농동,사가정로,경상사고,0,0,1,0,차대차 - 기타,안전운전불이행,포장 - 건조,맑음,교차로 - 교차로안,승용,남,40세,상해없음,자전거,남,72세,경상
96,2019120000000000.0,2019년 12월 20일 22시,금요일,서울특별시 동대문구 전농동,왕산로,경상사고,0,0,1,0,차대차 - 기타,안전거리미확보,포장 - 건조,맑음,교차로 - 교차로부근,이륜,남,23세,경상,승용,남,72세,상해없음
97,2019080000000000.0,2019년 8월 5일 15시,월요일,서울특별시 동대문구 장안동,사가정로,경상사고,0,0,1,0,차대차 - 추돌,안전운전불이행,포장 - 건조,맑음,단일로 - 기타,화물,남,59세,상해없음,승용,남,72세,경상
98,2019090000000000.0,2019년 9월 5일 22시,목요일,서울특별시 동대문구 장안동,한천로,경상사고,0,0,1,0,차대차 - 기타,안전운전불이행,포장 - 건조,맑음,단일로 - 기타,이륜,남,19세,경상,승용,남,72세,상해없음
99,2019100000000000.0,2019년 10월 16일 01시,수요일,서울특별시 동대문구 장안동,천호대로,경상사고,0,0,1,0,차대차 - 추돌,안전운전불이행,포장 - 건조,맑음,기타 - 기타,화물,남,26세,상해없음,승용,남,72세,경상
100,2019090000000000.0,2019년 9월 11일 18시,수요일,서울특별시 동대문구 장안동,천호대로77길,중상사고,0,1,0,0,차대사람 - 기타,안전운전불이행,포장 - 건조,맑음,단일로 - 기타,이륜,남,55세,상해없음,보행자,여,72세,중상
101,2019120000000000.0,2019년 12월 6일 11시,금요일,서울특별시 동대문구 장안동,한천로,경상사고,0,0,1,0,차대차 - 측면충돌,중앙선침범,포장 - 건조,맑음,교차로 - 교차로부근,이륜,남,19세,경상,승용,남,72세,상해없음
102,2019100000000000.0,2019년 10월 22일 15시,화요일,서울특별시 동대문구 장안동,답십리로,부상신고사고,0,0,0,1,차대차 - 기타,안전거리미확보,포장 - 건조,맑음,교차로 - 교차로횡단보도내,이륜,남,57세,부상신고,승용,남,72세,상해없음
103,2019090000000000.0,2019년 9월 18일 14시,수요일,서울특별시 동대문구 장안동,장안벚꽃로,경상사고,0,0,1,0,차대차 - 추돌,안전운전불이행,포장 - 건조,맑음,단일로 - 기타,승용,남,88세,상해없음,승용,남,72세,경상
104,2019020000000000.0,2019년 2월 22일 12시,금요일,서울특별시 동대문구 장안동,천호대로,중상사고,0,2,0,1,차대차 - 측면충돌,신호위반,포장 - 건조,맑음,교차로 - 교차로안,화물,남,66세,부상신고,승용,남,72세,중상
105,2019110000000000.0,2019년 11월 1일 17시,금요일,서울특별시 동대문구 장안동,천호대로77길,중상사고,0,1,0,0,차대차 - 측면충돌,직진우회전진행방해,포장 - 건조,맑음,교차로 - 교차로안,승용,남,55세,상해없음,이륜,남,72세,중상
106,2019050000000000.0,2019년 5월 7일 11시,화요일,서울특별시 동대문구 청량리동,왕산로,경상사고,0,0,1,0,차대차 - 측면충돌,안전거리미확보,포장 - 건조,맑음,단일로 - 기타,승용,여,69세,상해없음,승용,남,72세,상해없음
107,2019010000000000.0,2019년 1월 4일 21시,금요일,서울특별시 동대문구 청량리동,제기로,경상사고,0,0,1,0,차대차 - 기타,안전운전불이행,포장 - 건조,맑음,단일로 - 기타,이륜,남,41세,경상,승용,남,72세,상해없음
108,2019080000000000.0,2019년 8월 14일 08시,수요일,서울특별시 동대문구 휘경동,망우로,중상사고,0,1,0,0,차대차 - 추돌,안전거리미확보,포장 - 건조,맑음,단일로 - 기타,승용,남,34세,상해없음,승용,남,72세,중상
109,2019090000000000.0,2019년 9월 11일 12시,수요일,서울특별시 동대문구 이문동,이문로,중상사고,0,1,0,0,차대차 - 기타,기타,포장 - 건조,맑음,단일로 - 기타,승합,남,45세,상해없음,이륜,남,72세,상해없음
110,2019100000000000.0,2019년 10월 2일 14시,수요일,서울특별시 동대문구 용두동,왕산로,부상신고사고,0,0,0,1,차대차 - 추돌,안전거리미확보,포장 - 건조,맑음,교차로 - 교차로부근,이륜,남,59세,부상신고,승용,남,71세,상해없음
111,2019050000000000.0,2019년 5월 16일 11시,목요일,서울특별시 동대문구 용두동,고산자로,부상신고사고,0,0,0,1,차대차 - 측면충돌,안전운전불이행,포장 - 건조,맑음,단일로 - 기타,이륜,남,18세,부상신고,승용,남,71세,상해없음
112,2019110000000000.0,2019년 11월 24일 17시,일요일,서울특별시 동대문구 제기동,고산자로,중상사고,0,1,0,0,차대사람 - 횡단중,안전운전불이행,포장 - 젖음/습기,비,단일로 - 기타,승용,남,38세,상해없음,보행자,남,71세,중상
113,2019020000000000.0,2019년 2월 1일 14시,금요일,서울특별시 동대문구 제기동,경동시장로,경상사고,0,0,1,0,차대사람 - 기타,안전운전불이행,포장 - 건조,맑음,단일로 - 기타,승용,여,61세,상해없음,보행자,여,71세,경상
114,2019050000000000.0,2019년 5월 27일 17시,월요일,서울특별시 동대문구 제기동,고산자로,중상사고,0,1,0,0,차대사람 - 기타,안전운전불이행,포장 - 젖음/습기,흐림,단일로 - 기타,화물,남,39세,상해없음,보행자,여,71세,중상
115,2019060000000000.0,2019년 6월 26일 08시,수요일,서울특별시 동대문구 제기동,경동시장로,경상사고,0,0,1,0,차대사람 - 기타,안전운전불이행,포장 - 건조,맑음,단일로 - 기타,화물,남,57세,상해없음,보행자,여,71세,경상
116,2019040000000000.0,2019년 4월 11일 12시,목요일,서울특별시 동대문구 장안동,사가정로,중상사고,0,1,0,0,차대사람 - 보도통행중,보행자보호의무위반,포장 - 건조,맑음,교차로 - 교차로횡단보도내,승용,여,42세,상해없음,보행자,남,71세,중상
117,2019010000000000.0,2019년 1월 25일 09시,금요일,서울특별시 동대문구 장안동,답십리로69길,경상사고,0,0,1,0,차대사람 - 횡단중,보행자보호의무위반,포장 - 건조,맑음,교차로 - 교차로안,승용,여,36세,상해없음,보행자,여,71세,경상
118,2019120000000000.0,2019년 12월 13일 09시,금요일,서울특별시 동대문구 청량리동,왕산로,중상사고,0,1,0,0,차대사람 - 기타,안전운전불이행,포장 - 건조,맑음,단일로 - 기타,화물,남,68세,상해없음,보행자,남,71세,중상
119,2019120000000000.0,2019년 12월 16일 16시,월요일,서울특별시 동대문구 휘경동,휘경로,중상사고,0,1,0,0,차대사람 - 횡단중,보행자보호의무위반,포장 - 건조,맑음,교차로 - 교차로횡단보도내,승용,남,58세,상해없음,보행자,여,71세,중상
120,2019040000000000.0,2019년 4월 16일 14시,화요일,서울특별시 동대문구 휘경동,망우로,중상사고,0,2,2,0,차대차 - 추돌,안전거리미확보,포장 - 건조,맑음,단일로 - 기타,승용,남,67세,상해없음,승용,남,71세,상해없음
121,2019090000000000.0,2019년 9월 17일 20시,화요일,서울특별시 동대문구 휘경동,망우로21길,중상사고,0,1,0,0,차대사람 - 횡단중,안전운전불이행,포장 - 건조,맑음,기타 - 기타,승용,남,61세,상해없음,보행자,남,71세,중상
122,2019040000000000.0,2019년 4월 23일 13시,화요일,서울특별시 동대문구 이문동,천장산로,경상사고,0,0,1,0,차대사람 - 차도통행중,안전운전불이행,포장 - 건조,맑음,단일로 - 기타,승용,여,43세,상해없음,보행자,여,71세,경상
123,2019030000000000.0,2019년 3월 28일 10시,목요일,서울특별시 동대문구 신설동,난계로,경상사고,0,0,1,0,차대사람 - 횡단중,안전운전불이행,포장 - 건조,맑음,단일로 - 기타,승용,남,62세,상해없음,보행자,남,70세,경상
124,2019080000000000.0,2019년 8월 16일 06시,금요일,서울특별시 동대문구 용두동,무학로,중상사고,0,1,0,0,차대차 - 측면충돌,안전운전불이행,포장 - 젖음/습기,비,단일로 - 기타,자전거,남,23세,상해없음,자전거,남,70세,중상