,사고번호,사고일시,요일,시군구,도로명,사고내용,사망자수,중상자수,경상자수,부상신고자수,사고유형,법규위반,노면상태,기상상태,도로형태,가해운전자 차종,가해운전자 성별,가해운전자 연령,가해운전자 상해정도,피해운전자 차종,피해운전자 성별,피해운전자 연령,피해운전자 상해정도
110,2019060000000000.0,2019년 6월 16일 07시,일요일,서울특별시 서초구 서초동,반포대로,중상사고,0,3,3,0,차대차 - 정면충돌,중앙선침범,포장 - 건조,맑음,교차로 - 교차로부근,승용,남,34세,상해없음,승용,남,69세,중상
111,2019100000000000.0,2019년 10월 14일 15시,월요일,서울특별시 서초구 서초동,효령로55길,부상신고사고,0,0,0,1,차대사람 - 횡단중,안전운전불이행,포장 - 건조,맑음,교차로 - 교차로횡단보도내,승용,여,40세,상해없음,보행자,남,69세,부상신고
112,2019060000000000.0,2019년 6월 20일 09시,목요일,서울특별시 서초구 서초동,서운로,경상사고,0,0,1,0,차대차 - 기타,안전운전불이행,포장 - 건조,맑음,교차로 - 교차로부근,승합,남,52세,상해없음,승용,남,69세,경상
113,2019010000000000.0,2019년 1월 18일 19시,금요일,서울특별시 서초구 방배동,방배로,경상사고,0,0,1,0,차대사람 - 횡단중,신호위반,포장 - 건조,맑음,교차로 - 교차로횡단보도내,승합,남,57세,상해없음,보행자,여,68세,경상
114,2019010000000000.0,2019년 1월 5일 00시,토요일,서울특별시 서초구 방배동,남부순환로,경상사고,0,0,2,0,차대차 - 측면충돌,차로위반,포장 - 건조,맑음,기타 - 기타,승용,남,37세,상해없음,승용,남,68세,경상
115,2019070000000000.0,2019년 7월 29일 15시,월요일,서울특별시 서초구 방배동,남부순환로,사망사고,1,0,0,0,차대사람 - 횡단중,안전운전불이행,포장 - 건조,맑음,단일로 - 지하차도(도로)내,건설기계,남,61세,상해없음,보행자,남,68세,사망
116,2019050000000000.0,2019년 5월 4일 18시,토요일,서울특별시 서초구 방배동,과천대로,경상사고,0,0,1,0,차대차 - 측면충돌,안전거리미확보,포장 - 건조,맑음,단일로 - 기타,승용,여,41세,상해없음,승용,남,68세,경상
117,2019070000000000.0,2019년 7월 31일 00시,수요일,서울특별시 서초구 방배동,효령로,중상사고,0,1,0,0,차대사람 - 횡단중,안전운전불이행,포장 - 건조,맑음,단일로 - 기타,승합,남,41세,상해없음,보행자,남,68세,중상
118,2019010000000000.0,2019년 1월 30일 00시,수요일,서울특별시 서초구 양재동,강남대로,경상사고,0,0,3,0,차대차 - 측면충돌,안전운전불이행,포장 - 건조,맑음,단일로 - 기타,승용,남,36세,상해없음,승용,남,68세,경상
119,2019040000000000.0,2019년 4월 4일 07시,목요일,서울특별시 서초구 양재동,경부고속도로,경상사고,0,0,4,0,차대차 - 기타,기타,포장 - 건조,맑음,단일로 - 기타,건설기계,남,46세,상해없음,승용,남,68세,경상
120,2019110000000000.0,2019년 11월 18일 15시,월요일,서울특별시 서초구 양재동,양재대로,경상사고,0,0,2,0,차대차 - 기타,안전운전불이행,포장 - 건조,맑음,단일로 - 기타,화물,남,29세,상해없음,승용,남,68세,경상
121,2019100000000000.0,2019년 10월 21일 21시,월요일,서울특별시 서초구 양재동,경부고속도로,경상사고,0,0,2,0,차대차 - 추돌,안전운전불이행,포장 - 건조,맑음,단일로 - 기타,승용,남,62세,상해없음,승용,남,68세,경상
122,2019080000000000.0,2019년 8월 13일 23시,화요일,서울특별시 서초구 잠원동,신반포로33길,경상사고,0,0,1,0,차대차 - 측면충돌,안전운전불이행,포장 - 건조,맑음,교차로 - 교차로안,승용,남,34세,상해없음,승용,남,68세,경상
123,2019020000000000.0,2019년 2월 1일 05시,금요일,서울특별시 서초구 반포동,사평대로,경상사고,0,0,1,0,차대차 - 측면충돌,신호위반,포장 - 건조,맑음,교차로 - 교차로안,승용,여,60세,상해없음,승용,남,68세,경상
124,2019090000000000.0,2019년 9월 14일 06시,토요일,서울특별시 서초구 반포동,사평대로,경상사고,0,0,1,0,차대차 - 추돌,안전운전불이행,포장 - 건조,맑음,단일로 - 기타,승용,남,60세,상해없음,승용,남,68세,경상
125,2019090000000000.0,2019년 9월 23일 16시,월요일,서울특별시 서초구 반포동,신반포로15길,경상사고,0,0,2,0,차대차 - 측면충돌,신호위반,포장 - 건조,맑음,교차로 - 교차로안,승용,남,70세,경상,화물,남,68세,경상
126,2019080000000000.0,2019년 8월 3일 10시,토요일,서울특별시 서초구 반포동,신반포로,경상사고,0,0,1,0,차대사람 - 횡단중,신호위반,포장 - 건조,맑음,교차로 - 교차로안,승용,남,68세,상해없음,보행자,여,68세,경상
127,2019100000000000.0,2019년 10월 28일 15시,월요일,서울특별시 서초구 반포동,사평대로,경상사고,0,0,1,0,차대차 - 측면충돌,안전운전불이행,포장 - 건조,맑음,단일로 - 기타,승용,남,43세,상해없음,승용,남,68세,경상
128,2019030000000000.0,2019년 3월 12일 22시,화요일,서울특별시 서초구 반포동,동작대로,중상사고,0,1,3,0,차대차 - 추돌,안전운전불이행,포장 - 건조,맑음,단일로 - 고가도로위,승용,남,30세,상해없음,승용,남,68세,경상
129,2019120000000000.0,2019년 12월 29일 11시,일요일,서울특별시 서초구 반포동,반포대로,중상사고,0,1,3,0,차대차 - 기타,안전거리미확보,포장 - 건조,맑음,교차로 - 교차로안,승용,남,64세,중상,승용,남,68세,경상
130,2019080000000000.0,2019년 8월 24일 14시,토요일,서울특별시 서초구 반포동,사평대로,경상사고,0,0,1,0,차대차 - 측면충돌,안전거리미확보,포장 - 건조,맑음,교차로 - 교차로부근,승용,남,74세,상해없음,승용,남,68세,경상
131,2019070000000000.0,2019년 7월 10일 09시,수요일,서울특별시 서초구 서초동,서초중앙로,경상사고,0,0,1,0,차대차 - 추돌,안전거리미확보,포장 - 건조,맑음,기타 - 기타,승용,남,67세,상해없음,승용,남,68세,경상
132,2019120000000000.0,2019년 12월 13일 15시,금요일,서울특별시 서초구 서초동,사평대로56길,경상사고,0,0,2,0,차대차 - 측면충돌,안전운전불이행,포장 - 건조,맑음,단일로 - 기타,승용,여,39세,경상,승용,남,68세,경상
133,2019050000000000.0,2019년 5월 11일 00시,토요일,서울특별시 서초구 서초동,효령로,사망사고,1,0,0,0,차대사람 - 기타,안전운전불이행,포장 - 건조,맑음,교차로 - 교차로부근,승용,남,72세,상해없음,보행자,남,68세,사망
134,2019100000000000.0,2019년 10월 14일 14시,월요일,서울특별시 서초구 서초동,효령로,경상사고,0,0,1,0,차대사람 - 기타,안전운전불이행,포장 - 건조,맑음,단일로 - 기타,승합,남,59세,상해없음,보행자,남,68세,경상
135,2019080000000000.0,2019년 8월 22일 18시,목요일,서울특별시 서초구 서초동,서운로26길,중상사고,0,1,0,0,차대사람 - 횡단중,안전운전불이행,포장 - 건조,맑음,교차로 - 교차로안,승용,남,60세,상해없음,보행자,여,68세,중상
136,2019020000000000.0,2019년 2월 11일 17시,월요일,서울특별시 서초구 우면동,중앙로,경상사고,0,0,1,0,차대차 - 측면충돌,안전거리미확보,포장 - 건조,맑음,단일로 - 기타,화물,남,28세,상해없음,승용,남,67세,경상
137,2019080000000000.0,2019년 8월 31일 23시,토요일,서울특별시 서초구 잠원동,잠원로,경상사고,0,0,2,0,차대차 - 측면충돌,안전거리미확보,포장 - 건조,맑음,교차로 - 교차로안,승용,여,31세,상해없음,승용,남,67세,경상
138,2019070000000000.0,2019년 7월 10일 23시,수요일,서울특별시 서초구 잠원동,신반포로,중상사고,0,1,0,0,차대사람 - 횡단중,안전운전불이행,포장 - 젖음/습기,비,단일로 - 기타,승용,남,46세,상해없음,보행자,남,67세,중상
139,2019070000000000.0,2019년 7월 31일 02시,수요일,서울특별시 서초구 잠원동,신반포로,경상사고,0,0,1,0,차대차 - 추돌,안전운전불이행,포장 - 젖음/습기,비,단일로 - 기타,이륜,남,17세,상해없음,승용,남,67세,경상
140,2019090000000000.0,2019년 9월 17일 14시,화요일,서울특별시 서초구 반포동,잠원로,경상사고,0,0,2,0,차대차 - 측면충돌,안전거리미확보,포장 - 건조,맑음,기타 - 기타,화물,남,61세,기타불명,승용,남,67세,경상
141,2019050000000000.0,2019년 5월 24일 16시,금요일,서울특별시 서초구 반포동,사평대로,중상사고,0,1,8,0,차대차 - 측면충돌,기타,포장 - 건조,맑음,단일로 - 기타,화물,남,62세,경상,화물,남,67세,경상
142,2019060000000000.0,2019년 6월 12일 18시,수요일,서울특별시 서초구 서초동,서초중앙로,경상사고,0,0,4,0,차대차 - 측면충돌,교차로운행방법위반,포장 - 건조,맑음,교차로 - 교차로안,승합,남,54세,상해없음,승용,남,67세,경상
143,2019110000000000.0,2019년 11월 16일 07시,토요일,서울특별시 서초구 서초동,남부순환로,경상사고,0,0,1,0,차대차 - 측면충돌,안전운전불이행,포장 - 건조,맑음,교차로 - 교차로안,승용,남,75세,상해없음,승용,남,67세,경상
144,2019110000000000.0,2019년 11월 21일 07시,목요일,서울특별시 서초구 서초동,명달로,경상사고,0,0,1,0,차대차 - 추돌,안전운전불이행,포장 - 건조,맑음,교차로 - 교차로부근,승용,남,56세,상해없음,승용,여,67세,경상
145,2019020000000000.0,2019년 2월 18일 07시,월요일,서울특별시 서초구 서초동,서초대로,경상사고,0,0,3,0,차대차 - 추돌,안전운전불이행,포장 - 건조,맑음,교차로 - 교차로부근,승용,남,70세,상해없음,승용,남,67세,경상
146,2019030000000000.0,2019년 3월 22일 18시,금요일,서울특별시 서초구 서초동,서초대로,중상사고,0,2,0,0,차대차 - 측면충돌,안전거리미확보,포장 - 건조,맑음,단일로 - 기타,승용,남,44세,중상,승용,여,67세,중상
147,2019060000000000.0,2019년 6월 18일 15시,화요일,서울특별시 서초구 방배동,방배로,중상사고,0,1,0,0,차대차 - 측면충돌,안전운전불이행,포장 - 건조,맑음,교차로 - 교차로안,화물,남,45세,상해없음,이륜,남,66세,중상
148,2019100000000000.0,2019년 10월 21일 15시,월요일,서울특별시 서초구 양재동,매헌로,경상사고,0,0,1,0,차대차 - 추돌,안전거리미확보,포장 - 건조,맑음,단일로 - 고가도로위,승용,여,35세,상해없음,승용,남,66세,경상
149,2019080000000000.0,2019년 8월 31일 10시,토요일,서울특별시 서초구 양재동,남부순환로,중상사고,0,1,0,0,차대차 - 기타,신호위반,포장 - 건조,맑음,교차로 - 교차로안,승합,남,60세,상해없음,이륜,남,66세,중상
150,2019010000000000.0,2019년 1월 21일 19시,월요일,서울특별시 서초구 양재동,경부고속도로,경상사고,0,0,1,0,차대차 - 측면충돌,안전거리미확보,포장 - 건조,맑음,단일로 - 기타,승용,여,35세,상해없음,화물,남,66세,경상
151,2019050000000000.0,2019년 5월 27일 11시,월요일,서울특별시 서초구 양재동,동산로19길,경상사고,0,0,1,0,차대차 - 기타,안전운전불이행,포장 - 젖음/습기,비,단일로 - 기타,승용,남,63세,상해없음,승합,남,66세,경상
152,2019010000000000.0,2019년 1월 19일 10시,토요일,서울특별시 서초구 양재동,헌릉로,부상신고사고,0,0,0,1,차대차 - 측면충돌,신호위반,포장 - 건조,맑음,교차로 - 교차로안,승합,남,43세,상해없음,승합,남,66세,부상신고
153,2019100000000000.0,2019년 10월 19일 14시,토요일,서울특별시 서초구 양재동,양재대로,경상사고,0,0,2,0,차대차 - 기타,안전운전불이행,포장 - 건조,맑음,교차로 - 교차로안,화물,남,45세,상해없음,승용,남,66세,경상
154,2019050000000000.0,2019년 5월 14일 21시,화요일,서울특별시 서초구 양재동,양재대로,중상사고,0,1,0,0,차대차 - 정면충돌,안전운전불이행,포장 - 건조,맑음,단일로 - 기타,승용,남,53세,중상,화물,남,66세,기타불명
155,2019060000000000.0,2019년 6월 28일 06시,금요일,서울특별시 서초구 잠원동,잠원로,경상사고,0,0,1,0,차대차 - 기타,안전운전불이행,포장 - 건조,맑음,교차로 - 교차로부근,승용,여,67세,상해없음,이륜,남,66세,경상
156,2019030000000000.0,2019년 3월 27일 09시,수요일,서울특별시 서초구 잠원동,올림픽대로,경상사고,0,0,4,0,차대차 - 추돌,안전거리미확보,포장 - 건조,맑음,단일로 - 기타,승용,남,65세,상해없음,승용,남,66세,경상
157,2019020000000000.0,2019년 2월 7일 11시,목요일,서울특별시 서초구 반포동,잠원로,경상사고,0,0,1,0,차대차 - 측면충돌,안전운전불이행,포장 - 건조,맑음,교차로 - 교차로부근,승용,남,47세,기타불명,승용,남,66세,경상
158,2019110000000000.0,2019년 11월 21일 19시,목요일,서울특별시 서초구 반포동,주흥길,경상사고,0,0,1,0,차대차 - 측면충돌,안전운전불이행,포장 - 건조,맑음,단일로 - 기타,승용,여,33세,상해없음,화물,남,66세,경상
159,2019070000000000.0,2019년 7월 29일 09시,월요일,서울특별시 서초구 반포동,사평대로,부상신고사고,0,0,0,1,차대차 - 기타,안전운전불이행,포장 - 젖음/습기,맑음,단일로 - 지하차도(도로)내,이륜,남,24세,부상신고,승용,남,66세,상해없음
160,2019040000000000.0,2019년 4월 18일 05시,목요일,서울특별시 서초구 반포동,사평대로,경상사고,0,0,1,0,차대차 - 추돌,안전운전불이행,포장 - 건조,맑음,단일로 - 지하차도(도로)내,승용,남,38세,상해없음,승용,남,66세,경상
161,2019090000000000.0,2019년 9월 10일 22시,화요일,서울특별시 서초구 서초동,서초대로,경상사고,0,0,2,0,차대차 - 추돌,안전운전불이행,포장 - 건조,흐림,단일로 - 기타,승용,남,37세,상해없음,승용,남,66세,경상
162,2019100000000000.0,2019년 10월 15일 17시,화요일,서울특별시 서초구 서초동,서초대로,경상사고,0,0,1,0,차대차 - 측면충돌,신호위반,포장 - 건조,맑음,교차로 - 교차로안,승용,남,49세,상해없음,승용,남,66세,경상
163,2019120000000000.0,2019년 12월 12일 16시,목요일,서울특별시 서초구 서초동,서초대로64길,중상사고,0,2,0,0,차대차 - 측면충돌,안전운전불이행,포장 - 건조,맑음,단일로 - 기타,승용,남,72세,상해없음,승용,여,66세,중상
164,2019070000000000.0,2019년 7월 9일 13시,화요일,서울특별시 서초구 서초동,서초대로,경상사고,0,0,1,0,차대차 - 기타,안전운전불이행,포장 - 건조,맑음,교차로 - 교차로부근,승합,남,79세,상해없음,승용,남,66세,상해없음
165,2019080000000000.0,2019년 8월 12일 11시,월요일,서울특별시 서초구 서초동,서초대로,경상사고,0,0,1,0,차대차 - 측면충돌,안전운전불이행,포장 - 건조,맑음,교차로 - 교차로안,승용,여,61세,상해없음,승용,남,66세,경상
166,2019040000000000.0,2019년 4월 26일 17시,금요일,서울특별시 서초구 내곡동,헌릉로,중상사고,0,1,0,0,차대차 - 기타,안전거리미확보,포장 - 건조,맑음,단일로 - 기타,승합,남,32세,상해없음,승용,남,66세,중상
167,2019030000000000.0,2019년 3월 21일 09시,목요일,서울특별시 서초구 내곡동,언주로,경상사고,0,0,2,0,차대차 - 추돌,안전거리미확보,포장 - 건조,맑음,기타 - 기타,특수,남,46세,상해없음,승용,남,66세,경상
168,2019050000000000.0,2019년 5월 28일 11시,화요일,서울특별시 서초구 방배동,동광로,경상사고,0,0,1,0,차대사람 - 기타,안전운전불이행,포장 - 건조,맑음,단일로 - 기타,화물,남,29세,상해없음,보행자,여,65세,경상
169,2019080000000000.0,2019년 8월 1일 16시,목요일,서울특별시 서초구 방배동,사평대로,경상사고,0,0,1,0,차대사람 - 횡단중,안전운전불이행,포장 - 건조,맑음,교차로 - 교차로안,승용,여,48세,상해없음,보행자,여,65세,경상
170,2019120000000000.0,2019년 12월 20일 23시,금요일,서울특별시 서초구 방배동,남부순환로,중상사고,0,1,0,0,차대차 - 추돌,안전운전불이행,포장 - 건조,맑음,단일로 - 지하차도(도로)내,승용,남,56세,상해없음,승용,남,65세,중상
171,2019100000000000.0,2019년 10월 23일 21시,수요일,서울특별시 서초구 방배동,동작대로,경상사고,0,0,1,0,차대차 - 측면충돌,차로위반,포장 - 건조,맑음,단일로 - 지하차도(도로)내,승용,남,60세,상해없음,승합,남,65세,경상
172,2019090000000000.0,2019년 9월 15일 03시,일요일,서울특별시 서초구 양재동,마방로,경상사고,0,0,1,0,차대차 - 기타,신호위반,포장 - 건조,맑음,교차로 - 교차로안,이륜,여,27세,경상,승용,남,65세,상해없음
173,2019110000000000.0,2019년 11월 18일 15시,월요일,서울특별시 서초구 우면동,중앙로,경상사고,0,0,1,0,차대차 - 측면충돌,신호위반,포장 - 건조,맑음,교차로 - 교차로안,승용,남,37세,상해없음,승용,남,65세,경상
174,2019110000000000.0,2019년 11월 10일 02시,일요일,서울특별시 서초구 잠원동,잠원로,경상사고,0,0,1,0,차대사람 - 기타,안전운전불이행,포장 - 건조,기타,단일로 - 기타,기타불명,기타불명,미분류,기타불명,보행자,여,65세,경상
175,2019040000000000.0,2019년 4월 28일 12시,일요일,서울특별시 서초구 잠원동,신반포로,경상사고,0,0,1,1,차대차 - 측면충돌,중앙선침범,포장 - 건조,맑음,교차로 - 교차로횡단보도내,이륜,남,53세,부상신고,승용,남,65세,상해없음
176,2019050000000000.0,2019년 5월 21일 01시,화요일,서울특별시 서초구 잠원동,신반포로,중상사고,0,1,0,0,차대사람 - 횡단중,안전운전불이행,포장 - 건조,맑음,교차로 - 교차로횡단보도내,승용,남,25세,상해없음,보행자,남,65세,중상
177,2019030000000000.0,2019년 3월 22일 19시,금요일,서울특별시 서초구 잠원동,올림픽대로,경상사고,0,0,1,0,차대차 - 추돌,안전운전불이행,포장 - 건조,맑음,단일로 - 기타,승합,남,61세,상해없음,화물,남,65세,경상
178,2019100000000000.0,2019년 10월 12일 20시,토요일,서울특별시 서초구 잠원동,강남대로,경상사고,0,0,1,0,차대차 - 측면충돌,안전운전불이행,포장 - 건조,맑음,단일로 - 기타,승용,남,61세,기타불명,승용,남,65세,경상
179,2019030000000000.0,2019년 3월 16일 09시,토요일,서울특별시 서초구 반포동,반포대로,경상사고,0,0,1,0,차대차 - 기타,안전운전불이행,포장 - 건조,맑음,단일로 - 기타,승용,남,70세,상해없음,승용,여,65세,경상
180,2019060000000000.0,2019년 6월 26일 11시,수요일,서울특별시 서초구 반포동,반포대로,경상사고,0,0,1,0,차대차 - 후진중충돌,안전운전불이행,포장 - 건조,맑음,단일로 - 기타,승용,남,68세,상해없음,승용,여,65세,경상
181,2019110000000000.0,2019년 11월 13일 16시,수요일,서울특별시 서초구 반포동,반포대로,경상사고,0,0,1,0,차대차 - 추돌,안전운전불이행,포장 - 건조,맑음,단일로 - 기타,승합,남,59세,상해없음,승용,여,65세,경상
182,2019020000000000.0,2019년 2월 26일 16시,화요일,서울특별시 서초구 반포동,주흥길,경상사고,0,0,1,0,차대차 - 기타,직진우회전진행방해,포장 - 건조,맑음,교차로 - 교차로안,승용,남,36세,상해없음,승용,여,65세,경상
183,2019110000000000.0,2019년 11월 2일 12시,토요일,서울특별시 서초구 반포동,잠원로,경상사고,0,0,1,0,차대차 - 기타,중앙선침범,포장 - 건조,맑음,교차로 - 교차로부근,이륜,남,24세,경상,승용,여,65세,상해없음
184,2019120000000000.0,2019년 12월 14일 12시,토요일,서울특별시 서초구 반포동,반포대로,중상사고,0,2,2,0,차대차 - 추돌,과속,포장 - 건조,맑음,단일로 - 교량,승용,남,27세,중상,승용,남,65세,중상
185,2019050000000000.0,2019년 5월 29일 13시,수요일,서울특별시 서초구 반포동,신반포로,중상사고,0,1,1,0,차대차 - 기타,안전운전불이행,포장 - 건조,맑음,교차로 - 교차로안,승용,여,55세,상해없음,승용,남,65세,경상
186,2019110000000000.0,2019년 11월 4일 23시,월요일,서울특별시 서초구 반포동,올림픽대로,중상사고,0,1,0,0,차대차 - 기타,안전거리미확보,포장 - 건조,맑음,단일로 - 기타,승용,남,68세,상해없음,승용,남,65세,중상
187,2019110000000000.0,2019년 11월 6일 23시,수요일,서울특별시 서초구 서초동,서초대로,경상사고,0,0,1,0,차대차 - 추돌,안전거리미확보,포장 - 건조,맑음,교차로 - 교차로부근,승용,남,48세,상해없음,승용,남,65세,경상
188,2019080000000000.0,2019년 8월 8일 11시,목요일,서울특별시 서초구 서초동,서초대로,경상사고,0,0,1,0,차대차 - 추돌,안전운전불이행,포장 - 건조,맑음,교차로 - 교차로부근,승용,남,48세,상해없음,승용,남,65세,경상
189,2019040000000000.0,2019년 4월 7일 01시,일요일,서울특별시 서초구 서초동,서초대로,경상사고,0,0,3,0,차대차 - 기타,안전거리미확보,포장 - 건조,맑음,기타 - 기타,승용,남,64세,상해없음,승용,남,65세,경상
190,2019030000000000.0,2019년 3월 14일 20시,목요일,서울특별시 서초구 서초동,사평대로56길,경상사고,0,0,1,0,차대차 - 측면충돌,안전운전불이행,포장 - 건조,맑음,교차로 - 교차로안,승용,여,36세,상해없음,승용,남,65세,경상
191,2019060000000000.0,2019년 6월 9일 12시,일요일,서울특별시 서초구 서초동,서초중앙로,경상사고,0,0,1,0,차대사람 - 보도통행중,신호위반,포장 - 건조,맑음,교차로 - 교차로횡단보도내,이륜,남,47세,기타불명,보행자,여,65세,경상
192,2019100000000000.0,2019년 10월 31일 20시,목요일,서울특별시 서초구 서초동,사평대로,경상사고,0,0,1,0,차대사람 - 기타,기타,포장 - 건조,맑음,기타 - 기타,승합,남,54세,상해없음,보행자,여,65세,경상
193,2019030000000000.0,2019년 3월 15일 17시,금요일,서울특별시 서초구 서초동,효령로,경상사고,0,0,1,0,차대차 - 정면충돌,안전운전불이행,포장 - 건조,맑음,단일로 - 기타,승용,남,31세,상해없음,승용,남,65세,경상
194,2019010000000000.0,2019년 1월 1일 15시,화요일,서울특별시 서초구 서초동,경부고속도로,중상사고,0,2,4,0,차대차 - 추돌,안전운전불이행,포장 - 건조,맑음,단일로 - 기타,승용,남,60세,상해없음,승용,남,65세,경상
195,2019100000000000.0,2019년 10월 28일 05시,월요일,서울특별시 서초구 서초동,경부고속도로,부상신고사고,0,0,0,1,차대차 - 기타,안전거리미확보,포장 - 건조,맑음,기타 - 기타,승용,여,72세,부상신고,승용,남,65세,상해없음
196,2019100000000000.0,2019년 10월 4일 15시,금요일,서울특별시 서초구 서초동,서초대로,경상사고,0,0,1,0,차대차 - 측면충돌,안전거리미확보,포장 - 건조,맑음,단일로 - 기타,승용,여,29세,경상,승용,남,65세,상해없음
197,2019080000000000.0,2019년 8월 30일 11시,금요일,서울특별시 서초구 신원동,청계산로,중상사고,0,1,0,0,차대차 - 측면충돌,안전운전불이행,포장 - 건조,맑음,교차로 - 교차로안,이륜,남,29세,중상,승용,남,65세,상해없음
0,2019080000000000.0,2019년 8월 24일 15시,토요일,서울특별시 성동구 행당동,고산자로,경상사고,0,0,1,0,차대사람 - 횡단중,보행자보호의무위반,포장 - 건조,맑음,교차로 - 교차로횡단보도내,승합,남,45세,상해없음,보행자,남,90세 이상,경상
1,2019020000000000.0,2019년 2월 13일 09시,수요일,서울특별시 성동구 성수동1가,왕십리로,중상사고,0,1,0,0,차대사람 - 기타,신호위반,포장 - 건조,맑음,교차로 - 교차로안,이륜,여,46세,상해없음,보행자,여,89세,중상
2,2019070000000000.0,2019년 7월 2일 16시,화요일,서울특별시 성동구 마장동,고산자로,경상사고,0,0,1,0,차대사람 - 차도통행중,안전운전불이행,포장 - 건조,맑음,단일로 - 기타,승용,여,54세,상해없음,보행자,남,88세,경상
3,2019040000000000.0,2019년 4월 5일 06시,금요일,서울특별시 성동구 성수동1가,왕십리로,경상사고,0,0,1,0,차대차 - 기타,안전운전불이행,포장 - 건조,맑음,교차로 - 교차로안,기타불명,기타불명,미분류,기타불명,자전거,남,86세,경상
4,2019040000000000.0,2019년 4월 1일 12시,월요일,서울특별시 성동구 하왕십리동,무학로,중상사고,0,1,0,0,차대사람 - 횡단중,보행자보호의무위반,포장 - 건조,맑음,교차로 - 교차로횡단보도내,화물,남,67세,상해없음,보행자,여,85세,중상
5,2019120000000000.0,2019년 12월 23일 11시,월요일,서울특별시 성동구 응봉동,독서당로,중상사고,0,1,0,0,차대사람 - 횡단중,안전운전불이행,포장 - 건조,맑음,단일로 - 기타,승용,남,37세,상해없음,보행자,여,85세,중상
6,2019120000000000.0,2019년 12월 17일 11시,화요일,서울특별시 성동구 성수동2가,성수이로7길,중상사고,0,1,0,0,차대사람 - 기타,보행자보호의무위반,포장 - 건조,맑음,교차로 - 교차로횡단보도내,승용,여,58세,상해없음,보행자,여,85세,중상
7,2019120000000000.0,2019년 12월 3일 18시,화요일,서울특별시 성동구 응봉동,독서당로,중상사고,0,1,0,0,차대사람 - 기타,보행자보호의무위반,포장 - 건조,맑음,교차로 - 교차로부근,화물,남,61세,상해없음,보행자,여,84세,중상
8,2019100000000000.0,2019년 10월 21일 08시,월요일,서울특별시 성동구 홍익동,무학로,경상사고,0,0,1,0,차대사람 - 횡단중,안전운전불이행,포장 - 건조,맑음,교차로 - 교차로부근,승용,남,54세,상해없음,보행자,여,82세,경상
9,2019050000000000.0,2019년 5월 1일 16시,수요일,서울특별시 성동구 상왕십리동,마장로19길,중상사고,0,1,0,0,차대사람 - 횡단중,보행자보호의무위반,포장 - 건조,맑음,교차로 - 교차로횡단보도내,화물,남,46세,상해없음,보행자,여,81세,중상
10,2019090000000000.0,2019년 9월 27일 12시,금요일,서울특별시 성동구 하왕십리동,마장로,중상사고,0,1,0,0,차대사람 - 횡단중,안전운전불이행,포장 - 건조,맑음,단일로 - 기타,승합,남,55세,상해없음,보행자,여,81세,중상
11,2019090000000000.0,2019년 9월 30일 10시,월요일,서울특별시 성동구 성수동2가,성수이로,중상사고,0,1,0,0,차대사람 - 횡단중,보행자보호의무위반,포장 - 건조,맑음,교차로 - 교차로횡단보도내,화물,남,56세,상해없음,보행자,여,81세,중상
12,2019080000000000.0,2019년 8월 2일 10시,금요일,서울특별시 성동구 행당동,왕십리광장로,중상사고,0,1,0,0,차대사람 - 횡단중,안전운전불이행,포장 - 젖음/습기,맑음,단일로 - 기타,승용,남,45세,상해없음,보행자,남,80세,중상
13,2019050000000000.0,2019년 5월 1일 13시,수요일,서울특별시 성동구 마장동,살곶이길,사망사고,1,0,0,0,차대사람 - 횡단중,신호위반,포장 - 건조,맑음,교차로 - 교차로횡단보도내,승용,여,61세,상해없음,보행자,남,79세,사망
14,2019010000000000.0,2019년 1월 17일 22시,목요일,서울특별시 성동구 금호동4가,장터길,부상신고사고,0,0,0,1,차대사람 - 횡단중,안전운전불이행,포장 - 건조,맑음,교차로 - 교차로부근,승용,남,41세,상해없음,보행자,남,79세,부상신고
15,2019110000000000.0,2019년 11월 4일 14시,월요일,서울특별시 성동구 옥수동,동호로,중상사고,0,1,0,0,차대사람 - 차도통행중,안전운전불이행,포장 - 건조,맑음,교차로 - 교차로안,승용,남,70세,상해없음,보행자,여,79세,중상
16,2019040000000000.0,2019년 4월 28일 12시,일요일,서울특별시 성동구 옥수동,뚝섬로,경상사고,0,0,3,0,차대차 - 추돌,안전운전불이행,포장 - 건조,맑음,단일로 - 기타,승용,남,37세,상해없음,승용,여,79세,경상
17,2019060000000000.0,2019년 6월 10일 20시,월요일,서울특별시 성동구 도선동,고산자로,경상사고,0,0,1,0,차대차 - 추돌,안전운전불이행,포장 - 건조,맑음,교차로 - 교차로부근,승용,여,43세,상해없음,화물,남,78세,경상
18,2019110000000000.0,2019년 11월 3일 09시,일요일,서울특별시 성동구 도선동,무학로6길,경상사고,0,0,1,0,차대차 - 측면충돌,직진우회전진행방해,포장 - 건조,맑음,교차로 - 교차로안,승용,여,46세,상해없음,원동기,남,78세,경상