,사고번호,사고일시,요일,시군구,도로명,사고내용,사망자수,중상자수,경상자수,부상신고자수,사고유형,법규위반,노면상태,기상상태,도로형태,가해운전자 차종,가해운전자 성별,가해운전자 연령,가해운전자 상해정도,피해운전자 차종,피해운전자 성별,피해운전자 연령,피해운전자 상해정도
122,2019040000000000.0,2019년 4월 20일 03시,토요일,서울특별시 성북구 동소문동3가,동소문로,경상사고,0,0,1,0,차대차 - 추돌,안전운전불이행,포장 - 건조,맑음,단일로 - 기타,승용,남,64세,상해없음,승용,남,69세,경상
123,2019040000000000.0,2019년 4월 13일 19시,토요일,서울특별시 성북구 동선동2가,고려대로7길,중상사고,0,1,0,0,차대사람 - 횡단중,안전운전불이행,포장 - 건조,맑음,단일로 - 기타,이륜,남,27세,상해없음,보행자,여,69세,중상
124,2019010000000000.0,2019년 1월 27일 05시,일요일,서울특별시 성북구 안암동5가,고려대로24길,경상사고,0,0,3,0,차대차 - 측면충돌,신호위반,포장 - 건조,맑음,교차로 - 교차로안,승용,남,58세,상해없음,승용,남,69세,경상
125,2019100000000000.0,2019년 10월 12일 22시,토요일,서울특별시 성북구 정릉동,정릉로,경상사고,0,0,1,0,차대사람 - 횡단중,안전운전불이행,포장 - 건조,맑음,교차로 - 교차로부근,승용,여,30세,상해없음,보행자,여,69세,경상
126,2019080000000000.0,2019년 8월 21일 16시,수요일,서울특별시 성북구 길음동,동소문로,경상사고,0,0,1,0,차대사람 - 기타,기타,포장 - 건조,맑음,단일로 - 기타,승합,남,57세,상해없음,보행자,여,69세,경상
127,2019110000000000.0,2019년 11월 29일 10시,금요일,서울특별시 성북구 종암동,월곡로,경상사고,0,0,1,0,차대사람 - 횡단중,안전운전불이행,포장 - 건조,맑음,기타 - 기타,승용,남,68세,상해없음,보행자,여,69세,경상
128,2019030000000000.0,2019년 3월 23일 14시,토요일,서울특별시 성북구 종암동,회기로,경상사고,0,0,1,0,차대차 - 추돌,안전운전불이행,포장 - 젖음/습기,비,단일로 - 교량,화물,남,57세,상해없음,승용,남,69세,경상
129,2019090000000000.0,2019년 9월 2일 19시,월요일,서울특별시 성북구 하월곡동,화랑로14길,경상사고,0,0,1,0,차대차 - 측면충돌,안전운전불이행,포장 - 건조,맑음,교차로 - 교차로안,승용,남,53세,상해없음,이륜,남,69세,경상
130,2019040000000000.0,2019년 4월 21일 12시,일요일,서울특별시 성북구 하월곡동,정릉로,경상사고,0,0,2,0,차대차 - 측면충돌,안전운전불이행,포장 - 건조,맑음,교차로 - 교차로안,승용,남,22세,상해없음,승용,남,69세,경상
131,2019090000000000.0,2019년 9월 28일 00시,토요일,서울특별시 성북구 하월곡동,정릉로,경상사고,0,0,1,0,차대차 - 측면충돌,안전운전불이행,포장 - 건조,맑음,교차로 - 교차로부근,승용,남,22세,상해없음,승용,남,69세,상해없음
132,2019080000000000.0,2019년 8월 5일 15시,월요일,서울특별시 성북구 장위동,장월로,중상사고,0,1,0,0,차대차 - 측면충돌,안전운전불이행,포장 - 건조,맑음,교차로 - 교차로안,건설기계,남,63세,상해없음,이륜,남,69세,중상
133,2019070000000000.0,2019년 7월 30일 08시,화요일,서울특별시 성북구 장위동,장월로,경상사고,0,0,2,0,차대차 - 측면충돌,신호위반,포장 - 건조,맑음,단일로 - 기타,승용,남,64세,상해없음,승용,남,69세,경상
134,2019030000000000.0,2019년 3월 3일 13시,일요일,서울특별시 성북구 석관동,돌곶이로,경상사고,0,0,3,0,차대차 - 정면충돌,안전운전불이행,포장 - 건조,맑음,교차로 - 교차로안,승용,여,44세,상해없음,승용,남,69세,경상
135,2019040000000000.0,2019년 4월 11일 04시,목요일,서울특별시 성북구 석관동,화랑로,중상사고,0,1,0,0,차대차 - 측면충돌,안전운전불이행,포장 - 건조,맑음,교차로 - 교차로부근,승합,남,65세,상해없음,자전거,남,69세,중상
136,2019120000000000.0,2019년 12월 31일 19시,화요일,서울특별시 성북구 돈암동,정릉로48길,경상사고,0,0,1,0,차대사람 - 횡단중,보행자보호의무위반,포장 - 건조,맑음,교차로 - 교차로횡단보도내,승용,여,68세,상해없음,보행자,여,68세,경상
137,2019070000000000.0,2019년 7월 13일 04시,토요일,서울특별시 성북구 돈암동,동소문로,경상사고,0,0,1,0,차대차 - 측면충돌,안전거리미확보,포장 - 건조,맑음,단일로 - 기타,승용,남,67세,상해없음,승용,남,68세,경상
138,2019100000000000.0,2019년 10월 4일 15시,금요일,서울특별시 성북구 삼선동5가,보문로,경상사고,0,0,1,0,차대차 - 측면충돌,안전운전불이행,포장 - 건조,맑음,교차로 - 교차로부근,승용,남,69세,상해없음,승합,남,68세,상해없음
139,2019080000000000.0,2019년 8월 18일 11시,일요일,서울특별시 성북구 동선동4가,동소문로,경상사고,0,0,1,0,차대사람 - 횡단중,안전운전불이행,포장 - 건조,맑음,단일로 - 기타,승합,남,43세,상해없음,보행자,여,68세,경상
140,2019090000000000.0,2019년 9월 10일 17시,화요일,서울특별시 성북구 정릉동,솔샘로,중상사고,0,1,0,0,차대차 - 추돌,안전운전불이행,포장 - 젖음/습기,비,단일로 - 터널,화물,남,60세,상해없음,승용,남,68세,중상
141,2019030000000000.0,2019년 3월 24일 22시,일요일,서울특별시 성북구 정릉동,정릉로,경상사고,0,0,1,0,차대차 - 측면충돌,안전운전불이행,포장 - 건조,맑음,단일로 - 기타,이륜,남,49세,경상,승용,남,68세,상해없음
142,2019110000000000.0,2019년 11월 28일 00시,목요일,서울특별시 성북구 하월곡동,정릉로,경상사고,0,0,1,0,차대차 - 추돌,안전운전불이행,포장 - 건조,맑음,단일로 - 교량,승용,남,41세,상해없음,승용,남,68세,경상
143,2019030000000000.0,2019년 3월 12일 18시,화요일,서울특별시 성북구 하월곡동,종암로,중상사고,0,1,0,0,차대차 - 측면충돌,안전거리미확보,포장 - 건조,맑음,단일로 - 기타,화물,남,71세,상해없음,이륜,남,68세,중상
144,2019010000000000.0,2019년 1월 31일 19시,목요일,서울특별시 성북구 하월곡동,월곡로,중상사고,0,1,0,0,차대차 - 측면충돌,안전거리미확보,포장 - 건조,맑음,교차로 - 교차로부근,승용,여,44세,상해없음,승용,여,68세,중상
145,2019120000000000.0,2019년 12월 28일 17시,토요일,서울특별시 성북구 장위동,화랑로25길,경상사고,0,0,1,0,차대사람 - 길가장자리구역통행중,안전운전불이행,포장 - 건조,맑음,기타 - 기타,화물,남,52세,상해없음,보행자,여,68세,경상
146,2019110000000000.0,2019년 11월 19일 14시,화요일,서울특별시 성북구 장위동,한천로,중상사고,0,1,0,0,차대차 - 추돌,안전거리미확보,포장 - 건조,맑음,단일로 - 기타,건설기계,남,38세,상해없음,자전거,남,68세,중상
147,2019070000000000.0,2019년 7월 24일 08시,수요일,서울특별시 성북구 석관동,돌곶이로,중상사고,0,1,0,0,차대차 - 측면충돌,신호위반,포장 - 건조,맑음,교차로 - 교차로횡단보도내,승합,남,41세,상해없음,자전거,남,68세,중상
148,2019050000000000.0,2019년 5월 21일 17시,화요일,서울특별시 성북구 동소문동1가,성북로2길,중상사고,0,1,0,0,차대사람 - 기타,안전운전불이행,포장 - 건조,맑음,단일로 - 기타,승용,남,56세,상해없음,보행자,여,67세,중상
149,2019070000000000.0,2019년 7월 2일 09시,화요일,서울특별시 성북구 삼선동1가,삼선교로,중상사고,0,1,0,0,차대차 - 측면충돌,신호위반,포장 - 건조,맑음,단일로 - 기타,승용,남,55세,상해없음,이륜,남,67세,중상
150,2019100000000000.0,2019년 10월 1일 17시,화요일,서울특별시 성북구 안암동5가,고려대로,경상사고,0,0,1,0,차대사람 - 기타,기타,포장 - 건조,맑음,단일로 - 기타,승합,남,70세,상해없음,보행자,여,67세,경상
151,2019070000000000.0,2019년 7월 26일 15시,금요일,서울특별시 성북구 보문동5가,지봉로20길,중상사고,0,1,0,0,차대사람 - 횡단중,보행자보호의무위반,포장 - 젖음/습기,비,단일로 - 기타,화물,남,52세,상해없음,보행자,남,67세,중상
152,2019090000000000.0,2019년 9월 30일 12시,월요일,서울특별시 성북구 정릉동,보국문로,경상사고,0,0,1,0,차대사람 - 횡단중,신호위반,포장 - 건조,맑음,단일로 - 기타,승용,여,61세,상해없음,보행자,여,67세,경상
153,2019050000000000.0,2019년 5월 15일 11시,수요일,서울특별시 성북구 정릉동,정릉로,경상사고,0,0,1,0,차대차 - 측면충돌,안전거리미확보,포장 - 건조,맑음,단일로 - 기타,자전거,남,15세,경상,승용,남,67세,상해없음
154,2019040000000000.0,2019년 4월 22일 15시,월요일,서울특별시 성북구 길음동,정릉로,경상사고,0,0,2,0,차대차 - 측면충돌,안전운전불이행,포장 - 건조,맑음,교차로 - 교차로안,승용,여,35세,상해없음,승합,남,67세,상해없음
155,2019050000000000.0,2019년 5월 31일 14시,금요일,서울특별시 성북구 종암동,종암로,중상사고,0,1,0,0,차대사람 - 횡단중,안전운전불이행,포장 - 건조,맑음,단일로 - 기타,승합,남,45세,상해없음,보행자,여,67세,중상
156,2019010000000000.0,2019년 1월 22일 21시,화요일,서울특별시 성북구 종암동,종암로,부상신고사고,0,0,0,1,차대사람 - 횡단중,안전운전불이행,포장 - 건조,맑음,단일로 - 기타,승용,남,59세,상해없음,보행자,남,67세,부상신고
157,2019110000000000.0,2019년 11월 16일 17시,토요일,서울특별시 성북구 종암동,종암로,중상사고,0,1,0,0,차대차 - 측면충돌,안전운전불이행,포장 - 건조,맑음,교차로 - 교차로안,승용,남,69세,상해없음,이륜,남,67세,중상
158,2019070000000000.0,2019년 7월 26일 23시,금요일,서울특별시 성북구 종암동,월곡로,경상사고,0,0,1,0,차대차 - 측면충돌,신호위반,포장 - 젖음/습기,비,교차로 - 교차로안,승용,남,30세,상해없음,승용,남,67세,경상
159,2019100000000000.0,2019년 10월 8일 20시,화요일,서울특별시 성북구 하월곡동,삼양로,경상사고,0,0,1,0,차대차 - 측면충돌,안전운전불이행,포장 - 건조,맑음,기타 - 기타,화물,남,32세,상해없음,화물,남,67세,경상
160,2019110000000000.0,2019년 11월 18일 08시,월요일,서울특별시 성북구 장위동,월계로,중상사고,0,1,0,0,차대사람 - 횡단중,신호위반,포장 - 젖음/습기,흐림,단일로 - 기타,자전거,남,18세,상해없음,보행자,여,67세,중상
161,2019100000000000.0,2019년 10월 28일 18시,월요일,서울특별시 성북구 석관동,한천로,경상사고,0,0,1,0,차대사람 - 길가장자리구역통행중,보행자보호의무위반,포장 - 건조,맑음,단일로 - 기타,승용,남,52세,상해없음,보행자,남,67세,경상
162,2019050000000000.0,2019년 5월 11일 02시,토요일,서울특별시 성북구 석관동,한천로,경상사고,0,0,1,0,차대차 - 추돌,안전운전불이행,포장 - 건조,맑음,교차로 - 교차로부근,승용,남,61세,상해없음,승용,남,67세,경상
163,2019020000000000.0,2019년 2월 23일 13시,토요일,서울특별시 성북구 석관동,한천로76길,중상사고,0,1,0,0,차대사람 - 기타,안전운전불이행,포장 - 건조,맑음,교차로 - 교차로안,승용,남,62세,상해없음,보행자,여,67세,중상
164,2019070000000000.0,2019년 7월 28일 01시,일요일,서울특별시 성북구 석관동,화랑로,경상사고,0,0,2,0,차대차 - 측면충돌,안전거리미확보,포장 - 건조,맑음,단일로 - 고가도로위,승용,여,73세,상해없음,승용,여,67세,경상
165,2019060000000000.0,2019년 6월 25일 10시,화요일,서울특별시 성북구 성북동,성북로,경상사고,0,0,1,0,차대사람 - 횡단중,보행자보호의무위반,포장 - 건조,맑음,교차로 - 교차로부근,승용,남,64세,상해없음,보행자,남,66세,경상
166,2019050000000000.0,2019년 5월 14일 14시,화요일,서울특별시 성북구 돈암동,정릉로,경상사고,0,0,2,0,차대차 - 추돌,안전운전불이행,포장 - 건조,맑음,교차로 - 교차로부근,건설기계,남,41세,상해없음,승용,남,66세,경상
167,2019010000000000.0,2019년 1월 1일 09시,화요일,서울특별시 성북구 돈암동,정릉로,경상사고,0,0,1,0,차대차 - 측면충돌,안전운전불이행,포장 - 건조,맑음,단일로 - 기타,승용,남,36세,상해없음,승용,여,66세,경상
168,2019050000000000.0,2019년 5월 18일 14시,토요일,서울특별시 성북구 동소문동1가,동소문로,중상사고,0,1,1,0,차대차 - 추돌,안전거리미확보,포장 - 건조,맑음,단일로 - 기타,화물,남,23세,상해없음,승용,남,66세,경상
169,2019030000000000.0,2019년 3월 22일 16시,금요일,서울특별시 성북구 동소문동5가,동소문로,중상사고,0,1,0,0,차대차 - 추돌,안전운전불이행,포장 - 건조,맑음,단일로 - 기타,승용,여,40세,상해없음,이륜,남,66세,중상
170,2019020000000000.0,2019년 2월 23일 03시,토요일,서울특별시 성북구 동소문동5가,동소문로,경상사고,0,0,3,0,차대차 - 추돌,안전운전불이행,포장 - 건조,맑음,단일로 - 기타,승용,남,33세,상해없음,승용,남,66세,경상
171,2019080000000000.0,2019년 8월 24일 21시,토요일,서울특별시 성북구 동소문동7가,아리랑로5길,중상사고,0,1,0,0,차대사람 - 횡단중,안전운전불이행,포장 - 건조,맑음,교차로 - 교차로안,승용,남,19세,상해없음,보행자,남,66세,중상
172,2019010000000000.0,2019년 1월 11일 05시,금요일,서울특별시 성북구 삼선동5가,고려대로5길,중상사고,0,1,2,0,차대차 - 측면충돌,신호위반,포장 - 건조,맑음,교차로 - 교차로부근,승용,남,60세,상해없음,승용,남,66세,중상
173,2019040000000000.0,2019년 4월 8일 11시,월요일,서울특별시 성북구 정릉동,솔샘로,중상사고,0,1,0,0,차대사람 - 횡단중,신호위반,포장 - 건조,맑음,단일로 - 기타,승합,남,51세,상해없음,보행자,남,66세,중상
174,2019010000000000.0,2019년 1월 19일 19시,토요일,서울특별시 성북구 정릉동,동소문로,경상사고,0,0,4,0,차대차 - 측면충돌,안전거리미확보,포장 - 건조,맑음,단일로 - 기타,승합,남,37세,상해없음,승용,남,66세,경상
175,2019040000000000.0,2019년 4월 19일 11시,금요일,서울특별시 성북구 정릉동,정릉로,경상사고,0,0,1,1,차대차 - 측면충돌,신호위반,포장 - 건조,맑음,단일로 - 기타,승용,남,66세,상해없음,승용,남,66세,부상신고
176,2019080000000000.0,2019년 8월 12일 10시,월요일,서울특별시 성북구 정릉동,보국문로16길,중상사고,0,1,0,0,차대사람 - 기타,안전운전불이행,포장 - 젖음/습기,비,교차로 - 교차로안,승합,남,28세,상해없음,보행자,남,66세,중상
177,2019100000000000.0,2019년 10월 15일 03시,화요일,서울특별시 성북구 길음동,동소문로,중상사고,0,1,0,0,차대차 - 측면충돌,안전거리미확보,포장 - 건조,맑음,단일로 - 기타,이륜,남,35세,중상,승합,남,66세,상해없음
178,2019100000000000.0,2019년 10월 14일 11시,월요일,서울특별시 성북구 길음동,동소문로,경상사고,0,0,1,0,차대차 - 기타,신호위반,포장 - 건조,맑음,교차로 - 교차로안,승용,남,44세,상해없음,이륜,남,66세,경상
179,2019100000000000.0,2019년 10월 20일 09시,일요일,서울특별시 성북구 길음동,길음로13길,경상사고,0,0,1,0,차대사람 - 보도통행중,신호위반,포장 - 건조,맑음,교차로 - 교차로횡단보도내,승용,남,70세,상해없음,보행자,여,66세,경상
180,2019040000000000.0,2019년 4월 4일 18시,목요일,서울특별시 성북구 종암동,종암로,경상사고,0,0,1,0,차대차 - 추돌,안전운전불이행,포장 - 건조,맑음,단일로 - 기타,승용,남,40세,경상,승용,남,66세,상해없음
181,2019080000000000.0,2019년 8월 3일 22시,토요일,서울특별시 성북구 하월곡동,화랑로13길,경상사고,0,0,1,0,차대사람 - 횡단중,안전운전불이행,포장 - 건조,맑음,단일로 - 기타,이륜,남,23세,상해없음,보행자,남,66세,경상
182,2019010000000000.0,2019년 1월 1일 18시,화요일,서울특별시 성북구 하월곡동,화랑로,중상사고,0,1,0,0,차대사람 - 횡단중,신호위반,포장 - 건조,맑음,교차로 - 교차로안,승용,남,36세,상해없음,보행자,여,66세,중상
183,2019120000000000.0,2019년 12월 12일 20시,목요일,서울특별시 성북구 하월곡동,종암로,경상사고,0,0,1,0,차대차 - 기타,안전운전불이행,포장 - 건조,맑음,단일로 - 기타,승합,남,56세,상해없음,승용,남,66세,상해없음
184,2019040000000000.0,2019년 4월 19일 06시,금요일,서울특별시 성북구 하월곡동,화랑로,부상신고사고,0,0,0,1,차대차 - 측면충돌,안전거리미확보,포장 - 건조,흐림,교차로 - 교차로부근,이륜,남,61세,부상신고,화물,남,66세,상해없음
185,2019050000000000.0,2019년 5월 20일 12시,월요일,서울특별시 성북구 하월곡동,오패산로,중상사고,0,1,0,0,차대차 - 기타,기타,포장 - 건조,맑음,교차로 - 교차로안,화물,남,26세,상해없음,기타불명,여,66세,중상
186,2019040000000000.0,2019년 4월 13일 16시,토요일,서울특별시 성북구 상월곡동,화랑로,경상사고,0,0,1,0,차대차 - 측면충돌,신호위반,포장 - 건조,맑음,단일로 - 기타,승용,남,59세,상해없음,승용,남,66세,경상
187,2019030000000000.0,2019년 3월 17일 17시,일요일,서울특별시 성북구 장위동,화랑로,중상사고,0,1,0,0,차대사람 - 기타,기타,포장 - 건조,맑음,교차로 - 교차로부근,승용,남,52세,상해없음,보행자,남,66세,중상
188,2019100000000000.0,2019년 10월 15일 12시,화요일,서울특별시 성북구 석관동,한천로58길,경상사고,0,0,1,0,차대차 - 측면충돌,안전운전불이행,포장 - 건조,맑음,단일로 - 기타,승용,여,55세,상해없음,승용,남,66세,경상
189,2019080000000000.0,2019년 8월 19일 16시,월요일,서울특별시 성북구 성북동,성북로,경상사고,0,0,1,0,차대사람 - 보도통행중,기타,포장 - 건조,맑음,단일로 - 기타,화물,남,56세,상해없음,보행자,남,65세,경상
190,2019110000000000.0,2019년 11월 21일 17시,목요일,서울특별시 성북구 성북동,성북로23길,중상사고,0,1,0,0,차대차 - 기타,직진우회전진행방해,포장 - 건조,맑음,교차로 - 교차로안,승합,남,64세,상해없음,자전거,남,65세,중상
191,2019050000000000.0,2019년 5월 27일 08시,월요일,서울특별시 성북구 돈암동,동소문로,경상사고,0,0,1,0,차대차 - 추돌,안전운전불이행,포장 - 건조,맑음,단일로 - 기타,승용,남,36세,상해없음,승용,남,65세,경상
192,2019100000000000.0,2019년 10월 13일 21시,일요일,서울특별시 성북구 돈암동,정릉로,경상사고,0,0,2,0,차대차 - 추돌,안전거리미확보,포장 - 건조,맑음,단일로 - 고가도로위,승용,남,39세,기타불명,승용,남,65세,경상
193,2019080000000000.0,2019년 8월 19일 16시,월요일,서울특별시 성북구 돈암동,동소문로,경상사고,0,0,2,0,차대차 - 측면충돌,차로위반,포장 - 건조,맑음,단일로 - 기타,승용,여,41세,상해없음,승용,남,65세,상해없음
194,2019080000000000.0,2019년 8월 28일 00시,수요일,서울특별시 성북구 동소문동3가,보문로,경상사고,0,0,2,1,차대차 - 측면충돌,신호위반,포장 - 건조,맑음,교차로 - 교차로안,화물,남,55세,상해없음,승용,남,65세,부상신고
195,2019070000000000.0,2019년 7월 19일 04시,금요일,서울특별시 성북구 동소문동3가,동소문로,경상사고,0,0,2,0,차대차 - 추돌,안전운전불이행,포장 - 건조,맑음,단일로 - 기타,이륜,남,35세,경상,승용,남,65세,상해없음
196,2019030000000000.0,2019년 3월 4일 23시,월요일,서울특별시 성북구 동선동2가,고려대로7길,경상사고,0,0,1,0,차대차 - 측면충돌,안전운전불이행,포장 - 건조,맑음,단일로 - 기타,승용,남,70세,상해없음,승용,남,65세,경상
197,2019050000000000.0,2019년 5월 14일 00시,화요일,서울특별시 성북구 동선동2가,보문로30길,경상사고,0,0,1,0,차대차 - 추돌,안전운전불이행,포장 - 건조,맑음,단일로 - 기타,이륜,남,19세,경상,승용,남,65세,상해없음
198,2019100000000000.0,2019년 10월 2일 11시,수요일,서울특별시 성북구 안암동5가,안암로,경상사고,0,0,1,0,차대차 - 측면충돌,신호위반,포장 - 젖음/습기,비,교차로 - 교차로횡단보도내,승용,남,41세,경상,승용,남,65세,상해없음
199,2019110000000000.0,2019년 11월 2일 05시,토요일,서울특별시 성북구 길음동,삼양로,경상사고,0,0,3,0,차대차 - 추돌,안전거리미확보,포장 - 건조,맑음,단일로 - 기타,승용,남,40세,상해없음,승용,여,65세,경상
200,2019120000000000.0,2019년 12월 17일 10시,화요일,서울특별시 성북구 하월곡동,화랑로,경상사고,0,0,2,0,차대차 - 측면충돌,안전거리미확보,포장 - 건조,맑음,단일로 - 기타,승합,남,67세,상해없음,승용,남,65세,경상
201,2019020000000000.0,2019년 2월 25일 06시,월요일,서울특별시 성북구 장위동,장월로,사망사고,1,0,0,0,차대차 - 측면충돌,안전운전불이행,포장 - 건조,맑음,교차로 - 교차로안,건설기계,남,53세,상해없음,자전거,여,65세,사망
202,2019060000000000.0,2019년 6월 30일 16시,일요일,서울특별시 성북구 장위동,돌곶이로,경상사고,0,0,1,0,차대차 - 측면충돌,안전운전불이행,포장 - 건조,맑음,교차로 - 교차로안,승용,여,36세,상해없음,이륜,남,65세,경상
203,2019080000000000.0,2019년 8월 15일 22시,목요일,서울특별시 성북구 장위동,장위로,경상사고,0,0,1,0,차대차 - 기타,안전운전불이행,포장 - 건조,맑음,단일로 - 기타,자전거,남,63세,경상,승용,남,65세,상해없음
204,2019040000000000.0,2019년 4월 8일 13시,월요일,서울특별시 성북구 장위동,화랑로,경상사고,0,0,3,0,차대차 - 측면충돌,안전운전불이행,포장 - 건조,맑음,단일로 - 기타,건설기계,남,53세,경상,승용,남,65세,경상
205,2019110000000000.0,2019년 11월 5일 17시,화요일,서울특별시 성북구 장위동,화랑로,중상사고,0,1,0,1,차대차 - 기타,교차로운행방법위반,포장 - 건조,맑음,단일로 - 기타,승용,여,52세,상해없음,이륜,남,65세,중상
206,2019050000000000.0,2019년 5월 15일 18시,수요일,서울특별시 성북구 석관동,한천로66길,경상사고,0,0,2,0,차대차 - 추돌,안전거리미확보,포장 - 건조,맑음,교차로 - 교차로안,이륜,남,59세,경상,승용,남,65세,경상
207,2019110000000000.0,2019년 11월 10일 19시,일요일,서울특별시 성북구 석관동,한천로,경상사고,0,0,2,0,차대차 - 측면충돌,신호위반,포장 - 젖음/습기,비,교차로 - 교차로안,승용,남,30세,상해없음,승용,남,65세,경상
0,2019010000000000.0,2019년 1월 3일 16시,목요일,서울특별시 송파구 석촌동,가락로,중상사고,0,1,0,0,차대사람 - 횡단중,안전운전불이행,포장 - 건조,맑음,교차로 - 교차로안,승용,남,52세,상해없음,보행자,여,87세,중상
1,2019100000000000.0,2019년 10월 22일 14시,화요일,서울특별시 송파구 문정동,문정로4길,경상사고,0,0,1,0,차대사람 - 횡단중,안전운전불이행,포장 - 건조,맑음,교차로 - 교차로횡단보도내,승용,남,28세,상해없음,보행자,남,87세,경상
2,2019090000000000.0,2019년 9월 9일 19시,월요일,서울특별시 송파구 가락동,동남로18길,중상사고,0,1,0,0,차대사람 - 길가장자리구역통행중,안전운전불이행,포장 - 건조,맑음,교차로 - 교차로안,승용,남,35세,상해없음,보행자,남,86세,중상
3,2019050000000000.0,2019년 5월 31일 10시,금요일,서울특별시 송파구 문정동,동남로4길,중상사고,0,1,0,0,차대사람 - 차도통행중,안전운전불이행,포장 - 건조,맑음,교차로 - 교차로안,화물,남,49세,상해없음,보행자,여,86세,중상
4,2019060000000000.0,2019년 6월 27일 11시,목요일,서울특별시 송파구 오금동,중대로,중상사고,0,1,0,0,차대사람 - 기타,신호위반,포장 - 건조,맑음,교차로 - 교차로안,화물,남,57세,상해없음,보행자,남,86세,중상
5,2019010000000000.0,2019년 1월 21일 13시,월요일,서울특별시 송파구 잠실동,백제고분로7길,경상사고,0,0,1,0,차대사람 - 기타,안전운전불이행,포장 - 건조,맑음,단일로 - 기타,승용,남,38세,상해없음,보행자,여,85세,경상
6,2019080000000000.0,2019년 8월 8일 11시,목요일,서울특별시 송파구 장지동,충민로,경상사고,0,0,1,0,차대사람 - 횡단중,신호위반,포장 - 건조,맑음,교차로 - 교차로안,승용,여,70세,상해없음,보행자,여,84세,경상
7,2019100000000000.0,2019년 10월 18일 06시,금요일,서울특별시 송파구 거여동,양산로,중상사고,0,1,0,0,차대사람 - 횡단중,안전운전불이행,포장 - 건조,맑음,단일로 - 기타,승용,여,64세,상해없음,보행자,남,84세,중상
8,2019020000000000.0,2019년 2월 23일 09시,토요일,서울특별시 송파구 마천동,마천로,중상사고,0,1,0,0,차대사람 - 기타,안전운전불이행,포장 - 건조,맑음,단일로 - 기타,승용,여,44세,상해없음,보행자,여,84세,중상
9,2019120000000000.0,2019년 12월 23일 13시,월요일,서울특별시 송파구 송파동,백제고분로42길,중상사고,0,1,0,0,차대사람 - 길가장자리구역통행중,안전운전불이행,포장 - 건조,맑음,교차로 - 교차로안,화물,남,44세,상해없음,보행자,여,82세,중상
10,2019030000000000.0,2019년 3월 8일 11시,금요일,서울특별시 송파구 석촌동,가락로,중상사고,0,1,0,0,차대사람 - 횡단중,보행자보호의무위반,포장 - 건조,맑음,교차로 - 교차로횡단보도내,자전거,남,68세,상해없음,보행자,여,81세,중상
11,2019100000000000.0,2019년 10월 15일 15시,화요일,서울특별시 송파구 석촌동,가락로,중상사고,0,1,0,0,차대사람 - 횡단중,안전운전불이행,포장 - 건조,맑음,교차로 - 교차로안,승용,남,66세,상해없음,보행자,여,80세,중상
12,2019030000000000.0,2019년 3월 7일 17시,목요일,서울특별시 송파구 오금동,마천로,경상사고,0,0,1,0,차대사람 - 횡단중,중앙선침범,포장 - 건조,맑음,단일로 - 기타,승합,남,41세,상해없음,보행자,남,80세,경상
13,2019060000000000.0,2019년 6월 10일 19시,월요일,서울특별시 송파구 오금동,동남로,중상사고,0,1,0,0,차대사람 - 횡단중,신호위반,포장 - 건조,맑음,교차로 - 교차로안,승용,남,66세,상해없음,보행자,여,80세,중상
14,2019030000000000.0,2019년 3월 14일 19시,목요일,서울특별시 송파구 오금동,중대로,부상신고사고,0,0,0,1,차대사람 - 횡단중,안전운전불이행,포장 - 건조,맑음,교차로 - 교차로안,승용,남,39세,상해없음,보행자,여,80세,부상신고
15,2019100000000000.0,2019년 10월 5일 17시,토요일,서울특별시 송파구 송파동,오금로,경상사고,0,0,1,0,차대사람 - 기타,기타,포장 - 건조,맑음,기타 - 기타,화물,남,59세,기타불명,보행자,여,79세,경상
16,2019020000000000.0,2019년 2월 24일 16시,일요일,서울특별시 송파구 가락동,송파대로,중상사고,0,1,0,0,차대사람 - 기타,안전운전불이행,포장 - 건조,맑음,기타 - 기타,승합,남,56세,상해없음,보행자,여,79세,중상
17,2019050000000000.0,2019년 5월 13일 08시,월요일,서울특별시 송파구 문정동,송파대로,경상사고,0,0,1,0,차대차 - 측면충돌,신호위반,포장 - 건조,맑음,교차로 - 교차로횡단보도내,승합,남,68세,상해없음,원동기,남,79세,경상
18,2019050000000000.0,2019년 5월 13일 10시,월요일,서울특별시 송파구 장지동,충민로2길,부상신고사고,0,0,0,1,차대사람 - 횡단중,안전운전불이행,포장 - 건조,맑음,단일로 - 기타,승용,여,50세,상해없음,보행자,여,79세,부상신고
19,2019040000000000.0,2019년 4월 6일 21시,토요일,서울특별시 송파구 잠실동,탄천동로,중상사고,0,1,0,0,차대차 - 정면충돌,중앙선침범,포장 - 건조,맑음,단일로 - 기타,승용,남,30세,상해없음,승용,남,78세,중상
20,2019040000000000.0,2019년 4월 12일 14시,금요일,서울특별시 송파구 신천동,올림픽로,경상사고,0,0,1,0,차대차 - 측면충돌,신호위반,포장 - 건조,맑음,단일로 - 기타,승용,남,53세,상해없음,자전거,남,78세,경상