,사고번호,사고일시,요일,시군구,도로명,사고내용,사망자수,중상자수,경상자수,부상신고자수,사고유형,법규위반,노면상태,기상상태,도로형태,가해운전자 차종,가해운전자 성별,가해운전자 연령,가해운전자 상해정도,피해운전자 차종,피해운전자 성별,피해운전자 연령,피해운전자 상해정도
234,2019040000000000.0,2019년 4월 10일 21시,수요일,서울특별시 송파구 풍납동,한가람로,경상사고,0,0,2,0,차대차 - 측면충돌,안전거리미확보,포장 - 건조,맑음,단일로 - 기타,승합,남,57세,상해없음,승용,남,65세,상해없음
235,2019070000000000.0,2019년 7월 14일 05시,일요일,서울특별시 송파구 풍납동,강동대로,경상사고,0,0,1,0,차대차 - 기타,신호위반,포장 - 건조,맑음,교차로 - 교차로안,기타불명,기타불명,미분류,기타불명,승용,남,65세,상해없음
236,2019120000000000.0,2019년 12월 27일 19시,금요일,서울특별시 송파구 송파동,석촌호수로,경상사고,0,0,1,2,차대차 - 추돌,안전운전불이행,포장 - 건조,맑음,교차로 - 교차로부근,승용,남,76세,상해없음,승용,남,65세,경상
237,2019020000000000.0,2019년 2월 2일 06시,토요일,서울특별시 송파구 송파동,양재대로,중상사고,0,1,0,0,차대차 - 기타,신호위반,포장 - 건조,맑음,교차로 - 교차로횡단보도내,화물,남,30세,상해없음,자전거,여,65세,중상
238,2019090000000000.0,2019년 9월 3일 17시,화요일,서울특별시 송파구 송파동,가락로,경상사고,0,0,1,0,차대차 - 기타,중앙선침범,포장 - 젖음/습기,비,단일로 - 기타,승용,여,57세,상해없음,이륜,남,65세,경상
239,2019060000000000.0,2019년 6월 25일 01시,화요일,서울특별시 송파구 석촌동,가락로,경상사고,0,0,1,0,차대차 - 기타,교차로운행방법위반,포장 - 건조,맑음,교차로 - 교차로안,이륜,남,31세,경상,승용,남,65세,상해없음
240,2019100000000000.0,2019년 10월 5일 12시,토요일,서울특별시 송파구 삼전동,삼전로,경상사고,0,0,1,0,차대차 - 기타,안전운전불이행,포장 - 건조,맑음,단일로 - 기타,기타불명,기타불명,미분류,기타불명,승용,남,65세,상해없음
241,2019090000000000.0,2019년 9월 29일 16시,일요일,서울특별시 송파구 삼전동,백제고분로,경상사고,0,0,3,0,차대차 - 추돌,안전운전불이행,포장 - 건조,맑음,교차로 - 교차로안,이륜,남,47세,경상,승용,남,65세,경상
242,2019070000000000.0,2019년 7월 9일 13시,화요일,서울특별시 송파구 삼전동,삼전로,경상사고,0,0,2,0,차대차 - 추돌,안전운전불이행,포장 - 건조,맑음,단일로 - 기타,승용,여,60세,상해없음,승용,남,65세,경상
243,2019120000000000.0,2019년 12월 19일 13시,목요일,서울특별시 송파구 삼전동,삼학사로,경상사고,0,0,1,0,차대차 - 측면충돌,안전운전불이행,포장 - 건조,맑음,단일로 - 기타,승용,남,31세,상해없음,승용,남,65세,상해없음
244,2019030000000000.0,2019년 3월 13일 14시,수요일,서울특별시 송파구 가락동,중대로,중상사고,0,1,0,0,차대차 - 정면충돌,신호위반,포장 - 건조,맑음,교차로 - 교차로안,이륜,남,36세,중상,승용,남,65세,상해없음
245,2019010000000000.0,2019년 1월 28일 22시,월요일,서울특별시 송파구 가락동,송파대로,경상사고,0,0,1,0,차대차 - 추돌,안전운전불이행,포장 - 건조,맑음,교차로 - 교차로부근,승용,남,23세,상해없음,승용,남,65세,경상
246,2019110000000000.0,2019년 11월 1일 15시,금요일,서울특별시 송파구 가락동,동남로,경상사고,0,0,1,0,차대차 - 후진중충돌,안전운전불이행,포장 - 건조,맑음,단일로 - 기타,화물,남,51세,상해없음,승용,남,65세,상해없음
247,2019040000000000.0,2019년 4월 13일 21시,토요일,서울특별시 송파구 가락동,동남로14길,중상사고,0,1,2,0,차대차 - 측면충돌,안전운전불이행,포장 - 건조,맑음,교차로 - 교차로안,승용,남,38세,경상,승용,남,65세,중상
248,2019020000000000.0,2019년 2월 25일 03시,월요일,서울특별시 송파구 가락동,중대로,경상사고,0,0,1,0,차대차 - 기타,안전거리미확보,포장 - 건조,맑음,단일로 - 기타,승용,남,57세,상해없음,승용,남,65세,경상
249,2019020000000000.0,2019년 2월 14일 14시,목요일,서울특별시 송파구 가락동,중대로,경상사고,0,0,1,1,차대차 - 측면충돌,안전운전불이행,포장 - 건조,맑음,단일로 - 기타,승용,남,58세,부상신고,승용,남,65세,경상
250,2019100000000000.0,2019년 10월 15일 01시,화요일,서울특별시 송파구 가락동,오금로35길,중상사고,0,1,0,0,차대차 - 측면충돌,신호위반,포장 - 건조,맑음,교차로 - 교차로안,이륜,여,50세,중상,승용,남,65세,상해없음
251,2019110000000000.0,2019년 11월 20일 15시,수요일,서울특별시 송파구 가락동,문정로,부상신고사고,0,0,0,1,차대차 - 측면충돌,신호위반,포장 - 건조,맑음,교차로 - 교차로안,이륜,남,34세,부상신고,승용,여,65세,상해없음
252,2019100000000000.0,2019년 10월 2일 20시,수요일,서울특별시 송파구 문정동,새말로,중상사고,0,1,0,0,차대차 - 측면충돌,안전거리미확보,포장 - 젖음/습기,비,단일로 - 기타,승용,남,54세,상해없음,이륜,남,65세,중상
253,2019100000000000.0,2019년 10월 5일 00시,토요일,서울특별시 송파구 문정동,문정로,중상사고,0,1,5,0,차대차 - 추돌,안전운전불이행,포장 - 건조,맑음,기타 - 기타,승용,남,47세,상해없음,승용,남,65세,중상
254,2019100000000000.0,2019년 10월 2일 10시,수요일,서울특별시 송파구 문정동,중대로,부상신고사고,0,0,0,2,차대차 - 추돌,안전운전불이행,포장 - 젖음/습기,비,교차로 - 교차로부근,화물,남,42세,상해없음,승용,여,65세,부상신고
255,2019050000000000.0,2019년 5월 28일 15시,화요일,서울특별시 송파구 문정동,송파대로,중상사고,0,1,0,0,차대차 - 측면충돌,안전운전불이행,포장 - 건조,맑음,기타 - 기타,승용,여,52세,상해없음,화물,남,65세,중상
256,2019080000000000.0,2019년 8월 18일 14시,일요일,서울특별시 송파구 장지동,송파대로,경상사고,0,0,1,0,차대차 - 측면충돌,안전운전불이행,포장 - 건조,맑음,교차로 - 교차로안,승용,남,66세,상해없음,자전거,남,65세,경상
257,2019120000000000.0,2019년 12월 22일 14시,일요일,서울특별시 송파구 방이동,양재대로72길,중상사고,0,1,0,0,차대사람 - 기타,신호위반,포장 - 건조,맑음,단일로 - 기타,승용,여,30세,상해없음,보행자,여,65세,중상
258,2019090000000000.0,2019년 9월 28일 05시,토요일,서울특별시 송파구 방이동,위례성대로,중상사고,0,1,0,0,차대차 - 측면충돌,안전운전불이행,포장 - 건조,맑음,교차로 - 교차로부근,승용,남,23세,상해없음,이륜,남,65세,중상
259,2019100000000000.0,2019년 10월 22일 07시,화요일,서울특별시 송파구 방이동,오금로27길,경상사고,0,0,3,0,차대차 - 측면충돌,안전거리미확보,포장 - 건조,맑음,단일로 - 기타,승용,여,48세,상해없음,승합,남,65세,경상
260,2019110000000000.0,2019년 11월 6일 20시,수요일,서울특별시 송파구 방이동,양재대로,경상사고,0,0,1,0,차대차 - 측면충돌,안전거리미확보,포장 - 건조,맑음,단일로 - 기타,승용,남,59세,상해없음,승용,여,65세,경상
261,2019080000000000.0,2019년 8월 14일 14시,수요일,서울특별시 송파구 방이동,강동대로,중상사고,0,3,1,1,차대차 - 추돌,안전운전불이행,포장 - 건조,맑음,단일로 - 기타,승용,남,61세,상해없음,승용,여,65세,중상
262,2019100000000000.0,2019년 10월 20일 14시,일요일,서울특별시 송파구 방이동,동남로,중상사고,0,1,0,0,차대사람 - 기타,보행자보호의무위반,포장 - 건조,맑음,교차로 - 교차로횡단보도내,승용,여,22세,상해없음,보행자,남,65세,중상
263,2019040000000000.0,2019년 4월 9일 18시,화요일,서울특별시 송파구 오금동,동남로,경상사고,0,0,1,2,차대차 - 추돌,안전거리미확보,포장 - 젖음/습기,비,교차로 - 교차로부근,화물,남,46세,상해없음,승용,여,65세,부상신고
264,2019110000000000.0,2019년 11월 2일 05시,토요일,서울특별시 송파구 오금동,동남로,중상사고,0,2,0,0,차대차 - 측면충돌,안전운전불이행,포장 - 건조,맑음,기타 - 기타,승용,남,71세,중상,승용,여,65세,중상
265,2019070000000000.0,2019년 7월 12일 14시,금요일,서울특별시 송파구 거여동,마천로,경상사고,0,0,1,0,차대차 - 측면충돌,안전거리미확보,포장 - 건조,맑음,단일로 - 교량,자전거,남,81세,경상,승용,여,65세,상해없음
266,2019090000000000.0,2019년 9월 22일 19시,일요일,서울특별시 송파구 마천동,성내천로37길,중상사고,0,1,0,0,차대차 - 기타,안전운전불이행,포장 - 젖음/습기,비,교차로 - 교차로안,이륜,남,48세,중상,승용,남,65세,상해없음
0,2019020000000000.0,2019년 2월 27일 10시,수요일,서울특별시 양천구 신정동,오목로,중상사고,0,1,0,0,차대사람 - 기타,안전운전불이행,포장 - 건조,맑음,기타 - 기타,승용,남,65세,상해없음,보행자,남,90세 이상,중상
1,2019100000000000.0,2019년 10월 27일 05시,일요일,서울특별시 양천구 신정동,목동서로,경상사고,0,0,1,0,차대사람 - 보도통행중,신호위반,포장 - 건조,맑음,교차로 - 교차로횡단보도내,승용,남,68세,상해없음,보행자,남,89세,경상
2,2019090000000000.0,2019년 9월 8일 14시,일요일,서울특별시 양천구 신정동,신월로,중상사고,0,1,0,0,차대차 - 추돌,안전운전불이행,포장 - 건조,맑음,단일로 - 기타,승용,남,55세,상해없음,승용,여,86세,중상
3,2019060000000000.0,2019년 6월 5일 12시,수요일,서울특별시 양천구 목동,오목로,경상사고,0,0,1,0,차대차 - 측면충돌,안전운전불이행,포장 - 건조,맑음,단일로 - 기타,승용,남,22세,상해없음,승용,남,86세,경상
4,2019030000000000.0,2019년 3월 28일 11시,목요일,서울특별시 양천구 신월동,가로공원로,중상사고,0,1,0,0,차대사람 - 횡단중,안전운전불이행,포장 - 건조,맑음,단일로 - 기타,화물,남,57세,상해없음,보행자,남,84세,중상
5,2019070000000000.0,2019년 7월 21일 01시,일요일,서울특별시 양천구 신월동,신월로,중상사고,0,1,0,0,차대사람 - 횡단중,안전운전불이행,포장 - 젖음/습기,비,단일로 - 기타,승용,남,61세,상해없음,보행자,남,84세,중상
6,2019080000000000.0,2019년 8월 12일 11시,월요일,서울특별시 양천구 신정동,목동남로,경상사고,0,0,1,0,차대차 - 기타,신호위반,포장 - 젖음/습기,비,교차로 - 교차로부근,승합,남,66세,상해없음,자전거,남,83세,경상
7,2019060000000000.0,2019년 6월 18일 10시,화요일,서울특별시 양천구 신정동,목동동로,중상사고,0,1,0,0,차대사람 - 기타,안전운전불이행,포장 - 건조,맑음,단일로 - 기타,승용,여,43세,상해없음,보행자,여,83세,중상
8,2019060000000000.0,2019년 6월 6일 11시,목요일,서울특별시 양천구 목동,목동중앙본로,중상사고,0,1,0,0,차대사람 - 기타,안전운전불이행,포장 - 건조,맑음,단일로 - 기타,승용,남,48세,상해없음,보행자,여,83세,중상
9,2019040000000000.0,2019년 4월 20일 13시,토요일,서울특별시 양천구 목동,목동중앙북로,경상사고,0,0,1,0,차대사람 - 기타,안전운전불이행,포장 - 건조,맑음,단일로 - 기타,승용,여,43세,상해없음,보행자,여,82세,경상
10,2019010000000000.0,2019년 1월 23일 15시,수요일,서울특별시 양천구 목동,목동중앙북로,경상사고,0,0,1,0,차대사람 - 기타,안전운전불이행,포장 - 건조,맑음,단일로 - 기타,승용,남,77세,상해없음,보행자,여,82세,경상
11,2019060000000000.0,2019년 6월 21일 11시,금요일,서울특별시 양천구 신월동,중앙로,경상사고,0,0,1,0,차대사람 - 보도통행중,기타,포장 - 기타,맑음,단일로 - 기타,화물,남,45세,상해없음,보행자,여,82세,경상
12,2019070000000000.0,2019년 7월 19일 09시,금요일,서울특별시 양천구 신정동,목동남로4길,경상사고,0,0,1,0,차대차 - 기타,안전운전불이행,포장 - 건조,맑음,교차로 - 교차로안,승용,남,40세,상해없음,자전거,남,80세,경상
13,2019010000000000.0,2019년 1월 6일 13시,일요일,서울특별시 양천구 목동,등촌로,중상사고,0,1,0,0,차대사람 - 횡단중,안전운전불이행,포장 - 건조,맑음,단일로 - 기타,승용,남,40세,상해없음,보행자,여,80세,중상
14,2019070000000000.0,2019년 7월 14일 09시,일요일,서울특별시 양천구 신정동,중앙로21길,중상사고,0,1,0,0,차대사람 - 보도통행중,기타,포장 - 건조,맑음,교차로 - 교차로부근,자전거,남,19세,기타불명,보행자,여,79세,중상
15,2019080000000000.0,2019년 8월 5일 07시,월요일,서울특별시 양천구 신월동,오목로,경상사고,0,0,2,0,차대차 - 기타,안전운전불이행,포장 - 건조,맑음,기타 - 기타,승용,여,43세,경상,이륜,남,79세,경상
16,2019080000000000.0,2019년 8월 18일 09시,일요일,서울특별시 양천구 신정동,신정중앙로23길,사망사고,1,0,0,0,차대사람 - 기타,중앙선침범,포장 - 건조,맑음,단일로 - 기타,이륜,남,17세,상해없음,보행자,여,78세,사망
17,2019010000000000.0,2019년 1월 23일 09시,수요일,서울특별시 양천구 신정동,신정중앙로,중상사고,0,1,0,0,차대사람 - 기타,안전운전불이행,포장 - 젖음/습기,맑음,교차로 - 교차로안,이륜,남,31세,상해없음,보행자,여,78세,중상
18,2019070000000000.0,2019년 7월 25일 17시,목요일,서울특별시 양천구 신정동,중앙로36길,중상사고,0,1,0,0,차대차 - 기타,기타,포장 - 건조,흐림,단일로 - 기타,승용,남,26세,상해없음,자전거,남,78세,중상
19,2019040000000000.0,2019년 4월 16일 14시,화요일,서울특별시 양천구 목동,목동중앙북로,중상사고,0,1,0,0,차대사람 - 기타,안전운전불이행,포장 - 건조,맑음,단일로 - 기타,승용,여,59세,상해없음,보행자,여,78세,중상
20,2019070000000000.0,2019년 7월 17일 15시,수요일,서울특별시 양천구 신월동,화곡로,경상사고,0,0,1,0,차대차 - 추돌,안전거리미확보,포장 - 건조,맑음,교차로 - 교차로부근,화물,남,38세,상해없음,건설기계,남,78세,경상
21,2019090000000000.0,2019년 9월 29일 06시,일요일,서울특별시 양천구 신월동,곰달래로14길,경상사고,0,0,4,0,차대차 - 측면충돌,안전운전불이행,포장 - 건조,맑음,교차로 - 교차로안,승용,남,80세,상해없음,승용,남,78세,상해없음
22,2019060000000000.0,2019년 6월 25일 11시,화요일,서울특별시 양천구 신월동,중앙로,중상사고,0,1,0,0,차대사람 - 횡단중,안전운전불이행,포장 - 건조,맑음,단일로 - 기타,승용,여,42세,상해없음,보행자,여,78세,중상
23,2019100000000000.0,2019년 10월 4일 16시,금요일,서울특별시 양천구 신정동,목동로3길,중상사고,0,1,0,0,차대사람 - 보도통행중,신호위반,포장 - 건조,맑음,교차로 - 교차로안,승용,여,66세,상해없음,보행자,여,77세,중상
24,2019050000000000.0,2019년 5월 2일 11시,목요일,서울특별시 양천구 목동,목동동로12길,경상사고,0,0,1,0,차대차 - 추돌,신호위반,포장 - 건조,맑음,교차로 - 교차로안,화물,남,55세,상해없음,자전거,남,77세,경상
25,2019110000000000.0,2019년 11월 9일 15시,토요일,서울특별시 양천구 목동,목동중앙남로,중상사고,0,1,0,0,차대사람 - 기타,안전운전불이행,포장 - 건조,맑음,단일로 - 기타,승용,남,59세,상해없음,보행자,여,77세,중상
26,2019080000000000.0,2019년 8월 21일 10시,수요일,서울특별시 양천구 목동,목동중앙북로,중상사고,0,1,0,0,차대사람 - 기타,안전운전불이행,포장 - 건조,맑음,단일로 - 기타,원동기,남,65세,상해없음,보행자,여,77세,중상
27,2019080000000000.0,2019년 8월 20일 08시,화요일,서울특별시 양천구 신월동,월정로,중상사고,0,1,1,0,차대차 - 기타,신호위반,포장 - 건조,맑음,단일로 - 기타,승용,여,39세,경상,승용,남,77세,중상
28,2019070000000000.0,2019년 7월 9일 12시,화요일,서울특별시 양천구 신정동,신월로,중상사고,0,1,0,0,차대사람 - 기타,안전운전불이행,포장 - 건조,맑음,단일로 - 기타,승용,여,41세,상해없음,보행자,여,76세,중상
29,2019060000000000.0,2019년 6월 10일 14시,월요일,서울특별시 양천구 신정동,목동동로12길,중상사고,0,1,0,0,차대사람 - 기타,보행자보호의무위반,포장 - 건조,맑음,교차로 - 교차로횡단보도내,승용,여,52세,상해없음,보행자,여,76세,중상
30,2019100000000000.0,2019년 10월 7일 09시,월요일,서울특별시 양천구 신정동,중앙로21길,경상사고,0,0,1,0,차대차 - 기타,안전운전불이행,포장 - 젖음/습기,비,교차로 - 교차로안,승용,여,49세,상해없음,승용,남,76세,경상
31,2019040000000000.0,2019년 4월 12일 13시,금요일,서울특별시 양천구 목동,목동동로,경상사고,0,0,1,0,차대차 - 측면충돌,안전운전불이행,포장 - 건조,맑음,단일로 - 기타,승용,여,62세,상해없음,승용,남,76세,경상
32,2019100000000000.0,2019년 10월 26일 10시,토요일,서울특별시 양천구 신월동,가로공원로,경상사고,0,0,1,0,차대차 - 기타,안전운전불이행,포장 - 건조,맑음,교차로 - 교차로부근,승용,남,53세,상해없음,자전거,남,76세,경상
33,2019010000000000.0,2019년 1월 22일 11시,화요일,서울특별시 양천구 신월동,남부순환로,경상사고,0,0,2,0,차대사람 - 보도통행중,신호위반,포장 - 건조,맑음,단일로 - 기타,화물,남,59세,상해없음,보행자,여,76세,경상
34,2019010000000000.0,2019년 1월 4일 13시,금요일,서울특별시 양천구 신월동,오목로4길,경상사고,0,0,1,0,차대차 - 측면충돌,불법유턴,포장 - 건조,맑음,교차로 - 교차로안,화물,남,54세,상해없음,자전거,남,76세,경상
35,2019030000000000.0,2019년 3월 11일 10시,월요일,서울특별시 양천구 신정동,안양천로,경상사고,0,0,1,0,차대사람 - 횡단중,신호위반,포장 - 건조,맑음,교차로 - 교차로안,화물,남,53세,상해없음,보행자,남,75세,경상
36,2019030000000000.0,2019년 3월 18일 17시,월요일,서울특별시 양천구 목동,신목로,경상사고,0,0,3,0,차대차 - 측면충돌,안전운전불이행,포장 - 건조,맑음,단일로 - 기타,승용,남,24세,경상,승용,남,75세,경상
37,2019030000000000.0,2019년 3월 11일 11시,월요일,서울특별시 양천구 목동,목동중앙본로7길,경상사고,0,0,1,0,차대사람 - 기타,안전운전불이행,포장 - 건조,맑음,단일로 - 기타,승용,남,58세,상해없음,보행자,남,75세,경상
38,2019120000000000.0,2019년 12월 21일 05시,토요일,서울특별시 양천구 목동,신목로,중상사고,0,1,0,0,차대사람 - 기타,안전운전불이행,포장 - 건조,맑음,교차로 - 교차로안,승합,남,48세,상해없음,보행자,여,75세,중상
39,2019080000000000.0,2019년 8월 30일 10시,금요일,서울특별시 양천구 신월동,월정로,중상사고,0,1,0,0,차대사람 - 기타,안전운전불이행,포장 - 건조,맑음,단일로 - 기타,화물,남,37세,상해없음,보행자,남,75세,중상
40,2019020000000000.0,2019년 2월 14일 06시,목요일,서울특별시 양천구 신정동,목동동로8길,중상사고,0,1,0,0,차대사람 - 기타,보행자보호의무위반,포장 - 건조,맑음,교차로 - 교차로안,승합,남,60세,상해없음,보행자,여,74세,중상
41,2019010000000000.0,2019년 1월 4일 22시,금요일,서울특별시 양천구 신정동,신목로2길,경상사고,0,0,1,0,차대차 - 측면충돌,직진우회전진행방해,포장 - 건조,맑음,교차로 - 교차로안,승용,남,72세,상해없음,자전거,남,74세,경상
42,2019050000000000.0,2019년 5월 10일 16시,금요일,서울특별시 양천구 목동,목동중앙북로,경상사고,0,0,1,0,차대사람 - 기타,안전운전불이행,포장 - 건조,맑음,기타 - 기타,승용,남,42세,상해없음,보행자,여,74세,경상
43,2019080000000000.0,2019년 8월 23일 11시,금요일,서울특별시 양천구 목동,목동중앙본로7길,중상사고,0,1,0,0,차대사람 - 기타,안전운전불이행,포장 - 건조,맑음,단일로 - 기타,화물,남,55세,상해없음,보행자,여,74세,중상
44,2019080000000000.0,2019년 8월 12일 07시,월요일,서울특별시 양천구 신월동,오목로,중상사고,0,1,0,0,차대사람 - 횡단중,안전운전불이행,포장 - 건조,맑음,단일로 - 기타,승용,남,71세,상해없음,보행자,여,74세,중상
45,2019120000000000.0,2019년 12월 19일 01시,목요일,서울특별시 양천구 신월동,목동중앙서로,경상사고,0,0,1,0,차대차 - 추돌,안전운전불이행,포장 - 건조,맑음,교차로 - 교차로부근,승용,남,67세,상해없음,승용,남,74세,경상
46,2019080000000000.0,2019년 8월 5일 07시,월요일,서울특별시 양천구 신정동,오목로,경상사고,0,0,1,0,차대사람 - 횡단중,안전운전불이행,포장 - 건조,맑음,교차로 - 교차로부근,승용,남,61세,상해없음,보행자,남,73세,경상
47,2019110000000000.0,2019년 11월 21일 20시,목요일,서울특별시 양천구 신정동,목동동로2길,경상사고,0,0,1,0,차대차 - 측면충돌,신호위반,포장 - 건조,맑음,교차로 - 교차로안,승용,여,49세,상해없음,자전거,여,73세,경상
48,2019100000000000.0,2019년 10월 31일 08시,목요일,서울특별시 양천구 신정동,오목로,중상사고,0,1,0,0,차대사람 - 기타,안전운전불이행,포장 - 건조,맑음,단일로 - 기타,승용,남,76세,상해없음,보행자,남,73세,중상
49,2019120000000000.0,2019년 12월 20일 09시,금요일,서울특별시 양천구 목동,목동중앙남로11길,중상사고,0,1,0,0,차대사람 - 기타,안전운전불이행,포장 - 건조,맑음,단일로 - 기타,승합,남,56세,상해없음,보행자,여,73세,중상
50,2019120000000000.0,2019년 12월 11일 04시,수요일,서울특별시 양천구 목동,목동서로,중상사고,0,1,0,0,차대차 - 기타,안전운전불이행,포장 - 건조,맑음,교차로 - 교차로부근,기타불명,기타불명,미분류,기타불명,이륜,남,73세,중상
51,2019100000000000.0,2019년 10월 2일 10시,수요일,서울특별시 양천구 신월동,곰달래로6길,경상사고,0,0,1,0,차대차 - 정면충돌,안전운전불이행,포장 - 젖음/습기,흐림,교차로 - 교차로안,승용,남,60세,상해없음,원동기,남,73세,경상
52,2019050000000000.0,2019년 5월 9일 08시,목요일,서울특별시 양천구 신월동,곰달래로,경상사고,0,0,1,0,차대차 - 측면충돌,교차로운행방법위반,포장 - 건조,맑음,교차로 - 교차로안,승용,남,54세,상해없음,승합,남,73세,경상
53,2019120000000000.0,2019년 12월 9일 07시,월요일,서울특별시 양천구 신월동,오목로,경상사고,0,0,1,0,차대차 - 기타,교차로운행방법위반,포장 - 건조,맑음,교차로 - 교차로안,승용,남,32세,상해없음,승용,남,73세,상해없음
54,2019110000000000.0,2019년 11월 11일 07시,월요일,서울특별시 양천구 신정동,신목로7길,경상사고,0,0,1,1,차대차 - 추돌,안전운전불이행,포장 - 건조,맑음,단일로 - 기타,승용,여,36세,상해없음,승용,남,72세,경상
55,2019020000000000.0,2019년 2월 4일 21시,월요일,서울특별시 양천구 신정동,목동로,중상사고,0,1,0,0,차대사람 - 횡단중,신호위반,포장 - 건조,맑음,교차로 - 교차로횡단보도내,이륜,남,46세,상해없음,보행자,남,72세,중상
56,2019100000000000.0,2019년 10월 5일 09시,토요일,서울특별시 양천구 신정동,국회대로,경상사고,0,0,3,0,차대차 - 측면충돌,안전거리미확보,포장 - 건조,맑음,단일로 - 기타,승용,남,64세,상해없음,승용,남,72세,경상
57,2019030000000000.0,2019년 3월 21일 22시,목요일,서울특별시 양천구 신정동,중앙로,중상사고,0,1,4,1,차대차 - 측면충돌,신호위반,포장 - 건조,맑음,교차로 - 교차로안,승용,여,49세,부상신고,승용,남,72세,경상
58,2019050000000000.0,2019년 5월 25일 03시,토요일,서울특별시 양천구 신정동,목동로,경상사고,0,0,1,1,차대차 - 추돌,안전운전불이행,포장 - 건조,맑음,교차로 - 교차로부근,승용,남,52세,부상신고,화물,남,72세,경상
59,2019100000000000.0,2019년 10월 22일 14시,화요일,서울특별시 양천구 신정동,신월로,경상사고,0,0,1,2,차대차 - 정면충돌,안전운전불이행,포장 - 건조,맑음,교차로 - 교차로안,승용,남,52세,부상신고,승용,남,72세,경상
60,2019080000000000.0,2019년 8월 21일 15시,수요일,서울특별시 양천구 신정동,목동동로4길,경상사고,0,0,1,0,차대사람 - 기타,안전운전불이행,포장 - 건조,맑음,기타 - 기타,승용,여,54세,상해없음,보행자,여,72세,경상
61,2019080000000000.0,2019년 8월 12일 14시,월요일,서울특별시 양천구 신정동,중앙로,부상신고사고,0,0,0,1,차대차 - 기타,신호위반,포장 - 젖음/습기,맑음,교차로 - 교차로안,이륜,남,44세,부상신고,승용,남,72세,상해없음
62,2019060000000000.0,2019년 6월 24일 18시,월요일,서울특별시 양천구 신정동,신목로7길,경상사고,0,0,1,0,차대차 - 기타,안전운전불이행,포장 - 건조,맑음,교차로 - 교차로횡단보도내,승용,여,48세,경상,승합,남,72세,상해없음
63,2019100000000000.0,2019년 10월 22일 21시,화요일,서울특별시 양천구 목동,목동서로,경상사고,0,0,1,0,차대차 - 기타,신호위반,포장 - 건조,맑음,교차로 - 교차로횡단보도내,승용,여,47세,상해없음,자전거,남,72세,경상
64,2019070000000000.0,2019년 7월 17일 00시,수요일,서울특별시 양천구 목동,목동중앙남로11길,경상사고,0,0,2,0,차대차 - 측면충돌,신호위반,포장 - 건조,맑음,교차로 - 교차로안,이륜,여,30세,경상,승용,남,72세,상해없음
65,2019090000000000.0,2019년 9월 24일 19시,화요일,서울특별시 양천구 목동,등촌로,부상신고사고,0,0,0,1,차대사람 - 기타,안전운전불이행,포장 - 건조,맑음,단일로 - 기타,승용,여,57세,상해없음,보행자,여,72세,부상신고
66,2019110000000000.0,2019년 11월 15일 04시,금요일,서울특별시 양천구 신월동,월정로,경상사고,0,0,1,0,차대차 - 기타,신호위반,포장 - 건조,맑음,교차로 - 교차로안,화물,남,40세,상해없음,개인형이동수단(PM),남,72세,경상
67,2019090000000000.0,2019년 9월 3일 19시,화요일,서울특별시 양천구 신월동,월정로50길,경상사고,0,0,1,0,차대사람 - 기타,보행자보호의무위반,포장 - 건조,맑음,교차로 - 교차로안,승용,여,48세,상해없음,보행자,여,72세,경상
68,2019040000000000.0,2019년 4월 1일 16시,월요일,서울특별시 양천구 신정동,중앙로32길,사망사고,1,0,0,0,차대사람 - 횡단중,신호위반,포장 - 건조,맑음,교차로 - 교차로횡단보도내,자전거,남,14세,상해없음,보행자,여,71세,사망
69,2019030000000000.0,2019년 3월 21일 19시,목요일,서울특별시 양천구 신정동,오목로,중상사고,0,1,0,0,차대사람 - 횡단중,안전운전불이행,포장 - 건조,맑음,단일로 - 기타,승용,남,73세,상해없음,보행자,남,71세,중상
70,2019090000000000.0,2019년 9월 4일 20시,수요일,서울특별시 양천구 신정동,목동동로12길,중상사고,0,1,0,0,차대사람 - 기타,보행자보호의무위반,포장 - 젖음/습기,비,교차로 - 교차로횡단보도내,승용,남,59세,상해없음,보행자,여,71세,중상
71,2019010000000000.0,2019년 1월 15일 09시,화요일,서울특별시 양천구 신정동,목동서로,중상사고,0,1,0,0,차대사람 - 횡단중,안전운전불이행,포장 - 건조,맑음,교차로 - 교차로안,승용,남,50세,상해없음,보행자,여,71세,중상
72,2019030000000000.0,2019년 3월 8일 12시,금요일,서울특별시 양천구 신정동,국회대로,경상사고,0,0,1,0,차대차 - 기타,안전운전불이행,포장 - 건조,맑음,단일로 - 기타,승용,남,48세,상해없음,승용,남,71세,경상
73,2019060000000000.0,2019년 6월 22일 11시,토요일,서울특별시 양천구 신정동,신월로,경상사고,0,0,3,0,차대차 - 기타,안전운전불이행,포장 - 건조,맑음,교차로 - 교차로안,승용,남,60세,상해없음,승용,남,71세,경상