,사고번호,사고일시,요일,시군구,도로명,사고내용,사망자수,중상자수,경상자수,부상신고자수,사고유형,법규위반,노면상태,기상상태,도로형태,가해운전자 차종,가해운전자 성별,가해운전자 연령,가해운전자 상해정도,피해운전자 차종,피해운전자 성별,피해운전자 연령,피해운전자 상해정도
74,2019040000000000.0,2019년 4월 10일 14시,수요일,서울특별시 양천구 신월동,국회대로,경상사고,0,0,1,0,차대차 - 기타,안전운전불이행,포장 - 건조,맑음,단일로 - 기타,화물,남,48세,상해없음,승용,남,71세,경상
75,2019090000000000.0,2019년 9월 8일 15시,일요일,서울특별시 양천구 신정동,오목로30길,부상신고사고,0,0,0,1,차대사람 - 기타,안전운전불이행,포장 - 건조,맑음,단일로 - 기타,승용,여,38세,상해없음,보행자,남,70세,부상신고
76,2019110000000000.0,2019년 11월 25일 07시,월요일,서울특별시 양천구 신정동,오목로,중상사고,0,1,1,0,차대사람 - 횡단중,안전운전불이행,포장 - 건조,맑음,기타 - 기타,승용,여,38세,경상,보행자,여,70세,중상
77,2019030000000000.0,2019년 3월 9일 03시,토요일,서울특별시 양천구 목동,등촌로,중상사고,0,1,0,0,차대사람 - 횡단중,안전운전불이행,포장 - 건조,맑음,단일로 - 기타,승용,남,60세,상해없음,보행자,남,70세,중상
78,2019050000000000.0,2019년 5월 27일 05시,월요일,서울특별시 양천구 신월동,가로공원로55길,경상사고,0,0,1,0,차대사람 - 기타,안전운전불이행,포장 - 건조,맑음,교차로 - 교차로안,승용,남,57세,상해없음,보행자,남,70세,경상
79,2019050000000000.0,2019년 5월 1일 18시,수요일,서울특별시 양천구 신월동,남부순환로,경상사고,0,0,1,0,차대차 - 측면충돌,안전거리미확보,포장 - 건조,맑음,교차로 - 교차로부근,승용,남,24세,상해없음,승용,남,70세,경상
80,2019030000000000.0,2019년 3월 12일 12시,화요일,서울특별시 양천구 신월동,남부순환로,경상사고,0,0,1,0,차대차 - 측면충돌,안전거리미확보,포장 - 건조,맑음,단일로 - 기타,건설기계,남,40세,상해없음,승용,남,70세,경상
81,2019030000000000.0,2019년 3월 25일 11시,월요일,서울특별시 양천구 신정동,목동동로8길,경상사고,0,0,1,0,차대차 - 측면충돌,교차로운행방법위반,포장 - 건조,맑음,교차로 - 교차로안,승용,남,59세,상해없음,승용,남,69세,경상
82,2019030000000000.0,2019년 3월 9일 18시,토요일,서울특별시 양천구 신정동,목동남로,부상신고사고,0,0,0,1,차대차 - 측면충돌,신호위반,포장 - 건조,맑음,교차로 - 교차로안,이륜,남,16세,부상신고,승용,남,69세,상해없음
83,2019100000000000.0,2019년 10월 1일 22시,화요일,서울특별시 양천구 신정동,중앙로,경상사고,0,0,1,0,차대차 - 측면충돌,신호위반,포장 - 건조,맑음,단일로 - 기타,승용,여,47세,상해없음,승용,남,69세,경상
84,2019080000000000.0,2019년 8월 18일 14시,일요일,서울특별시 양천구 신정동,목동서로,경상사고,0,0,1,0,차대차 - 기타,신호위반,포장 - 건조,맑음,단일로 - 기타,이륜,남,17세,경상,승용,남,69세,상해없음
85,2019090000000000.0,2019년 9월 26일 16시,목요일,서울특별시 양천구 신정동,목동로,경상사고,0,0,2,0,차대차 - 추돌,안전운전불이행,포장 - 건조,맑음,단일로 - 기타,승용,남,33세,경상,승용,여,69세,경상
86,2019050000000000.0,2019년 5월 3일 13시,금요일,서울특별시 양천구 신정동,중앙로,경상사고,0,0,1,0,차대사람 - 기타,안전운전불이행,포장 - 건조,맑음,단일로 - 기타,기타불명,기타불명,미분류,기타불명,보행자,여,69세,경상
87,2019070000000000.0,2019년 7월 23일 18시,화요일,서울특별시 양천구 신정동,오목로,경상사고,0,0,2,0,차대차 - 측면충돌,안전거리미확보,포장 - 건조,맑음,단일로 - 기타,승용,남,61세,상해없음,승합,남,69세,경상
88,2019100000000000.0,2019년 10월 11일 11시,금요일,서울특별시 양천구 목동,신목로,경상사고,0,0,2,0,차대차 - 측면충돌,안전운전불이행,포장 - 건조,맑음,교차로 - 교차로부근,승용,여,31세,상해없음,승용,남,69세,경상
89,2019120000000000.0,2019년 12월 30일 05시,월요일,서울특별시 양천구 목동,목동중앙로,경상사고,0,0,1,0,차대차 - 기타,안전운전불이행,포장 - 건조,맑음,교차로 - 교차로안,승용,남,61세,상해없음,자전거,남,69세,경상
90,2019010000000000.0,2019년 1월 12일 10시,토요일,서울특별시 양천구 목동,등촌로,경상사고,0,0,1,0,차대사람 - 횡단중,안전운전불이행,포장 - 건조,맑음,교차로 - 교차로횡단보도내,승용,남,52세,상해없음,보행자,여,69세,경상
91,2019050000000000.0,2019년 5월 21일 07시,화요일,서울특별시 양천구 목동,목동동로,경상사고,0,0,1,0,차대사람 - 기타,안전운전불이행,포장 - 건조,맑음,교차로 - 교차로부근,승용,남,63세,기타불명,보행자,남,69세,경상
92,2019050000000000.0,2019년 5월 21일 15시,화요일,서울특별시 양천구 목동,등촌로,부상신고사고,0,0,0,1,차대차 - 기타,안전거리미확보,포장 - 건조,맑음,교차로 - 교차로부근,승용,남,70세,부상신고,승용,여,69세,상해없음
93,2019050000000000.0,2019년 5월 24일 09시,금요일,서울특별시 양천구 목동,목동동로,경상사고,0,0,1,0,차대차 - 기타,안전운전불이행,포장 - 건조,맑음,단일로 - 기타,승합,남,57세,상해없음,승용,남,69세,경상
94,2019080000000000.0,2019년 8월 14일 15시,수요일,서울특별시 양천구 신월동,가로공원로69길,경상사고,0,0,1,0,차대사람 - 기타,안전운전불이행,포장 - 건조,맑음,교차로 - 교차로횡단보도내,승용,남,27세,상해없음,보행자,남,69세,경상
95,2019110000000000.0,2019년 11월 9일 18시,토요일,서울특별시 양천구 신월동,신월로,중상사고,0,1,0,0,차대차 - 측면충돌,신호위반,포장 - 건조,맑음,교차로 - 교차로안,승용,남,52세,상해없음,자전거,남,69세,중상
96,2019010000000000.0,2019년 1월 28일 19시,월요일,서울특별시 양천구 신정동,신정로,중상사고,0,1,0,0,차대사람 - 횡단중,보행자보호의무위반,포장 - 건조,맑음,교차로 - 교차로횡단보도내,승용,여,56세,상해없음,보행자,여,68세,중상
97,2019030000000000.0,2019년 3월 8일 17시,금요일,서울특별시 양천구 신정동,중앙로,경상사고,0,0,1,0,차대사람 - 기타,안전운전불이행,포장 - 건조,맑음,단일로 - 기타,승용,남,58세,상해없음,보행자,남,68세,경상
98,2019040000000000.0,2019년 4월 29일 17시,월요일,서울특별시 양천구 신정동,신정중앙로23길,중상사고,0,1,0,0,차대사람 - 기타,안전운전불이행,포장 - 건조,맑음,단일로 - 기타,승용,남,21세,상해없음,보행자,남,68세,중상
99,2019080000000000.0,2019년 8월 9일 00시,금요일,서울특별시 양천구 신정동,신목로,부상신고사고,0,0,0,1,차대차 - 기타,중앙선침범,포장 - 건조,맑음,교차로 - 교차로안,자전거,남,30세,부상신고,승용,남,68세,상해없음
100,2019070000000000.0,2019년 7월 11일 00시,목요일,서울특별시 양천구 신정동,목동로,경상사고,0,0,1,0,차대차 - 측면충돌,안전거리미확보,포장 - 건조,맑음,단일로 - 기타,승용,남,48세,상해없음,승용,여,68세,경상
101,2019090000000000.0,2019년 9월 15일 21시,일요일,서울특별시 양천구 신정동,중앙로,경상사고,0,0,2,0,차대차 - 측면충돌,차로위반,포장 - 건조,맑음,교차로 - 교차로부근,승용,남,68세,상해없음,승용,남,68세,경상
102,2019100000000000.0,2019년 10월 25일 09시,금요일,서울특별시 양천구 목동,목동로,경상사고,0,0,1,0,차대차 - 기타,안전운전불이행,포장 - 건조,맑음,단일로 - 기타,승용,여,45세,상해없음,승용,남,68세,상해없음
103,2019110000000000.0,2019년 11월 20일 09시,수요일,서울특별시 양천구 목동,목동서로2길,경상사고,0,0,2,1,차대차 - 기타,교차로운행방법위반,포장 - 건조,맑음,교차로 - 교차로안,승용,여,55세,부상신고,승용,남,68세,경상
104,2019120000000000.0,2019년 12월 25일 04시,수요일,서울특별시 양천구 목동,공항대로,중상사고,0,1,4,0,차대차 - 추돌,안전운전불이행,포장 - 건조,맑음,단일로 - 기타,승용,남,25세,상해없음,승용,남,68세,경상
105,2019020000000000.0,2019년 2월 25일 06시,월요일,서울특별시 양천구 신월동,남부순환로57길,경상사고,0,0,1,0,차대차 - 추돌,안전운전불이행,포장 - 건조,맑음,단일로 - 기타,승용,남,51세,상해없음,화물,남,68세,경상
106,2019120000000000.0,2019년 12월 4일 09시,수요일,서울특별시 양천구 신월동,오목로,경상사고,0,0,1,0,차대사람 - 기타,안전운전불이행,포장 - 건조,맑음,단일로 - 기타,승합,남,57세,상해없음,보행자,여,68세,경상
107,2019090000000000.0,2019년 9월 27일 13시,금요일,서울특별시 양천구 신월동,남부순환로,중상사고,0,1,0,0,차대사람 - 차도통행중,안전운전불이행,포장 - 건조,맑음,단일로 - 기타,자전거,남,20세,상해없음,보행자,여,68세,중상
108,2019070000000000.0,2019년 7월 10일 22시,수요일,서울특별시 양천구 신월동,국회대로,경상사고,0,0,1,0,차대차 - 추돌,안전운전불이행,포장 - 젖음/습기,비,단일로 - 기타,승용,남,43세,상해없음,승용,남,68세,경상
109,2019110000000000.0,2019년 11월 11일 17시,월요일,서울특별시 양천구 신정동,목동동로12길,경상사고,0,0,1,0,차대사람 - 횡단중,안전운전불이행,포장 - 건조,맑음,교차로 - 교차로안,화물,남,38세,상해없음,보행자,남,67세,경상
110,2019070000000000.0,2019년 7월 23일 11시,화요일,서울특별시 양천구 신정동,안양천로,경상사고,0,0,1,0,차대차 - 측면충돌,차로위반,포장 - 건조,맑음,단일로 - 기타,화물,남,63세,상해없음,이륜,남,67세,경상
111,2019050000000000.0,2019년 5월 23일 11시,목요일,서울특별시 양천구 신정동,목동동로,경상사고,0,0,1,0,차대사람 - 횡단중,안전운전불이행,포장 - 건조,맑음,단일로 - 기타,승용,여,27세,상해없음,보행자,남,67세,경상
112,2019070000000000.0,2019년 7월 25일 12시,목요일,서울특별시 양천구 신정동,오목로,중상사고,0,1,0,0,차대차 - 측면충돌,신호위반,포장 - 젖음/습기,비,교차로 - 교차로안,승용,남,65세,상해없음,자전거,남,67세,중상
113,2019080000000000.0,2019년 8월 10일 09시,토요일,서울특별시 양천구 신정동,신목로,경상사고,0,0,1,0,차대차 - 측면충돌,안전운전불이행,포장 - 건조,맑음,교차로 - 교차로횡단보도내,자전거,여,26세,경상,화물,남,67세,상해없음
114,2019030000000000.0,2019년 3월 16일 16시,토요일,서울특별시 양천구 신정동,중앙로,중상사고,0,1,0,2,차대사람 - 횡단중,안전운전불이행,포장 - 건조,맑음,단일로 - 기타,승용,남,18세,부상신고,보행자,여,67세,중상
115,2019080000000000.0,2019년 8월 20일 17시,화요일,서울특별시 양천구 목동,목동동로,경상사고,0,0,1,0,차대차 - 추돌,안전운전불이행,포장 - 건조,맑음,단일로 - 기타,승용,남,27세,상해없음,승용,남,67세,경상
116,2019100000000000.0,2019년 10월 1일 08시,화요일,서울특별시 양천구 목동,목동중앙남로,경상사고,0,0,1,0,차대차 - 측면충돌,직진우회전진행방해,포장 - 건조,흐림,교차로 - 교차로안,화물,남,55세,기타불명,승합,남,67세,경상
117,2019100000000000.0,2019년 10월 4일 03시,금요일,서울특별시 양천구 목동,오목로,중상사고,0,1,2,0,차대차 - 기타,안전거리미확보,포장 - 건조,맑음,교차로 - 교차로부근,승용,남,48세,경상,승용,남,67세,중상
118,2019010000000000.0,2019년 1월 17일 19시,목요일,서울특별시 양천구 목동,목동중앙서로,중상사고,0,1,0,0,차대사람 - 횡단중,안전운전불이행,포장 - 건조,맑음,단일로 - 기타,이륜,남,24세,상해없음,보행자,여,67세,중상
119,2019110000000000.0,2019년 11월 5일 14시,화요일,서울특별시 양천구 신월동,남부순환로,중상사고,0,1,0,0,차대사람 - 횡단중,신호위반,포장 - 건조,맑음,교차로 - 교차로안,승용,남,68세,상해없음,보행자,여,67세,중상
120,2019090000000000.0,2019년 9월 1일 20시,일요일,서울특별시 양천구 신월동,신월로,부상신고사고,0,0,0,1,차대사람 - 기타,안전운전불이행,포장 - 건조,맑음,단일로 - 기타,기타불명,기타불명,미분류,기타불명,보행자,남,67세,부상신고
121,2019090000000000.0,2019년 9월 30일 23시,월요일,서울특별시 양천구 신월동,남부순환로70길,경상사고,0,0,1,0,차대사람 - 기타,안전운전불이행,포장 - 건조,맑음,교차로 - 교차로부근,화물,남,56세,상해없음,보행자,남,67세,경상
122,2019070000000000.0,2019년 7월 10일 17시,수요일,서울특별시 양천구 신월동,남부순환로72길,경상사고,0,0,1,0,차대차 - 추돌,안전운전불이행,포장 - 건조,맑음,교차로 - 교차로안,승용,남,61세,상해없음,승용,남,67세,경상
123,2019040000000000.0,2019년 4월 15일 08시,월요일,서울특별시 양천구 신월동,남부순환로,경상사고,0,0,1,0,차대차 - 기타,안전운전불이행,포장 - 건조,맑음,단일로 - 기타,화물,남,54세,상해없음,승용,남,67세,경상
124,2019100000000000.0,2019년 10월 8일 10시,화요일,서울특별시 양천구 신월동,가로공원로,부상신고사고,0,0,0,1,차대차 - 측면충돌,교차로운행방법위반,포장 - 건조,맑음,교차로 - 교차로부근,승합,남,43세,상해없음,승용,남,67세,부상신고
125,2019100000000000.0,2019년 10월 25일 22시,금요일,서울특별시 양천구 신월동,남부순환로,경상사고,0,0,1,0,차대차 - 측면충돌,안전거리미확보,포장 - 건조,맑음,단일로 - 기타,승용,남,58세,상해없음,승용,남,67세,경상
126,2019070000000000.0,2019년 7월 2일 08시,화요일,서울특별시 양천구 신정동,중앙로32길,경상사고,0,0,1,0,차대사람 - 기타,안전운전불이행,포장 - 건조,맑음,단일로 - 기타,승합,남,49세,상해없음,보행자,여,66세,경상
127,2019090000000000.0,2019년 9월 28일 08시,토요일,서울특별시 양천구 신정동,목동서로,경상사고,0,0,1,0,차대차 - 측면충돌,안전운전불이행,포장 - 건조,맑음,교차로 - 교차로안,승용,남,47세,상해없음,자전거,남,66세,경상
128,2019110000000000.0,2019년 11월 29일 04시,금요일,서울특별시 양천구 신정동,은행정로,중상사고,0,1,0,0,차대사람 - 기타,안전운전불이행,포장 - 건조,맑음,단일로 - 기타,화물,남,36세,상해없음,보행자,여,66세,중상
129,2019080000000000.0,2019년 8월 20일 06시,화요일,서울특별시 양천구 신정동,신정로5길,중상사고,0,1,0,0,차대차 - 정면충돌,교차로운행방법위반,포장 - 건조,맑음,교차로 - 교차로안,승용,여,69세,상해없음,이륜,남,66세,중상
130,2019120000000000.0,2019년 12월 23일 18시,월요일,서울특별시 양천구 신정동,목동남로,중상사고,0,1,1,0,차대차 - 기타,안전운전불이행,포장 - 건조,맑음,단일로 - 기타,승용,남,59세,상해없음,승용,남,66세,경상
131,2019070000000000.0,2019년 7월 11일 22시,목요일,서울특별시 양천구 신정동,남부순환로,경상사고,0,0,2,0,차대차 - 추돌,안전운전불이행,포장 - 건조,맑음,단일로 - 기타,화물,남,40세,상해없음,승용,남,66세,경상
132,2019120000000000.0,2019년 12월 19일 12시,목요일,서울특별시 양천구 목동,목동동로,중상사고,0,1,0,0,차대사람 - 횡단중,안전운전불이행,포장 - 건조,맑음,교차로 - 교차로부근,승합,남,48세,상해없음,보행자,남,66세,중상
133,2019040000000000.0,2019년 4월 2일 10시,화요일,서울특별시 양천구 목동,신목로,경상사고,0,0,1,0,차대차 - 기타,안전운전불이행,포장 - 건조,맑음,교차로 - 교차로부근,승합,남,56세,상해없음,이륜,남,66세,상해없음
134,2019110000000000.0,2019년 11월 11일 20시,월요일,서울특별시 양천구 목동,목동서로,부상신고사고,0,0,0,1,차대차 - 기타,안전운전불이행,포장 - 건조,맑음,교차로 - 교차로횡단보도내,자전거,남,10세,부상신고,승용,남,66세,상해없음
135,2019070000000000.0,2019년 7월 17일 22시,수요일,서울특별시 양천구 목동,등촌로,경상사고,0,0,1,0,차대차 - 측면충돌,안전운전불이행,포장 - 건조,맑음,교차로 - 교차로안,이륜,남,30세,경상,승용,남,66세,상해없음
136,2019070000000000.0,2019년 7월 2일 14시,화요일,서울특별시 양천구 목동,목동동로,중상사고,0,1,0,0,차대사람 - 횡단중,안전운전불이행,포장 - 건조,맑음,교차로 - 교차로안,승용,여,39세,상해없음,보행자,여,66세,중상
137,2019100000000000.0,2019년 10월 28일 23시,월요일,서울특별시 양천구 목동,목동서로,경상사고,0,0,2,0,차대차 - 추돌,안전운전불이행,포장 - 젖음/습기,비,단일로 - 기타,승용,남,67세,상해없음,승용,남,66세,경상
138,2019110000000000.0,2019년 11월 19일 14시,화요일,서울특별시 양천구 목동,등촌로,중상사고,0,1,0,0,차대차 - 측면충돌,안전거리미확보,포장 - 건조,맑음,단일로 - 기타,승용,남,44세,상해없음,이륜,남,66세,중상
139,2019100000000000.0,2019년 10월 21일 15시,월요일,서울특별시 양천구 목동,목동서로,중상사고,0,1,0,0,차대차 - 측면충돌,안전운전불이행,포장 - 건조,맑음,교차로 - 교차로부근,화물,남,47세,상해없음,자전거,남,66세,중상
140,2019090000000000.0,2019년 9월 9일 18시,월요일,서울특별시 양천구 신월동,곰달래로5길,중상사고,0,1,0,0,차대사람 - 기타,안전운전불이행,포장 - 건조,맑음,단일로 - 기타,승용,남,50세,상해없음,보행자,남,66세,중상
141,2019010000000000.0,2019년 1월 13일 05시,일요일,서울특별시 양천구 신월동,가로공원로,중상사고,0,1,0,0,차대사람 - 횡단중,보행자보호의무위반,포장 - 건조,맑음,교차로 - 교차로안,화물,남,53세,상해없음,보행자,남,66세,중상
142,2019050000000000.0,2019년 5월 13일 15시,월요일,서울특별시 양천구 신월동,오목로3길,경상사고,0,0,1,0,차대차 - 기타,안전운전불이행,포장 - 건조,맑음,교차로 - 교차로안,화물,남,49세,기타불명,기타불명,남,66세,경상
143,2019120000000000.0,2019년 12월 31일 18시,화요일,서울특별시 양천구 신월동,남부순환로,경상사고,0,0,1,0,차대차 - 추돌,안전운전불이행,포장 - 건조,맑음,단일로 - 기타,이륜,남,16세,기타불명,승용,남,66세,상해없음
144,2019090000000000.0,2019년 9월 5일 19시,목요일,서울특별시 양천구 신정동,신목로,부상신고사고,0,0,0,1,차대사람 - 차도통행중,안전운전불이행,포장 - 건조,흐림,단일로 - 기타,승용,여,38세,상해없음,보행자,남,65세,부상신고
145,2019050000000000.0,2019년 5월 17일 05시,금요일,서울특별시 양천구 신정동,신정로,중상사고,0,1,0,0,차대차 - 측면충돌,신호위반,포장 - 건조,맑음,교차로 - 교차로안,승용,여,25세,상해없음,자전거,남,65세,중상
146,2019050000000000.0,2019년 5월 8일 18시,수요일,서울특별시 양천구 신정동,중앙로36길,경상사고,0,0,1,0,차대차 - 측면충돌,기타,포장 - 건조,맑음,교차로 - 교차로부근,자전거,남,15세,경상,화물,남,65세,상해없음
147,2019030000000000.0,2019년 3월 11일 08시,월요일,서울특별시 양천구 신정동,목동동로,중상사고,0,1,1,0,차대차 - 측면충돌,안전운전불이행,포장 - 건조,맑음,교차로 - 교차로안,승용,남,65세,상해없음,승용,여,65세,경상
148,2019070000000000.0,2019년 7월 25일 15시,목요일,서울특별시 양천구 신정동,신정로14길,부상신고사고,0,0,0,1,차대차 - 측면충돌,안전운전불이행,포장 - 건조,맑음,교차로 - 교차로부근,자전거,남,76세,부상신고,승용,여,65세,상해없음
149,2019010000000000.0,2019년 1월 31일 23시,목요일,서울특별시 양천구 신정동,오목로,중상사고,0,1,0,0,차대사람 - 횡단중,안전운전불이행,포장 - 건조,맑음,교차로 - 교차로부근,승용,여,45세,상해없음,보행자,남,65세,중상
150,2019070000000000.0,2019년 7월 24일 05시,수요일,서울특별시 양천구 신정동,목동로,경상사고,0,0,1,0,차대차 - 추돌,안전운전불이행,포장 - 건조,맑음,교차로 - 교차로부근,화물,남,44세,상해없음,화물,남,65세,경상
151,2019020000000000.0,2019년 2월 11일 13시,월요일,서울특별시 양천구 신정동,중앙로,경상사고,0,0,2,0,차대차 - 추돌,안전운전불이행,포장 - 건조,맑음,단일로 - 기타,승용,남,69세,상해없음,승용,남,65세,경상
152,2019040000000000.0,2019년 4월 11일 01시,목요일,서울특별시 양천구 신정동,강서로5길,경상사고,0,0,1,0,차대차 - 측면충돌,안전운전불이행,포장 - 건조,맑음,단일로 - 기타,승용,여,22세,상해없음,승용,남,65세,경상
153,2019110000000000.0,2019년 11월 24일 13시,일요일,서울특별시 양천구 목동,목동중앙북로,경상사고,0,0,1,0,차대사람 - 기타,안전운전불이행,포장 - 젖음/습기,비,단일로 - 기타,승용,남,53세,상해없음,보행자,남,65세,경상
154,2019080000000000.0,2019년 8월 15일 06시,목요일,서울특별시 양천구 목동,목동중앙본로,중상사고,0,1,0,0,차대차 - 기타,안전운전불이행,포장 - 건조,맑음,단일로 - 기타,승용,남,54세,상해없음,승용,남,65세,상해없음
155,2019080000000000.0,2019년 8월 25일 10시,일요일,서울특별시 양천구 목동,목동중앙본로,중상사고,0,1,0,0,차대사람 - 기타,안전운전불이행,포장 - 건조,맑음,단일로 - 기타,승합,남,62세,상해없음,보행자,여,65세,중상
156,2019040000000000.0,2019년 4월 23일 05시,화요일,서울특별시 양천구 목동,목동중앙본로,경상사고,0,0,1,1,차대차 - 측면충돌,신호위반,포장 - 건조,맑음,교차로 - 교차로안,승용,남,63세,상해없음,승용,남,65세,경상
157,2019070000000000.0,2019년 7월 7일 02시,일요일,서울특별시 양천구 목동,안양천로,경상사고,0,0,2,0,차대차 - 기타,신호위반,포장 - 건조,맑음,교차로 - 교차로안,승용,남,60세,상해없음,승용,남,65세,상해없음
158,2019030000000000.0,2019년 3월 15일 15시,금요일,서울특별시 양천구 목동,국회대로,경상사고,0,0,1,0,차대차 - 측면충돌,안전거리미확보,포장 - 건조,흐림,단일로 - 기타,건설기계,남,47세,상해없음,승용,여,65세,경상
159,2019080000000000.0,2019년 8월 1일 18시,목요일,서울특별시 양천구 신월동,남부순환로,경상사고,0,0,1,0,차대차 - 추돌,안전거리미확보,포장 - 건조,맑음,단일로 - 기타,이륜,남,28세,기타불명,승용,남,65세,상해없음
160,2019110000000000.0,2019년 11월 9일 17시,토요일,서울특별시 양천구 신월동,남부순환로,중상사고,0,1,0,0,차대사람 - 기타,안전운전불이행,포장 - 건조,맑음,기타 - 기타,승용,남,49세,기타불명,보행자,남,65세,중상
161,2019050000000000.0,2019년 5월 22일 09시,수요일,서울특별시 양천구 신월동,곰달래로5길,경상사고,0,0,1,0,차대사람 - 기타,안전운전불이행,포장 - 건조,맑음,교차로 - 교차로안,승합,남,63세,상해없음,보행자,남,65세,경상
0,2019120000000000.0,2019년 12월 11일 15시,수요일,서울특별시 영등포구 여의도동,의사당대로,부상신고사고,0,0,0,1,차대차 - 추돌,안전운전불이행,포장 - 건조,맑음,교차로 - 교차로부근,이륜,남,70세,부상신고,승용,남,90세 이상,상해없음
1,2019020000000000.0,2019년 2월 2일 15시,토요일,서울특별시 영등포구 문래동3가,문래로,중상사고,0,1,0,0,차대차 - 기타,안전운전불이행,포장 - 건조,맑음,단일로 - 기타,승용,남,77세,상해없음,기타불명,여,90세 이상,중상
2,2019020000000000.0,2019년 2월 26일 10시,화요일,서울특별시 영등포구 문래동6가,문래로,경상사고,0,0,1,0,차대사람 - 횡단중,안전운전불이행,포장 - 건조,맑음,단일로 - 기타,화물,남,46세,상해없음,보행자,남,90세 이상,경상
3,2019100000000000.0,2019년 10월 10일 09시,목요일,서울특별시 영등포구 신길동,신길로42가길,중상사고,0,1,0,0,차대사람 - 기타,안전운전불이행,포장 - 건조,맑음,단일로 - 기타,화물,남,30세,상해없음,보행자,여,88세,중상
4,2019030000000000.0,2019년 3월 25일 13시,월요일,서울특별시 영등포구 도림동,도영로,경상사고,0,0,1,0,차대사람 - 횡단중,안전운전불이행,포장 - 건조,맑음,단일로 - 기타,승용,남,63세,상해없음,보행자,여,86세,경상
5,2019010000000000.0,2019년 1월 15일 06시,화요일,서울특별시 영등포구 양평동1가,양산로,경상사고,0,0,1,0,차대사람 - 차도통행중,안전운전불이행,포장 - 건조,맑음,교차로 - 교차로부근,화물,남,62세,상해없음,보행자,여,86세,경상
6,2019070000000000.0,2019년 7월 25일 12시,목요일,서울특별시 영등포구 영등포동7가,국회대로,경상사고,0,0,1,0,차대차 - 측면충돌,안전운전불이행,포장 - 건조,맑음,교차로 - 교차로횡단보도내,화물,남,64세,상해없음,자전거,남,84세,경상
7,2019040000000000.0,2019년 4월 24일 08시,수요일,서울특별시 영등포구 여의도동,은행로,중상사고,0,1,0,0,차대사람 - 보도통행중,보행자보호의무위반,포장 - 건조,맑음,교차로 - 교차로안,승용,남,66세,상해없음,보행자,남,84세,중상
8,2019070000000000.0,2019년 7월 7일 20시,일요일,서울특별시 영등포구 대림동,대림로,중상사고,0,2,0,0,차대사람 - 기타,안전운전불이행,포장 - 건조,맑음,단일로 - 기타,승용,여,51세,상해없음,보행자,여,84세,중상
9,2019040000000000.0,2019년 4월 27일 18시,토요일,서울특별시 영등포구 여의도동,여의나루로,중상사고,0,1,0,0,차대사람 - 보도통행중,중앙선침범,포장 - 건조,맑음,교차로 - 교차로부근,기타불명,기타불명,미분류,기타불명,보행자,여,83세,중상
10,2019040000000000.0,2019년 4월 4일 08시,목요일,서울특별시 영등포구 영등포동1가,버드나루로,중상사고,0,1,0,0,차대사람 - 보도통행중,신호위반,포장 - 건조,맑음,단일로 - 기타,승합,남,70세,상해없음,보행자,여,82세,중상
11,2019100000000000.0,2019년 10월 25일 09시,금요일,서울특별시 영등포구 영등포동6가,영신로,경상사고,0,0,1,0,차대사람 - 횡단중,안전운전불이행,포장 - 건조,맑음,단일로 - 기타,건설기계,남,57세,상해없음,보행자,남,82세,경상
12,2019090000000000.0,2019년 9월 2일 08시,월요일,서울특별시 영등포구 당산동4가,당산로,경상사고,0,0,1,0,차대사람 - 기타,안전운전불이행,포장 - 건조,맑음,단일로 - 기타,승합,남,59세,기타불명,보행자,남,82세,경상
13,2019120000000000.0,2019년 12월 19일 15시,목요일,서울특별시 영등포구 신길동,대방천로,경상사고,0,0,1,0,차대차 - 추돌,안전거리미확보,포장 - 건조,맑음,단일로 - 기타,기타불명,기타불명,미분류,기타불명,이륜,남,82세,경상
14,2019020000000000.0,2019년 2월 15일 09시,금요일,서울특별시 영등포구 신길동,영등포로86길,중상사고,0,1,0,0,차대사람 - 차도통행중,안전운전불이행,포장 - 젖음/습기,눈,단일로 - 기타,승용,남,26세,상해없음,보행자,여,82세,중상
15,2019090000000000.0,2019년 9월 25일 15시,수요일,서울특별시 영등포구 영등포동3가,영등포로,중상사고,0,1,0,0,차대사람 - 횡단중,신호위반,포장 - 건조,맑음,단일로 - 기타,이륜,남,31세,상해없음,보행자,여,81세,중상
16,2019110000000000.0,2019년 11월 14일 13시,목요일,서울특별시 영등포구 문래동6가,선유서로,경상사고,0,0,1,0,차대사람 - 횡단중,신호위반,포장 - 건조,맑음,교차로 - 교차로부근,이륜,남,26세,상해없음,보행자,여,81세,경상
17,2019110000000000.0,2019년 11월 22일 10시,금요일,서울특별시 영등포구 양평동4가,양평로17길,부상신고사고,0,0,0,1,차대사람 - 차도통행중,안전운전불이행,포장 - 건조,맑음,교차로 - 교차로안,자전거,남,64세,상해없음,보행자,여,81세,부상신고
18,2019070000000000.0,2019년 7월 31일 11시,수요일,서울특별시 영등포구 신길동,신풍로,중상사고,0,1,0,0,차대사람 - 기타,안전운전불이행,포장 - 젖음/습기,비,교차로 - 교차로안,승용,여,42세,상해없음,보행자,남,81세,중상