,사고번호,사고일시,요일,시군구,도로명,사고내용,사망자수,중상자수,경상자수,부상신고자수,사고유형,법규위반,노면상태,기상상태,도로형태,가해운전자 차종,가해운전자 성별,가해운전자 연령,가해운전자 상해정도,피해운전자 차종,피해운전자 성별,피해운전자 연령,피해운전자 상해정도
230,2019070000000000.0,2019년 7월 23일 23시,화요일,서울특별시 영등포구 신길동,신길로,경상사고,0,0,1,0,차대차 - 측면충돌,안전거리미확보,포장 - 건조,맑음,교차로 - 교차로부근,승용,남,76세,상해없음,승용,남,65세,경상
231,2019030000000000.0,2019년 3월 18일 10시,월요일,서울특별시 영등포구 신길동,신길로,부상신고사고,0,0,0,1,차대차 - 측면충돌,안전운전불이행,포장 - 건조,맑음,단일로 - 기타,이륜,남,64세,부상신고,승용,남,65세,상해없음
232,2019120000000000.0,2019년 12월 5일 15시,목요일,서울특별시 영등포구 신길동,영등포로84길,경상사고,0,0,1,0,차대차 - 기타,안전운전불이행,포장 - 건조,맑음,단일로 - 기타,화물,남,65세,상해없음,승용,남,65세,경상
233,2019100000000000.0,2019년 10월 1일 01시,화요일,서울특별시 영등포구 신길동,신길로,경상사고,0,0,2,0,차대차 - 측면충돌,신호위반,포장 - 건조,맑음,교차로 - 교차로안,원동기,남,22세,상해없음,승용,남,65세,경상
234,2019120000000000.0,2019년 12월 11일 18시,수요일,서울특별시 영등포구 신길동,도신로,중상사고,0,1,0,0,차대사람 - 횡단중,신호위반,포장 - 건조,맑음,교차로 - 교차로안,승용,여,55세,상해없음,보행자,남,65세,중상
235,2019120000000000.0,2019년 12월 23일 21시,월요일,서울특별시 영등포구 신길동,신길로,중상사고,0,1,0,0,차대차 - 기타,중앙선침범,포장 - 건조,맑음,기타 - 기타,승용,여,58세,상해없음,승용,여,65세,중상
236,2019060000000000.0,2019년 6월 21일 04시,금요일,서울특별시 영등포구 대림동,대방천로,중상사고,0,1,2,0,차대차 - 기타,신호위반,포장 - 건조,맑음,교차로 - 교차로안,승용,남,26세,경상,승용,남,65세,중상
237,2019010000000000.0,2019년 1월 4일 12시,금요일,서울특별시 영등포구 대림동,신길로,중상사고,0,1,0,0,차대사람 - 횡단중,안전운전불이행,포장 - 건조,맑음,교차로 - 교차로횡단보도내,승용,남,67세,상해없음,보행자,남,65세,중상
238,2019110000000000.0,2019년 11월 25일 15시,월요일,서울특별시 영등포구 대림동,도림천로,경상사고,0,0,1,0,차대사람 - 길가장자리구역통행중,안전운전불이행,포장 - 건조,맑음,단일로 - 기타,승용,남,38세,상해없음,보행자,남,65세,경상
0,2019010000000000.0,2019년 1월 29일 12시,화요일,서울특별시 용산구 용문동,효창원로,경상사고,0,0,1,0,차대사람 - 차도통행중,안전운전불이행,포장 - 건조,맑음,교차로 - 교차로안,화물,남,54세,상해없음,보행자,여,90세 이상,경상
1,2019040000000000.0,2019년 4월 10일 10시,수요일,서울특별시 용산구 이촌동,이촌로75길,경상사고,0,0,1,0,차대사람 - 횡단중,보행자보호의무위반,포장 - 젖음/습기,비,교차로 - 교차로안,승용,여,32세,상해없음,보행자,여,83세,경상
2,2019020000000000.0,2019년 2월 26일 13시,화요일,서울특별시 용산구 청파동2가,청파로47길,중상사고,0,1,0,0,차대사람 - 차도통행중,안전운전불이행,포장 - 건조,맑음,단일로 - 기타,승용,남,30세,상해없음,보행자,여,82세,중상
3,2019020000000000.0,2019년 2월 4일 20시,월요일,서울특별시 용산구 원효로1가,원효로,중상사고,0,1,0,0,차대사람 - 기타,기타,포장 - 건조,맑음,단일로 - 지하차도(도로)내,승용,남,63세,상해없음,보행자,여,82세,중상
4,2019060000000000.0,2019년 6월 19일 17시,수요일,서울특별시 용산구 이태원동,소월로,중상사고,0,1,0,0,차대사람 - 횡단중,안전운전불이행,포장 - 건조,맑음,교차로 - 교차로부근,승용,남,57세,상해없음,보행자,남,82세,중상
5,2019060000000000.0,2019년 6월 22일 20시,토요일,서울특별시 용산구 갈월동,한강대로,경상사고,0,0,1,0,차대사람 - 기타,안전운전불이행,포장 - 건조,맑음,교차로 - 교차로부근,기타불명,기타불명,미분류,기타불명,보행자,남,81세,경상
6,2019100000000000.0,2019년 10월 9일 04시,수요일,서울특별시 용산구 용산동5가,서빙고로,중상사고,0,1,0,0,차대사람 - 횡단중,신호위반,포장 - 건조,맑음,교차로 - 교차로횡단보도내,승용,남,64세,상해없음,보행자,여,80세,중상
7,2019090000000000.0,2019년 9월 24일 15시,화요일,서울특별시 용산구 한남동,대사관로,경상사고,0,0,1,0,차대사람 - 횡단중,안전운전불이행,포장 - 건조,맑음,교차로 - 교차로부근,승용,남,47세,상해없음,보행자,남,80세,경상
8,2019100000000000.0,2019년 10월 18일 16시,금요일,서울특별시 용산구 이태원동,녹사평대로26길,경상사고,0,0,2,0,차대차 - 측면충돌,안전운전불이행,포장 - 건조,맑음,교차로 - 교차로부근,승용,여,54세,상해없음,승용,남,79세,경상
9,2019050000000000.0,2019년 5월 26일 20시,일요일,서울특별시 용산구 이촌동,이촌로,경상사고,0,0,2,0,차대차 - 측면충돌,안전거리미확보,포장 - 건조,맑음,단일로 - 기타,승용,남,27세,상해없음,승용,남,77세,경상
10,2019010000000000.0,2019년 1월 26일 13시,토요일,서울특별시 용산구 원효로4가,강변북로,경상사고,0,0,1,0,차대차 - 추돌,안전거리미확보,포장 - 건조,맑음,단일로 - 지하차도(도로)내,승용,남,53세,상해없음,승용,남,76세,상해없음
11,2019040000000000.0,2019년 4월 25일 12시,목요일,서울특별시 용산구 한강로2가,한강대로,중상사고,0,2,1,0,차대차 - 기타,안전거리미확보,포장 - 젖음/습기,비,단일로 - 기타,승용,남,70세,상해없음,승용,남,76세,중상
12,2019100000000000.0,2019년 10월 31일 10시,목요일,서울특별시 용산구 용산동4가,녹사평대로,중상사고,0,1,0,0,차대차 - 측면충돌,안전운전불이행,포장 - 건조,맑음,기타 - 기타,승합,남,50세,상해없음,승용,남,75세,중상
13,2019030000000000.0,2019년 3월 8일 19시,금요일,서울특별시 용산구 한강로2가,한강대로21길,경상사고,0,0,1,0,차대차 - 추돌,안전운전불이행,포장 - 건조,맑음,교차로 - 교차로부근,승용,여,49세,상해없음,승용,남,75세,경상
14,2019080000000000.0,2019년 8월 31일 20시,토요일,서울특별시 용산구 이태원동,보광로,경상사고,0,0,1,0,차대차 - 기타,안전운전불이행,포장 - 건조,맑음,교차로 - 교차로부근,이륜,남,25세,상해없음,승용,남,75세,경상
15,2019110000000000.0,2019년 11월 18일 15시,월요일,서울특별시 용산구 한남동,독서당로,중상사고,0,1,0,0,차대사람 - 횡단중,안전운전불이행,포장 - 건조,맑음,단일로 - 기타,이륜,남,50세,상해없음,보행자,여,75세,중상
16,2019030000000000.0,2019년 3월 13일 09시,수요일,서울특별시 용산구 한남동,독서당로,중상사고,0,1,0,0,차대사람 - 횡단중,안전운전불이행,포장 - 건조,맑음,단일로 - 기타,승용,남,55세,상해없음,보행자,여,75세,중상
17,2019050000000000.0,2019년 5월 22일 09시,수요일,서울특별시 용산구 서빙고동,서빙고로,중상사고,0,1,0,0,차대차 - 추돌,안전거리미확보,포장 - 건조,맑음,단일로 - 지하차도(도로)내,승용,남,56세,상해없음,승용,남,75세,상해없음
18,2019120000000000.0,2019년 12월 14일 16시,토요일,서울특별시 용산구 원효로1가,백범로,중상사고,0,1,0,0,차대차 - 기타,안전거리미확보,포장 - 건조,맑음,단일로 - 기타,기타불명,기타불명,미분류,기타불명,승합,남,74세,상해없음
19,2019100000000000.0,2019년 10월 9일 16시,수요일,서울특별시 용산구 한강로2가,한강대로23길,경상사고,0,0,1,0,차대차 - 측면충돌,안전운전불이행,포장 - 건조,맑음,기타 - 기타,승합,남,32세,경상,승용,남,74세,상해없음
20,2019040000000000.0,2019년 4월 15일 17시,월요일,서울특별시 용산구 용산동5가,서빙고로,경상사고,0,0,1,0,차대차 - 기타,안전운전불이행,포장 - 건조,맑음,단일로 - 기타,기타불명,기타불명,미분류,기타불명,승용,남,74세,상해없음
21,2019010000000000.0,2019년 1월 26일 16시,토요일,서울특별시 용산구 한강로3가,한강대로21나길,중상사고,0,1,0,0,차대사람 - 차도통행중,안전운전불이행,포장 - 건조,맑음,교차로 - 교차로안,건설기계,남,51세,상해없음,보행자,여,74세,중상
22,2019010000000000.0,2019년 1월 4일 12시,금요일,서울특별시 용산구 이촌동,이촌로,경상사고,0,0,1,0,차대차 - 추돌,안전운전불이행,포장 - 건조,맑음,교차로 - 교차로부근,승용,여,57세,상해없음,승용,남,74세,경상
23,2019110000000000.0,2019년 11월 19일 10시,화요일,서울특별시 용산구 이태원동,보광로,중상사고,0,1,0,0,차대사람 - 기타,보행자보호의무위반,포장 - 건조,맑음,단일로 - 기타,승용,여,33세,상해없음,보행자,남,74세,중상
24,2019010000000000.0,2019년 1월 3일 09시,목요일,서울특별시 용산구 한남동,한남대로,중상사고,0,1,0,0,차대차 - 측면충돌,안전운전불이행,포장 - 건조,맑음,단일로 - 기타,승용,남,60세,상해없음,승합,남,74세,상해없음
25,2019090000000000.0,2019년 9월 13일 16시,금요일,서울특별시 용산구 원효로4가,강변북로,중상사고,0,1,0,0,차대차 - 추돌,안전운전불이행,포장 - 건조,맑음,단일로 - 기타,자전거,남,60세,상해없음,자전거,남,73세,중상
26,2019120000000000.0,2019년 12월 4일 23시,수요일,서울특별시 용산구 용문동,효창원로,경상사고,0,0,1,0,차대차 - 추돌,안전운전불이행,포장 - 건조,맑음,교차로 - 교차로부근,승용,남,40세,상해없음,승용,여,73세,경상
27,2019070000000000.0,2019년 7월 10일 07시,수요일,서울특별시 용산구 한강로3가,새창로,경상사고,0,0,1,0,차대차 - 기타,안전운전불이행,포장 - 건조,맑음,교차로 - 교차로안,승용,여,47세,상해없음,승용,남,73세,경상
28,2019050000000000.0,2019년 5월 8일 08시,수요일,서울특별시 용산구 한강로3가,한강대로,경상사고,0,0,1,0,차대차 - 측면충돌,안전거리미확보,포장 - 건조,맑음,단일로 - 기타,이륜,남,31세,상해없음,승용,남,73세,상해없음
29,2019060000000000.0,2019년 6월 25일 14시,화요일,서울특별시 용산구 한강로3가,한강대로21길,경상사고,0,0,1,0,차대차 - 측면충돌,직진우회전진행방해,포장 - 건조,맑음,교차로 - 교차로부근,승용,여,31세,상해없음,승용,남,73세,경상
30,2019030000000000.0,2019년 3월 20일 15시,수요일,서울특별시 용산구 이태원동,녹사평대로58길,경상사고,0,0,1,3,차대차 - 추돌,안전운전불이행,포장 - 건조,맑음,단일로 - 기타,화물,남,44세,상해없음,승용,남,73세,경상
31,2019120000000000.0,2019년 12월 20일 20시,금요일,서울특별시 용산구 후암동,한강대로104길,경상사고,0,0,1,0,차대사람 - 횡단중,보행자보호의무위반,포장 - 건조,맑음,교차로 - 교차로부근,이륜,남,36세,상해없음,보행자,여,72세,경상
32,2019030000000000.0,2019년 3월 10일 04시,일요일,서울특별시 용산구 후암동,소월로,중상사고,0,2,0,0,차대사람 - 기타,과속,포장 - 건조,맑음,교차로 - 교차로안,승용,남,24세,상해없음,보행자,남,72세,중상
33,2019120000000000.0,2019년 12월 28일 20시,토요일,서울특별시 용산구 용산동2가,신흥로,경상사고,0,0,1,0,차대사람 - 기타,안전운전불이행,포장 - 건조,맑음,단일로 - 기타,승용,여,42세,상해없음,보행자,남,72세,경상
34,2019050000000000.0,2019년 5월 30일 13시,목요일,서울특별시 용산구 갈월동,한강대로,경상사고,0,0,2,0,차대차 - 추돌,안전거리미확보,포장 - 건조,맑음,교차로 - 교차로횡단보도내,승용,남,28세,상해없음,승용,남,72세,경상
35,2019120000000000.0,2019년 12월 7일 19시,토요일,서울특별시 용산구 한강로2가,한강대로,경상사고,0,0,1,0,차대차 - 추돌,안전거리미확보,포장 - 건조,맑음,단일로 - 기타,승용,여,36세,상해없음,승용,남,72세,경상
36,2019100000000000.0,2019년 10월 10일 10시,목요일,서울특별시 용산구 한강로3가,이촌로,중상사고,0,1,0,0,차대차 - 기타,신호위반,포장 - 건조,맑음,교차로 - 교차로안,승용,여,38세,상해없음,이륜,남,72세,중상
37,2019100000000000.0,2019년 10월 21일 20시,월요일,서울특별시 용산구 이태원동,신흥로,경상사고,0,0,1,0,차대차 - 측면충돌,신호위반,포장 - 건조,맑음,교차로 - 교차로안,이륜,남,54세,경상,승합,남,72세,상해없음
38,2019090000000000.0,2019년 9월 6일 12시,금요일,서울특별시 용산구 용산동2가,신흥로,경상사고,0,0,1,0,차대사람 - 길가장자리구역통행중,안전운전불이행,포장 - 건조,맑음,교차로 - 교차로부근,승용,남,71세,상해없음,보행자,여,71세,경상
39,2019080000000000.0,2019년 8월 14일 13시,수요일,서울특별시 용산구 용산동2가,녹사평대로,경상사고,0,0,3,0,차대차 - 추돌,과속,포장 - 건조,맑음,단일로 - 기타,승용,남,58세,상해없음,이륜,남,71세,상해없음
40,2019030000000000.0,2019년 3월 25일 01시,월요일,서울특별시 용산구 청암동,강변북로,경상사고,0,0,3,0,차대차 - 측면충돌,안전운전불이행,포장 - 건조,맑음,단일로 - 지하차도(도로)내,승용,남,64세,상해없음,승용,남,71세,경상
41,2019070000000000.0,2019년 7월 22일 09시,월요일,서울특별시 용산구 한강로3가,이촌로,중상사고,0,1,0,0,차대사람 - 차도통행중,안전운전불이행,포장 - 건조,맑음,단일로 - 기타,승용,남,40세,상해없음,보행자,여,71세,중상
42,2019010000000000.0,2019년 1월 27일 03시,일요일,서울특별시 용산구 이태원동,이태원로,경상사고,0,0,3,0,차대차 - 추돌,안전운전불이행,포장 - 건조,맑음,단일로 - 기타,승용,여,25세,상해없음,승용,남,71세,경상
43,2019100000000000.0,2019년 10월 8일 08시,화요일,서울특별시 용산구 한남동,대사관로,경상사고,0,0,1,0,차대사람 - 횡단중,안전운전불이행,포장 - 건조,맑음,교차로 - 교차로안,승용,남,29세,상해없음,보행자,남,71세,경상
44,2019020000000000.0,2019년 2월 13일 19시,수요일,서울특별시 용산구 한남동,한남대로,경상사고,0,0,1,0,차대차 - 측면충돌,안전거리미확보,포장 - 건조,맑음,단일로 - 기타,승용,여,28세,기타불명,승용,남,71세,경상
45,2019020000000000.0,2019년 2월 15일 11시,금요일,서울특별시 용산구 한남동,이태원로,경상사고,0,0,1,0,차대차 - 추돌,안전운전불이행,포장 - 건조,맑음,단일로 - 기타,승용,남,63세,상해없음,승용,남,71세,상해없음
46,2019050000000000.0,2019년 5월 14일 15시,화요일,서울특별시 용산구 문배동,백범로90길,중상사고,0,1,0,0,차대차 - 기타,기타,포장 - 건조,맑음,단일로 - 지하차도(도로)내,승용,남,64세,상해없음,이륜,남,70세,중상
47,2019040000000000.0,2019년 4월 2일 17시,화요일,서울특별시 용산구 한강로2가,한강대로23길,경상사고,0,0,1,0,차대차 - 측면충돌,안전운전불이행,포장 - 건조,맑음,단일로 - 기타,기타불명,기타불명,미분류,기타불명,승용,남,70세,경상
48,2019100000000000.0,2019년 10월 18일 00시,금요일,서울특별시 용산구 한강로3가,한강대로,경상사고,0,0,1,0,차대차 - 측면충돌,안전운전불이행,포장 - 건조,맑음,단일로 - 기타,승용,남,62세,상해없음,승용,남,70세,경상
49,2019040000000000.0,2019년 4월 28일 02시,일요일,서울특별시 용산구 이태원동,이태원로,경상사고,0,0,1,0,차대차 - 추돌,안전운전불이행,포장 - 건조,맑음,단일로 - 지하차도(도로)내,승용,남,58세,상해없음,승용,남,70세,경상
50,2019030000000000.0,2019년 3월 16일 15시,토요일,서울특별시 용산구 보광동,서빙고로,경상사고,0,0,1,0,차대차 - 추돌,안전운전불이행,포장 - 건조,맑음,단일로 - 기타,이륜,남,39세,상해없음,승용,남,70세,경상
51,2019010000000000.0,2019년 1월 31일 14시,목요일,서울특별시 용산구 용산동2가,녹사평대로58길,부상신고사고,0,0,0,1,차대차 - 추돌,안전거리미확보,포장 - 건조,맑음,단일로 - 터널,이륜,남,16세,부상신고,승용,남,69세,상해없음
52,2019060000000000.0,2019년 6월 16일 00시,일요일,서울특별시 용산구 용산동2가,소월로,경상사고,0,0,3,0,차대차 - 정면충돌,중앙선침범,포장 - 젖음/습기,흐림,단일로 - 기타,승용,남,35세,상해없음,승용,남,69세,경상
53,2019080000000000.0,2019년 8월 13일 13시,화요일,서울특별시 용산구 효창동,효창원로,중상사고,0,1,0,0,차대사람 - 횡단중,신호위반,포장 - 건조,맑음,교차로 - 교차로부근,이륜,남,20세,상해없음,보행자,여,69세,중상
54,2019050000000000.0,2019년 5월 14일 08시,화요일,서울특별시 용산구 한강로2가,한강대로,경상사고,0,0,2,0,차대차 - 추돌,안전운전불이행,포장 - 건조,맑음,단일로 - 기타,승용,남,33세,경상,승용,남,69세,상해없음
55,2019040000000000.0,2019년 4월 4일 06시,목요일,서울특별시 용산구 한강로3가,서빙고로17길,경상사고,0,0,1,0,차대차 - 추돌,안전운전불이행,포장 - 건조,맑음,단일로 - 지하차도(도로)내,승용,남,41세,상해없음,화물,남,69세,상해없음
56,2019050000000000.0,2019년 5월 4일 04시,토요일,서울특별시 용산구 한남동,대사관로,경상사고,0,0,1,0,차대차 - 추돌,안전운전불이행,포장 - 건조,맑음,단일로 - 기타,승용,남,31세,상해없음,승용,남,69세,경상
57,2019060000000000.0,2019년 6월 25일 16시,화요일,서울특별시 용산구 한남동,대사관로,경상사고,0,0,1,0,차대차 - 추돌,안전거리미확보,포장 - 건조,맑음,교차로 - 교차로안,승용,여,31세,상해없음,화물,남,69세,경상
58,2019080000000000.0,2019년 8월 31일 19시,토요일,서울특별시 용산구 한남동,이태원로,경상사고,0,0,1,0,차대차 - 기타,안전거리미확보,포장 - 건조,맑음,단일로 - 기타,승용,남,60세,상해없음,승용,남,69세,경상
59,2019050000000000.0,2019년 5월 22일 09시,수요일,서울특별시 용산구 한남동,한남대로21길,중상사고,0,1,0,0,차대사람 - 횡단중,보행자보호의무위반,포장 - 건조,맑음,교차로 - 교차로횡단보도내,승용,남,69세,상해없음,보행자,남,69세,중상
60,2019120000000000.0,2019년 12월 24일 21시,화요일,서울특별시 용산구 서빙고동,녹사평대로11길,경상사고,0,0,1,0,차대차 - 측면충돌,안전운전불이행,포장 - 건조,맑음,교차로 - 교차로부근,승합,남,60세,상해없음,승용,남,69세,경상
61,2019090000000000.0,2019년 9월 27일 00시,금요일,서울특별시 용산구 용산동4가,이태원로,경상사고,0,0,2,0,차대차 - 추돌,안전운전불이행,포장 - 건조,맑음,단일로 - 기타,승용,남,57세,상해없음,승용,남,68세,경상
62,2019020000000000.0,2019년 2월 14일 13시,목요일,서울특별시 용산구 용산동4가,이태원로,경상사고,0,0,1,0,차대차 - 추돌,안전운전불이행,포장 - 건조,맑음,단일로 - 기타,이륜,남,35세,경상,승용,남,68세,상해없음
63,2019010000000000.0,2019년 1월 16일 14시,수요일,서울특별시 용산구 갈월동,두텁바위로,경상사고,0,0,1,0,차대차 - 기타,신호위반,포장 - 건조,맑음,교차로 - 교차로안,이륜,남,58세,상해없음,승용,남,68세,경상
64,2019050000000000.0,2019년 5월 16일 11시,목요일,서울특별시 용산구 갈월동,한강대로,중상사고,0,1,1,0,차대차 - 기타,신호위반,포장 - 건조,맑음,단일로 - 기타,이륜,남,28세,경상,이륜,남,68세,중상
65,2019020000000000.0,2019년 2월 9일 22시,토요일,서울특별시 용산구 원효로2가,원효로,경상사고,0,0,1,0,차대차 - 측면충돌,안전운전불이행,포장 - 건조,맑음,단일로 - 기타,이륜,남,23세,기타불명,승용,남,68세,경상
66,2019070000000000.0,2019년 7월 3일 06시,수요일,서울특별시 용산구 한강로2가,새창로,경상사고,0,0,1,0,차대사람 - 기타,안전운전불이행,포장 - 건조,맑음,교차로 - 교차로부근,승용,남,53세,상해없음,보행자,남,68세,경상
67,2019050000000000.0,2019년 5월 8일 09시,수요일,서울특별시 용산구 한강로3가,청파로,경상사고,0,0,1,0,차대차 - 추돌,안전운전불이행,포장 - 건조,맑음,교차로 - 교차로부근,승용,남,38세,상해없음,이륜,남,68세,경상
68,2019010000000000.0,2019년 1월 29일 00시,화요일,서울특별시 용산구 한강로3가,이촌로,중상사고,0,1,0,0,차대차 - 정면충돌,신호위반,포장 - 건조,맑음,단일로 - 기타,승용,남,44세,상해없음,승용,남,68세,중상
69,2019090000000000.0,2019년 9월 9일 05시,월요일,서울특별시 용산구 이태원동,이태원로27길,중상사고,0,1,0,0,차대차 - 정면충돌,중앙선침범,포장 - 건조,맑음,단일로 - 기타,승용,남,25세,상해없음,원동기,남,68세,중상
70,2019030000000000.0,2019년 3월 30일 00시,토요일,서울특별시 용산구 이태원동,이태원로,경상사고,0,0,3,0,차대차 - 기타,안전운전불이행,포장 - 젖음/습기,비,교차로 - 교차로부근,승용,남,34세,상해없음,승용,남,68세,경상
71,2019040000000000.0,2019년 4월 2일 04시,화요일,서울특별시 용산구 한남동,이태원로,중상사고,0,1,0,0,차대차 - 정면충돌,안전운전불이행,포장 - 건조,맑음,단일로 - 기타,자전거,남,22세,중상,승용,남,68세,상해없음
72,2019060000000000.0,2019년 6월 7일 04시,금요일,서울특별시 용산구 동빙고동,녹사평대로,중상사고,0,1,0,0,차대차 - 측면충돌,안전거리미확보,포장 - 젖음/습기,비,교차로 - 교차로부근,승용,여,52세,상해없음,이륜,남,68세,중상
73,2019030000000000.0,2019년 3월 9일 03시,토요일,서울특별시 용산구 갈월동,한강대로,경상사고,0,0,2,0,차대차 - 추돌,안전운전불이행,포장 - 건조,맑음,교차로 - 교차로부근,승용,남,63세,상해없음,승용,남,67세,경상
74,2019110000000000.0,2019년 11월 24일 12시,일요일,서울특별시 용산구 동자동,한강대로,경상사고,0,0,1,0,차대차 - 측면충돌,안전거리미확보,포장 - 건조,맑음,단일로 - 기타,승용,여,42세,상해없음,승용,남,67세,경상
75,2019030000000000.0,2019년 3월 9일 11시,토요일,서울특별시 용산구 효창동,백범로,경상사고,0,0,1,0,차대차 - 추돌,안전운전불이행,포장 - 건조,맑음,단일로 - 기타,승용,남,31세,상해없음,승용,여,67세,경상
76,2019080000000000.0,2019년 8월 29일 21시,목요일,서울특별시 용산구 효창동,백범로,경상사고,0,0,3,0,차대차 - 기타,안전운전불이행,포장 - 건조,맑음,단일로 - 기타,승용,남,26세,상해없음,승용,남,67세,경상
77,2019060000000000.0,2019년 6월 26일 11시,수요일,서울특별시 용산구 용문동,효창원로,경상사고,0,0,1,0,차대차 - 측면충돌,교차로운행방법위반,포장 - 건조,맑음,교차로 - 교차로안,화물,남,51세,상해없음,이륜,남,67세,경상
78,2019100000000000.0,2019년 10월 13일 02시,일요일,서울특별시 용산구 용문동,새창로,경상사고,0,0,1,0,차대차 - 측면충돌,기타,포장 - 건조,맑음,교차로 - 교차로안,원동기,남,22세,상해없음,승용,남,67세,상해없음
79,2019040000000000.0,2019년 4월 5일 15시,금요일,서울특별시 용산구 한강로3가,원효로48길,경상사고,0,0,1,0,차대사람 - 기타,안전운전불이행,포장 - 건조,맑음,단일로 - 기타,이륜,남,53세,상해없음,보행자,여,67세,경상
80,2019040000000000.0,2019년 4월 24일 01시,수요일,서울특별시 용산구 이태원동,이태원로,경상사고,0,0,1,0,차대차 - 측면충돌,안전거리미확보,포장 - 젖음/습기,비,단일로 - 기타,승용,남,62세,상해없음,승용,남,67세,경상
81,2019110000000000.0,2019년 11월 30일 11시,토요일,서울특별시 용산구 한남동,서빙고로,경상사고,0,0,6,0,차대차 - 추돌,안전거리미확보,포장 - 건조,흐림,교차로 - 교차로부근,승용,남,62세,경상,승용,남,67세,경상
82,2019080000000000.0,2019년 8월 2일 08시,금요일,서울특별시 용산구 한남동,한남대로,중상사고,0,1,0,0,차대차 - 측면충돌,안전운전불이행,포장 - 건조,맑음,단일로 - 기타,승용,남,51세,중상,승용,남,67세,상해없음
83,2019050000000000.0,2019년 5월 26일 16시,일요일,서울특별시 용산구 한남동,이태원로,중상사고,0,2,2,0,차대차 - 추돌,안전운전불이행,포장 - 건조,맑음,단일로 - 지하차도(도로)내,승용,남,23세,상해없음,승용,남,67세,경상
84,2019060000000000.0,2019년 6월 26일 05시,수요일,서울특별시 용산구 용산동4가,이태원로,경상사고,0,0,1,0,차대차 - 기타,차로위반,포장 - 건조,맑음,교차로 - 교차로안,특수,남,56세,상해없음,화물,남,66세,경상
85,2019010000000000.0,2019년 1월 15일 19시,화요일,서울특별시 용산구 남영동,두텁바위로,경상사고,0,0,2,0,차대차 - 추돌,안전운전불이행,포장 - 건조,맑음,단일로 - 기타,승용,남,62세,상해없음,승용,남,66세,경상
86,2019050000000000.0,2019년 5월 5일 20시,일요일,서울특별시 용산구 효창동,효창원로,경상사고,0,0,1,0,차대사람 - 횡단중,안전운전불이행,포장 - 건조,기타,기타 - 기타,자전거,여,24세,상해없음,보행자,여,66세,경상
87,2019110000000000.0,2019년 11월 13일 10시,수요일,서울특별시 용산구 용문동,효창원로,경상사고,0,0,1,0,차대차 - 기타,불법유턴,포장 - 건조,흐림,기타 - 기타,승용,남,61세,상해없음,이륜,남,66세,경상
88,2019100000000000.0,2019년 10월 21일 11시,월요일,서울특별시 용산구 용산동3가,이태원로,경상사고,0,0,2,0,차대차 - 기타,안전거리미확보,포장 - 건조,맑음,기타 - 기타,승용,여,43세,상해없음,승용,남,66세,경상
89,2019070000000000.0,2019년 7월 20일 14시,토요일,서울특별시 용산구 한강로3가,한강대로,경상사고,0,0,1,0,차대차 - 추돌,안전운전불이행,포장 - 건조,맑음,단일로 - 교량,승합,남,51세,상해없음,승합,남,66세,경상
90,2019040000000000.0,2019년 4월 27일 05시,토요일,서울특별시 용산구 한강로3가,한강대로,중상사고,0,1,0,0,차대차 - 기타,신호위반,포장 - 건조,맑음,교차로 - 교차로안,승용,남,35세,상해없음,화물,남,66세,중상
91,2019110000000000.0,2019년 11월 22일 22시,금요일,서울특별시 용산구 이촌동,강변북로,경상사고,0,0,2,0,차대차 - 측면충돌,안전거리미확보,포장 - 건조,맑음,단일로 - 기타,승용,남,67세,상해없음,승용,남,66세,경상
92,2019040000000000.0,2019년 4월 29일 14시,월요일,서울특별시 용산구 이촌동,이촌로,경상사고,0,0,1,0,차대차 - 기타,안전거리미확보,포장 - 건조,맑음,교차로 - 교차로안,승용,남,44세,상해없음,승합,남,66세,상해없음
93,2019080000000000.0,2019년 8월 1일 11시,목요일,서울특별시 용산구 이태원동,녹사평대로26길,경상사고,0,0,1,0,차대차 - 측면충돌,안전운전불이행,포장 - 건조,맑음,단일로 - 기타,승용,여,53세,경상,승용,남,66세,상해없음
94,2019060000000000.0,2019년 6월 22일 15시,토요일,서울특별시 용산구 이태원동,이태원로,경상사고,0,0,1,0,차대차 - 추돌,안전운전불이행,포장 - 건조,맑음,단일로 - 기타,승용,남,54세,상해없음,승용,남,66세,경상
95,2019030000000000.0,2019년 3월 31일 21시,일요일,서울특별시 용산구 이태원동,녹사평대로26길,경상사고,0,0,1,0,차대차 - 측면충돌,안전운전불이행,포장 - 건조,맑음,교차로 - 교차로안,승합,남,52세,상해없음,승용,남,66세,경상
96,2019010000000000.0,2019년 1월 22일 10시,화요일,서울특별시 용산구 한남동,서빙고로,경상사고,0,0,1,0,차대차 - 추돌,안전운전불이행,포장 - 건조,맑음,단일로 - 지하차도(도로)내,승용,여,37세,상해없음,승용,남,66세,상해없음
97,2019050000000000.0,2019년 5월 13일 00시,월요일,서울특별시 용산구 한남동,한남대로,중상사고,0,1,0,0,차대사람 - 기타,안전운전불이행,포장 - 건조,맑음,단일로 - 기타,승용,남,43세,상해없음,보행자,여,66세,중상