,사고번호,사고일시,요일,시군구,도로명,사고내용,사망자수,중상자수,경상자수,부상신고자수,사고유형,법규위반,노면상태,기상상태,도로형태,가해운전자 차종,가해운전자 성별,가해운전자 연령,가해운전자 상해정도,피해운전자 차종,피해운전자 성별,피해운전자 연령,피해운전자 상해정도
89,2019050000000000.0,2019년 5월 27일 15시,월요일,서울특별시 은평구 신사동,가좌로,경상사고,0,0,1,0,차대차 - 추돌,신호위반,포장 - 건조,맑음,교차로 - 교차로안,승용,남,56세,상해없음,승용,남,71세,경상
90,2019030000000000.0,2019년 3월 1일 13시,금요일,서울특별시 은평구 진관동,진관3로,중상사고,0,1,0,0,차대사람 - 기타,안전운전불이행,포장 - 건조,맑음,교차로 - 교차로부근,승합,남,47세,기타불명,보행자,여,71세,중상
91,2019120000000000.0,2019년 12월 9일 15시,월요일,서울특별시 은평구 진관동,진관4로,부상신고사고,0,0,0,1,차대차 - 기타,안전운전불이행,포장 - 건조,맑음,단일로 - 기타,이륜,남,46세,부상신고,화물,남,71세,상해없음
92,2019110000000000.0,2019년 11월 24일 17시,일요일,서울특별시 은평구 수색동,수색로,경상사고,0,0,1,0,차대사람 - 횡단중,신호위반,포장 - 젖음/습기,비,단일로 - 기타,이륜,남,48세,상해없음,보행자,남,70세,경상
93,2019120000000000.0,2019년 12월 2일 13시,월요일,서울특별시 은평구 수색동,수색로,부상신고사고,0,0,0,1,차대차 - 측면충돌,안전운전불이행,포장 - 건조,맑음,교차로 - 교차로안,화물,남,26세,상해없음,승용,여,70세,부상신고
94,2019050000000000.0,2019년 5월 12일 11시,일요일,서울특별시 은평구 녹번동,진흥로,중상사고,0,1,0,0,차대사람 - 기타,안전운전불이행,포장 - 건조,맑음,단일로 - 기타,승용,남,59세,상해없음,보행자,여,70세,중상
95,2019050000000000.0,2019년 5월 4일 21시,토요일,서울특별시 은평구 불광동,연서로,경상사고,0,0,1,0,차대사람 - 차도통행중,안전운전불이행,포장 - 건조,맑음,교차로 - 교차로부근,승용,남,71세,상해없음,보행자,남,70세,경상
96,2019080000000000.0,2019년 8월 17일 13시,토요일,서울특별시 은평구 불광동,통일로72길,경상사고,0,0,1,0,차대사람 - 기타,안전거리미확보,포장 - 건조,맑음,교차로 - 교차로부근,승용,여,39세,상해없음,보행자,여,70세,경상
97,2019080000000000.0,2019년 8월 24일 11시,토요일,서울특별시 은평구 갈현동,통일로87길,경상사고,0,0,1,0,차대차 - 기타,안전운전불이행,포장 - 건조,맑음,교차로 - 교차로안,화물,남,71세,상해없음,자전거,여,70세,경상
98,2019080000000000.0,2019년 8월 5일 15시,월요일,서울특별시 은평구 대조동,통일로69길,중상사고,0,1,0,0,차대차 - 기타,안전운전불이행,포장 - 건조,맑음,단일로 - 기타,승용,남,77세,상해없음,자전거,남,70세,중상
99,2019030000000000.0,2019년 3월 23일 16시,토요일,서울특별시 은평구 대조동,진흥로,중상사고,0,1,0,0,차대사람 - 보도통행중,보행자보호의무위반,포장 - 건조,맑음,교차로 - 교차로횡단보도내,승용,남,46세,상해없음,보행자,여,70세,중상
100,2019040000000000.0,2019년 4월 19일 10시,금요일,서울특별시 은평구 응암동,은평로,중상사고,0,1,0,0,차대사람 - 횡단중,안전운전불이행,포장 - 건조,맑음,단일로 - 기타,승용,남,66세,상해없음,보행자,여,70세,중상
101,2019110000000000.0,2019년 11월 2일 10시,토요일,서울특별시 은평구 역촌동,역말로,경상사고,0,0,1,0,차대차 - 측면충돌,안전운전불이행,포장 - 건조,흐림,교차로 - 교차로안,자전거,남,13세,경상,승용,남,70세,상해없음
102,2019090000000000.0,2019년 9월 23일 20시,월요일,서울특별시 은평구 신사동,은평로,경상사고,0,0,1,0,차대차 - 기타,안전운전불이행,포장 - 건조,맑음,교차로 - 교차로안,이륜,남,32세,상해없음,승용,남,70세,상해없음
103,2019080000000000.0,2019년 8월 8일 15시,목요일,서울특별시 은평구 신사동,증산로15길,중상사고,0,1,0,0,차대사람 - 기타,신호위반,포장 - 건조,맑음,교차로 - 교차로안,승용,여,51세,상해없음,보행자,여,70세,중상
104,2019120000000000.0,2019년 12월 2일 21시,월요일,서울특별시 은평구 진관동,진관2로,경상사고,0,0,1,0,차대차 - 측면충돌,교차로운행방법위반,포장 - 건조,맑음,교차로 - 교차로안,승용,남,36세,상해없음,승용,남,70세,경상
105,2019100000000000.0,2019년 10월 19일 10시,토요일,서울특별시 은평구 갈현동,연서로21길,중상사고,0,1,0,0,차대사람 - 길가장자리구역통행중,안전운전불이행,포장 - 건조,맑음,교차로 - 교차로부근,승용,남,49세,상해없음,보행자,여,69세,중상
106,2019090000000000.0,2019년 9월 19일 17시,목요일,서울특별시 은평구 역촌동,연서로14길,경상사고,0,0,1,0,차대사람 - 기타,안전운전불이행,포장 - 건조,맑음,단일로 - 기타,승용,여,38세,상해없음,보행자,여,69세,경상
107,2019100000000000.0,2019년 10월 14일 03시,월요일,서울특별시 은평구 증산동,증산로,경상사고,0,0,2,0,차대차 - 추돌,안전운전불이행,포장 - 건조,맑음,단일로 - 기타,승용,남,25세,상해없음,승용,남,69세,경상
108,2019010000000000.0,2019년 1월 2일 06시,수요일,서울특별시 은평구 불광동,통일로,부상신고사고,0,0,0,1,차대차 - 측면충돌,신호위반,포장 - 건조,맑음,교차로 - 교차로안,승용,여,58세,부상신고,승합,남,68세,상해없음
109,2019010000000000.0,2019년 1월 27일 17시,일요일,서울특별시 은평구 갈현동,갈현로,중상사고,0,1,0,0,차대사람 - 횡단중,안전운전불이행,포장 - 건조,맑음,교차로 - 교차로횡단보도내,승용,남,32세,상해없음,보행자,여,68세,중상
110,2019090000000000.0,2019년 9월 6일 11시,금요일,서울특별시 은평구 갈현동,연서로21길,중상사고,0,1,1,0,차대차 - 측면충돌,안전운전불이행,포장 - 건조,맑음,교차로 - 교차로안,승용,남,79세,상해없음,승합,남,68세,상해없음
111,2019080000000000.0,2019년 8월 24일 17시,토요일,서울특별시 은평구 구산동,서오릉로,경상사고,0,0,1,0,차대차 - 기타,안전운전불이행,포장 - 건조,맑음,기타 - 기타,이륜,남,35세,경상,승용,남,68세,상해없음
112,2019050000000000.0,2019년 5월 29일 15시,수요일,서울특별시 은평구 대조동,진흥로,경상사고,0,0,1,0,차대사람 - 횡단중,보행자보호의무위반,포장 - 건조,맑음,교차로 - 교차로횡단보도내,승용,여,47세,상해없음,보행자,여,68세,경상
113,2019080000000000.0,2019년 8월 15일 14시,목요일,서울특별시 은평구 대조동,연서로26길,중상사고,0,1,0,0,차대사람 - 길가장자리구역통행중,안전운전불이행,포장 - 젖음/습기,비,교차로 - 교차로안,승용,남,40세,상해없음,보행자,여,68세,중상
114,2019060000000000.0,2019년 6월 3일 17시,월요일,서울특별시 은평구 응암동,응암로12길,경상사고,0,0,1,0,차대차 - 후진중충돌,기타,포장 - 건조,맑음,단일로 - 기타,승용,남,54세,상해없음,승용,남,68세,경상
115,2019010000000000.0,2019년 1월 4일 19시,금요일,서울특별시 은평구 역촌동,연서로4길,경상사고,0,0,1,0,차대차 - 정면충돌,안전운전불이행,포장 - 건조,맑음,교차로 - 교차로안,승용,남,36세,상해없음,자전거,남,68세,경상
116,2019060000000000.0,2019년 6월 22일 12시,토요일,서울특별시 은평구 역촌동,역말로,경상사고,0,0,1,0,차대차 - 측면충돌,안전운전불이행,포장 - 건조,맑음,교차로 - 교차로부근,승합,남,64세,상해없음,자전거,여,68세,경상
117,2019040000000000.0,2019년 4월 23일 21시,화요일,서울특별시 은평구 역촌동,역말로,부상신고사고,0,0,0,1,차대차 - 측면충돌,중앙선침범,포장 - 건조,맑음,기타 - 기타,자전거,남,59세,부상신고,승용,남,68세,상해없음
118,2019040000000000.0,2019년 4월 24일 05시,수요일,서울특별시 은평구 진관동,진관3로,중상사고,0,1,0,0,차대사람 - 횡단중,안전운전불이행,포장 - 건조,맑음,교차로 - 교차로부근,승용,남,34세,상해없음,보행자,남,68세,중상
119,2019090000000000.0,2019년 9월 26일 23시,목요일,서울특별시 은평구 수색동,수색로,중상사고,0,1,0,0,차대차 - 기타,신호위반,포장 - 건조,맑음,단일로 - 기타,승용,남,53세,기타불명,승합,남,67세,상해없음
120,2019110000000000.0,2019년 11월 28일 14시,목요일,서울특별시 은평구 녹번동,통일로,경상사고,0,0,5,0,차대차 - 측면충돌,신호위반,포장 - 건조,맑음,교차로 - 교차로안,승용,여,55세,경상,승합,남,67세,경상
121,2019120000000000.0,2019년 12월 23일 15시,월요일,서울특별시 은평구 녹번동,진흥로,중상사고,0,1,2,0,차대차 - 정면충돌,중앙선침범,포장 - 건조,맑음,단일로 - 기타,승용,남,63세,경상,승용,남,67세,중상
122,2019090000000000.0,2019년 9월 12일 19시,목요일,서울특별시 은평구 불광동,통일로,중상사고,0,1,0,0,차대사람 - 횡단중,안전운전불이행,포장 - 젖음/습기,비,교차로 - 교차로부근,승용,남,48세,상해없음,보행자,남,67세,중상
123,2019110000000000.0,2019년 11월 19일 18시,화요일,서울특별시 은평구 갈현동,서오릉로,경상사고,0,0,1,0,차대사람 - 길가장자리구역통행중,안전운전불이행,포장 - 건조,맑음,교차로 - 교차로안,화물,남,46세,상해없음,보행자,여,67세,경상
124,2019110000000000.0,2019년 11월 29일 12시,금요일,서울특별시 은평구 갈현동,갈현로,중상사고,0,1,0,0,차대사람 - 횡단중,안전운전불이행,포장 - 건조,맑음,단일로 - 기타,이륜,남,17세,상해없음,보행자,남,67세,중상
125,2019080000000000.0,2019년 8월 22일 18시,목요일,서울특별시 은평구 구산동,연서로9길,경상사고,0,0,1,1,차대차 - 측면충돌,안전운전불이행,포장 - 건조,맑음,교차로 - 교차로안,자전거,여,48세,부상신고,승용,남,67세,상해없음
126,2019120000000000.0,2019년 12월 12일 06시,목요일,서울특별시 은평구 구산동,서오릉로,경상사고,0,0,1,0,차대차 - 측면충돌,안전거리미확보,포장 - 건조,맑음,단일로 - 기타,화물,남,66세,상해없음,승용,남,67세,경상
127,2019070000000000.0,2019년 7월 10일 21시,수요일,서울특별시 은평구 대조동,불광로,경상사고,0,0,1,0,차대사람 - 기타,안전운전불이행,포장 - 건조,맑음,기타 - 기타,승용,남,55세,상해없음,보행자,여,67세,경상
128,2019040000000000.0,2019년 4월 16일 10시,화요일,서울특별시 은평구 응암동,가좌로7나길,경상사고,0,0,1,1,차대차 - 측면충돌,중앙선침범,포장 - 건조,맑음,단일로 - 기타,이륜,남,21세,부상신고,화물,남,67세,기타불명
129,2019120000000000.0,2019년 12월 13일 18시,금요일,서울특별시 은평구 응암동,응암로12길,중상사고,0,1,0,0,차대사람 - 기타,안전운전불이행,포장 - 건조,맑음,교차로 - 교차로안,승용,남,61세,상해없음,보행자,여,67세,중상
130,2019080000000000.0,2019년 8월 1일 21시,목요일,서울특별시 은평구 역촌동,갈현로,중상사고,0,1,0,0,차대사람 - 횡단중,안전운전불이행,포장 - 건조,맑음,단일로 - 기타,이륜,남,44세,상해없음,보행자,남,67세,중상
131,2019040000000000.0,2019년 4월 27일 14시,토요일,서울특별시 은평구 역촌동,진흥로1길,중상사고,0,1,0,0,차대사람 - 횡단중,안전운전불이행,포장 - 건조,맑음,교차로 - 교차로횡단보도내,승용,여,64세,상해없음,보행자,남,67세,중상
132,2019100000000000.0,2019년 10월 31일 16시,목요일,서울특별시 은평구 역촌동,진흥로,경상사고,0,0,1,0,차대차 - 측면충돌,안전거리미확보,포장 - 건조,맑음,교차로 - 교차로부근,화물,남,65세,경상,승합,남,67세,상해없음
133,2019070000000000.0,2019년 7월 17일 14시,수요일,서울특별시 은평구 수색동,은평터널로,경상사고,0,0,1,0,차대차 - 측면충돌,기타,포장 - 건조,맑음,단일로 - 기타,승용,여,44세,상해없음,승용,남,66세,경상
134,2019050000000000.0,2019년 5월 29일 12시,수요일,서울특별시 은평구 녹번동,은평로,중상사고,0,1,0,0,차대차 - 측면충돌,신호위반,포장 - 건조,맑음,단일로 - 기타,승용,여,34세,상해없음,이륜,남,66세,중상
135,2019100000000000.0,2019년 10월 14일 05시,월요일,서울특별시 은평구 불광동,진흥로,경상사고,0,0,1,1,차대차 - 측면충돌,신호위반,포장 - 건조,맑음,단일로 - 기타,승용,남,33세,부상신고,승용,남,66세,경상
136,2019080000000000.0,2019년 8월 14일 06시,수요일,서울특별시 은평구 불광동,연서로,중상사고,0,1,1,0,차대차 - 측면충돌,신호위반,포장 - 건조,맑음,교차로 - 교차로안,이륜,남,16세,경상,승용,남,66세,상해없음
137,2019100000000000.0,2019년 10월 30일 21시,수요일,서울특별시 은평구 불광동,연서로34길,경상사고,0,0,1,0,차대사람 - 기타,안전운전불이행,포장 - 건조,맑음,교차로 - 교차로안,승용,남,46세,상해없음,보행자,여,66세,경상
138,2019080000000000.0,2019년 8월 12일 16시,월요일,서울특별시 은평구 불광동,연서로37길,경상사고,0,0,1,0,차대사람 - 기타,안전운전불이행,포장 - 건조,맑음,단일로 - 기타,승합,남,41세,상해없음,보행자,남,66세,경상
139,2019060000000000.0,2019년 6월 20일 11시,목요일,서울특별시 은평구 불광동,통일로,경상사고,0,0,1,0,차대차 - 측면충돌,신호위반,포장 - 건조,맑음,교차로 - 교차로횡단보도내,승용,남,56세,상해없음,자전거,여,66세,경상
140,2019050000000000.0,2019년 5월 31일 11시,금요일,서울특별시 은평구 구산동,서오릉로,중상사고,0,1,0,0,차대사람 - 보도통행중,기타,포장 - 건조,맑음,교차로 - 교차로부근,자전거,남,15세,상해없음,보행자,여,66세,중상
141,2019050000000000.0,2019년 5월 5일 17시,일요일,서울특별시 은평구 구산동,서오릉로,경상사고,0,0,2,0,차대차 - 측면충돌,교차로운행방법위반,포장 - 건조,맑음,교차로 - 교차로안,승용,남,53세,상해없음,승용,남,66세,경상
142,2019110000000000.0,2019년 11월 27일 18시,수요일,서울특별시 은평구 대조동,연서로,부상신고사고,0,0,0,1,차대사람 - 기타,안전운전불이행,포장 - 건조,맑음,기타 - 기타,승합,남,54세,상해없음,보행자,남,66세,부상신고
143,2019070000000000.0,2019년 7월 25일 13시,목요일,서울특별시 은평구 응암동,백련산로,경상사고,0,0,1,0,차대차 - 측면충돌,신호위반,포장 - 젖음/습기,비,교차로 - 교차로안,원동기,남,76세,상해없음,승용,남,66세,경상
144,2019030000000000.0,2019년 3월 5일 22시,화요일,서울특별시 은평구 응암동,응암로,경상사고,0,0,1,0,차대사람 - 차도통행중,안전운전불이행,포장 - 건조,맑음,단일로 - 기타,승합,남,60세,상해없음,보행자,남,66세,경상
145,2019040000000000.0,2019년 4월 17일 15시,수요일,서울특별시 은평구 신사동,갈현로,경상사고,0,0,1,0,차대사람 - 횡단중,보행자보호의무위반,포장 - 건조,맑음,교차로 - 교차로부근,승용,남,47세,상해없음,보행자,여,66세,경상
146,2019050000000000.0,2019년 5월 21일 05시,화요일,서울특별시 은평구 진관동,연서로,경상사고,0,0,1,0,차대차 - 측면충돌,신호위반,포장 - 건조,맑음,교차로 - 교차로안,승용,남,60세,상해없음,승용,남,66세,경상
147,2019110000000000.0,2019년 11월 19일 21시,화요일,서울특별시 은평구 진관동,진관1로,중상사고,0,1,0,0,차대사람 - 기타,안전운전불이행,포장 - 건조,맑음,교차로 - 교차로안,승용,여,45세,상해없음,보행자,여,66세,중상
148,2019080000000000.0,2019년 8월 8일 12시,목요일,서울특별시 은평구 수색동,수색로,중상사고,0,1,0,0,차대차 - 측면충돌,신호위반,포장 - 건조,맑음,교차로 - 교차로안,승용,남,66세,상해없음,이륜,남,65세,중상
149,2019040000000000.0,2019년 4월 18일 12시,목요일,서울특별시 은평구 수색동,수색로,경상사고,0,0,1,0,차대사람 - 기타,안전운전불이행,포장 - 건조,맑음,단일로 - 기타,화물,남,66세,상해없음,보행자,여,65세,경상
150,2019070000000000.0,2019년 7월 23일 18시,화요일,서울특별시 은평구 녹번동,서오릉로,부상신고사고,0,0,0,1,차대차 - 측면충돌,안전운전불이행,포장 - 건조,맑음,단일로 - 기타,자전거,남,89세,부상신고,승용,남,65세,상해없음
151,2019070000000000.0,2019년 7월 18일 17시,목요일,서울특별시 은평구 불광동,연서로,중상사고,0,1,0,0,차대차 - 기타,안전운전불이행,포장 - 건조,맑음,교차로 - 교차로안,승용,여,27세,상해없음,자전거,남,65세,중상
152,2019120000000000.0,2019년 12월 1일 17시,일요일,서울특별시 은평구 갈현동,연서로,중상사고,0,1,0,0,차대차 - 추돌,안전운전불이행,포장 - 젖음/습기,비,교차로 - 교차로안,승용,여,50세,상해없음,자전거,남,65세,중상
153,2019080000000000.0,2019년 8월 24일 19시,토요일,서울특별시 은평구 구산동,서오릉로,경상사고,0,0,1,0,차대사람 - 기타,안전운전불이행,포장 - 건조,맑음,단일로 - 기타,이륜,남,29세,상해없음,보행자,여,65세,경상
154,2019020000000000.0,2019년 2월 23일 18시,토요일,서울특별시 은평구 대조동,서오릉로,경상사고,0,0,1,0,차대차 - 기타,안전운전불이행,포장 - 건조,맑음,기타 - 기타,기타불명,기타불명,미분류,기타불명,자전거,남,65세,경상
155,2019090000000000.0,2019년 9월 18일 19시,수요일,서울특별시 은평구 응암동,응암로,경상사고,0,0,1,0,차대차 - 추돌,안전운전불이행,포장 - 건조,맑음,단일로 - 기타,이륜,남,36세,상해없음,승용,남,65세,경상
156,2019090000000000.0,2019년 9월 10일 20시,화요일,서울특별시 은평구 응암동,응암로13길,중상사고,0,1,0,0,차대차 - 추돌,안전운전불이행,포장 - 젖음/습기,비,단일로 - 기타,승용,여,47세,상해없음,승용,남,65세,중상
157,2019070000000000.0,2019년 7월 22일 05시,월요일,서울특별시 은평구 역촌동,은평로,중상사고,0,1,3,0,차대차 - 정면충돌,중앙선침범,포장 - 건조,맑음,교차로 - 교차로부근,승용,여,49세,경상,승용,남,65세,경상
158,2019020000000000.0,2019년 2월 28일 06시,목요일,서울특별시 은평구 역촌동,역말로,중상사고,0,1,0,0,차대차 - 정면충돌,중앙선침범,포장 - 건조,맑음,교차로 - 교차로부근,특수,남,42세,상해없음,승용,남,65세,중상
159,2019010000000000.0,2019년 1월 7일 13시,월요일,서울특별시 은평구 역촌동,진흥로,경상사고,0,0,1,1,차대차 - 측면충돌,교차로운행방법위반,포장 - 건조,맑음,교차로 - 교차로안,승용,남,30세,부상신고,승용,남,65세,경상
160,2019070000000000.0,2019년 7월 18일 20시,목요일,서울특별시 은평구 역촌동,진흥로,중상사고,0,1,0,0,차대차 - 기타,안전운전불이행,포장 - 건조,맑음,교차로 - 교차로부근,승용,여,43세,상해없음,이륜,여,65세,중상
161,2019060000000000.0,2019년 6월 15일 02시,토요일,서울특별시 은평구 신사동,가좌로,중상사고,0,2,1,0,차대차 - 측면충돌,신호위반,포장 - 건조,맑음,교차로 - 교차로안,승용,남,44세,중상,화물,남,65세,경상
162,2019080000000000.0,2019년 8월 30일 14시,금요일,서울특별시 은평구 신사동,갈현로,중상사고,0,1,0,0,차대사람 - 보도통행중,기타,포장 - 건조,맑음,기타 - 기타,자전거,남,8세,상해없음,보행자,여,65세,중상
0,2019020000000000.0,2019년 2월 11일 19시,월요일,서울특별시 종로구 부암동,자하문로,사망사고,1,0,0,0,차대사람 - 차도통행중,안전운전불이행,포장 - 건조,맑음,단일로 - 기타,승용,남,64세,상해없음,보행자,여,90세 이상,사망
1,2019120000000000.0,2019년 12월 19일 06시,목요일,서울특별시 종로구 통의동,자하문로10길,중상사고,0,1,0,0,차대사람 - 횡단중,안전운전불이행,포장 - 건조,맑음,교차로 - 교차로안,승용,남,61세,상해없음,보행자,여,85세,중상
2,2019030000000000.0,2019년 3월 24일 13시,일요일,서울특별시 종로구 신문로2가,경희궁길,중상사고,0,1,0,0,차대사람 - 차도통행중,안전운전불이행,포장 - 건조,흐림,단일로 - 기타,승용,여,50세,상해없음,보행자,여,84세,중상
3,2019010000000000.0,2019년 1월 13일 18시,일요일,서울특별시 종로구 종로3가,종로,중상사고,0,1,0,0,차대사람 - 기타,안전운전불이행,포장 - 건조,맑음,단일로 - 기타,승합,남,59세,상해없음,보행자,남,83세,중상
4,2019100000000000.0,2019년 10월 11일 15시,금요일,서울특별시 종로구 통의동,자하문로10길,중상사고,0,1,0,0,차대사람 - 횡단중,안전운전불이행,포장 - 건조,맑음,교차로 - 교차로횡단보도내,승용,남,77세,상해없음,보행자,여,82세,중상
5,2019040000000000.0,2019년 4월 1일 09시,월요일,서울특별시 종로구 운니동,율곡로,중상사고,0,1,0,0,차대차 - 측면충돌,안전운전불이행,포장 - 건조,맑음,교차로 - 교차로안,승용,여,42세,상해없음,이륜,남,82세,중상
6,2019010000000000.0,2019년 1월 8일 14시,화요일,서울특별시 종로구 장사동,청계천로,중상사고,0,1,0,0,차대사람 - 횡단중,신호위반,포장 - 건조,맑음,교차로 - 교차로횡단보도내,화물,남,43세,상해없음,보행자,여,82세,중상
7,2019020000000000.0,2019년 2월 1일 07시,금요일,서울특별시 종로구 연건동,대학로,경상사고,0,0,1,0,차대차 - 기타,신호위반,포장 - 건조,맑음,교차로 - 교차로안,기타불명,기타불명,미분류,기타불명,승용,남,82세,상해없음
8,2019020000000000.0,2019년 2월 17일 00시,일요일,서울특별시 종로구 옥인동,옥인길,중상사고,0,1,0,0,차대사람 - 차도통행중,안전운전불이행,포장 - 건조,맑음,단일로 - 지하차도(도로)내,승용,남,68세,상해없음,보행자,남,81세,중상
9,2019100000000000.0,2019년 10월 13일 11시,일요일,서울특별시 종로구 종로2가,종로,부상신고사고,0,0,0,1,차대사람 - 기타,안전운전불이행,포장 - 건조,맑음,단일로 - 기타,승용,남,41세,상해없음,보행자,남,81세,부상신고
10,2019110000000000.0,2019년 11월 26일 11시,화요일,서울특별시 종로구 창신동,지봉로,중상사고,0,1,0,1,차대사람 - 길가장자리구역통행중,안전운전불이행,포장 - 건조,맑음,단일로 - 기타,승용,남,70세,상해없음,보행자,여,81세,중상
11,2019010000000000.0,2019년 1월 5일 17시,토요일,서울특별시 종로구 구기동,진흥로,중상사고,0,1,0,0,차대차 - 기타,안전거리미확보,포장 - 건조,맑음,단일로 - 기타,승용,남,69세,상해없음,이륜,남,81세,중상
12,2019020000000000.0,2019년 2월 7일 11시,목요일,서울특별시 종로구 익선동,삼일대로30길,부상신고사고,0,0,0,1,차대사람 - 차도통행중,안전운전불이행,포장 - 건조,맑음,단일로 - 지하차도(도로)내,승용,여,51세,상해없음,보행자,여,79세,부상신고
13,2019030000000000.0,2019년 3월 28일 12시,목요일,서울특별시 종로구 낙원동,삼일대로,중상사고,0,1,0,0,차대사람 - 차도통행중,안전운전불이행,포장 - 건조,흐림,교차로 - 교차로안,기타불명,기타불명,미분류,기타불명,보행자,여,79세,중상
14,2019100000000000.0,2019년 10월 16일 14시,수요일,서울특별시 종로구 재동,율곡로,중상사고,0,1,0,0,차대사람 - 횡단중,보행자보호의무위반,포장 - 건조,맑음,교차로 - 교차로횡단보도내,승합,남,62세,상해없음,보행자,여,79세,중상
15,2019030000000000.0,2019년 3월 29일 13시,금요일,서울특별시 종로구 구기동,진흥로22길,경상사고,0,0,1,0,차대사람 - 차도통행중,안전운전불이행,포장 - 건조,맑음,단일로 - 지하차도(도로)내,승용,남,63세,상해없음,보행자,남,79세,경상
16,2019060000000000.0,2019년 6월 25일 11시,화요일,서울특별시 종로구 낙원동,수표로,중상사고,0,1,0,0,차대사람 - 차도통행중,안전운전불이행,포장 - 건조,맑음,단일로 - 기타,승용,여,69세,상해없음,보행자,남,78세,중상
17,2019050000000000.0,2019년 5월 9일 09시,목요일,서울특별시 종로구 견지동,우정국로,경상사고,0,0,1,0,차대차 - 측면충돌,안전운전불이행,포장 - 건조,맑음,단일로 - 기타,승합,남,60세,상해없음,원동기,남,77세,경상
18,2019050000000000.0,2019년 5월 11일 19시,토요일,서울특별시 종로구 낙원동,수표로,중상사고,0,1,0,0,차대사람 - 기타,안전운전불이행,포장 - 건조,맑음,단일로 - 지하차도(도로)내,화물,남,59세,상해없음,보행자,남,77세,중상
19,2019040000000000.0,2019년 4월 26일 05시,금요일,서울특별시 종로구 예지동,창경궁로,중상사고,0,2,1,1,차대차 - 측면충돌,신호위반,포장 - 건조,맑음,교차로 - 교차로안,승합,남,38세,부상신고,승용,남,77세,중상
20,2019080000000000.0,2019년 8월 27일 16시,화요일,서울특별시 종로구 종로6가,청계천로,경상사고,0,0,1,0,차대차 - 측면충돌,안전운전불이행,포장 - 건조,맑음,교차로 - 교차로부근,승용,남,32세,상해없음,승용,남,77세,경상
21,2019090000000000.0,2019년 9월 28일 08시,토요일,서울특별시 종로구 명륜2가,성균관로,경상사고,0,0,1,0,차대차 - 기타,안전운전불이행,포장 - 건조,맑음,단일로 - 기타,승용,남,25세,상해없음,승용,남,77세,경상
22,2019050000000000.0,2019년 5월 9일 13시,목요일,서울특별시 종로구 창신동,지봉로,경상사고,0,0,1,0,차대차 - 추돌,안전거리미확보,포장 - 건조,맑음,단일로 - 기타,승용,여,21세,상해없음,승용,남,77세,경상
23,2019100000000000.0,2019년 10월 24일 13시,목요일,서울특별시 종로구 창신동,지봉로,부상신고사고,0,0,0,1,차대사람 - 횡단중,보행자보호의무위반,포장 - 건조,맑음,교차로 - 교차로안,승용,남,36세,상해없음,보행자,남,77세,부상신고
24,2019010000000000.0,2019년 1월 18일 19시,금요일,서울특별시 종로구 옥인동,필운대로,경상사고,0,0,1,0,차대사람 - 횡단중,안전운전불이행,포장 - 건조,맑음,교차로 - 교차로안,승용,남,59세,상해없음,보행자,여,76세,경상
25,2019090000000000.0,2019년 9월 27일 11시,금요일,서울특별시 종로구 세종로,세종대로,경상사고,0,0,1,0,차대차 - 측면충돌,안전운전불이행,포장 - 건조,맑음,단일로 - 기타,이륜,남,28세,기타불명,승용,남,76세,경상
26,2019110000000000.0,2019년 11월 22일 14시,금요일,서울특별시 종로구 중학동,율곡로,중상사고,0,1,0,0,차대차 - 측면충돌,안전운전불이행,포장 - 건조,맑음,단일로 - 지하차도(도로)내,이륜,남,22세,중상,승용,남,76세,상해없음
27,2019080000000000.0,2019년 8월 28일 19시,수요일,서울특별시 종로구 와룡동,돈화문로,중상사고,0,1,0,0,차대사람 - 횡단중,안전운전불이행,포장 - 건조,맑음,단일로 - 기타,원동기,남,40세,상해없음,보행자,여,76세,중상
28,2019040000000000.0,2019년 4월 12일 16시,금요일,서울특별시 종로구 낙원동,수표로,경상사고,0,0,1,0,차대사람 - 기타,안전운전불이행,포장 - 건조,맑음,단일로 - 기타,승용,남,49세,상해없음,보행자,남,76세,경상
29,2019110000000000.0,2019년 11월 28일 11시,목요일,서울특별시 종로구 종로2가,수표로,경상사고,0,0,1,0,차대사람 - 횡단중,안전운전불이행,포장 - 건조,맑음,단일로 - 기타,승용,여,59세,상해없음,보행자,남,76세,경상
30,2019110000000000.0,2019년 11월 12일 11시,화요일,서울특별시 종로구 원남동,창경궁로,중상사고,0,1,0,0,차대사람 - 기타,안전운전불이행,포장 - 건조,맑음,단일로 - 기타,승합,남,59세,상해없음,보행자,남,76세,중상
31,2019090000000000.0,2019년 9월 24일 12시,화요일,서울특별시 종로구 연건동,대학로,경상사고,0,0,1,0,차대차 - 측면충돌,안전운전불이행,포장 - 건조,맑음,교차로 - 교차로부근,자전거,여,21세,경상,승용,남,76세,상해없음
32,2019020000000000.0,2019년 2월 20일 22시,수요일,서울특별시 종로구 명륜2가,창경궁로,중상사고,0,1,0,0,차대사람 - 차도통행중,안전운전불이행,포장 - 건조,맑음,단일로 - 기타,승합,남,51세,상해없음,보행자,여,76세,중상