,사고번호,사고일시,요일,시군구,도로명,사고내용,사망자수,중상자수,경상자수,부상신고자수,사고유형,법규위반,노면상태,기상상태,도로형태,가해운전자 차종,가해운전자 성별,가해운전자 연령,가해운전자 상해정도,피해운전자 차종,피해운전자 성별,피해운전자 연령,피해운전자 상해정도
33,2019010000000000.0,2019년 1월 29일 19시,화요일,서울특별시 종로구 숭인동,종로,부상신고사고,0,0,0,1,차대차 - 기타,안전운전불이행,포장 - 건조,맑음,단일로 - 기타,기타불명,남,54세,부상신고,원동기,남,76세,상해없음
34,2019070000000000.0,2019년 7월 8일 20시,월요일,서울특별시 종로구 행촌동,사직로,중상사고,0,1,0,0,차대사람 - 차도통행중,안전운전불이행,포장 - 건조,맑음,교차로 - 교차로부근,승용,남,50세,상해없음,보행자,남,76세,중상
35,2019010000000000.0,2019년 1월 1일 17시,화요일,서울특별시 종로구 공평동,우정국로,중상사고,0,1,0,0,차대사람 - 횡단중,안전운전불이행,포장 - 건조,맑음,기타 - 기타,승용,남,45세,상해없음,보행자,남,75세,중상
36,2019030000000000.0,2019년 3월 26일 19시,화요일,서울특별시 종로구 창신동,종로,사망사고,1,0,1,0,차대사람 - 횡단중,안전운전불이행,포장 - 건조,맑음,단일로 - 기타,이륜,남,25세,경상,보행자,여,75세,사망
37,2019040000000000.0,2019년 4월 20일 15시,토요일,서울특별시 종로구 숭인동,난계로27길,경상사고,0,0,1,0,차대사람 - 길가장자리구역통행중,안전운전불이행,포장 - 건조,맑음,교차로 - 교차로안,승용,남,58세,상해없음,보행자,남,75세,경상
38,2019110000000000.0,2019년 11월 8일 13시,금요일,서울특별시 종로구 평동,새문안로,경상사고,0,0,1,0,차대차 - 추돌,안전거리미확보,포장 - 건조,맑음,단일로 - 지하차도(도로)내,승합,남,48세,상해없음,승용,남,75세,경상
39,2019060000000000.0,2019년 6월 9일 16시,일요일,서울특별시 종로구 평창동,평창문화로,경상사고,0,0,1,0,차대차 - 정면충돌,신호위반,포장 - 건조,흐림,교차로 - 교차로안,승용,여,49세,상해없음,승용,남,75세,경상
40,2019080000000000.0,2019년 8월 5일 09시,월요일,서울특별시 종로구 평창동,평창길,경상사고,0,0,1,0,차대차 - 측면충돌,직진우회전진행방해,포장 - 건조,맑음,교차로 - 교차로부근,화물,남,37세,상해없음,승용,남,75세,경상
41,2019080000000000.0,2019년 8월 6일 08시,화요일,서울특별시 종로구 신영동,진흥로,경상사고,0,0,2,0,차대차 - 추돌,안전운전불이행,포장 - 건조,맑음,단일로 - 기타,원동기,남,27세,경상,승용,남,75세,경상
42,2019050000000000.0,2019년 5월 17일 09시,금요일,서울특별시 종로구 신교동,자하문로,중상사고,0,1,0,0,차대차 - 추돌,안전운전불이행,포장 - 건조,맑음,교차로 - 교차로안,승용,남,37세,상해없음,승용,여,74세,중상
43,2019100000000000.0,2019년 10월 9일 14시,수요일,서울특별시 종로구 수송동,종로1길,경상사고,0,0,1,0,차대사람 - 차도통행중,안전운전불이행,포장 - 건조,맑음,단일로 - 기타,승용,남,28세,상해없음,보행자,남,74세,경상
44,2019100000000000.0,2019년 10월 17일 12시,목요일,서울특별시 종로구 장사동,돈화문로,중상사고,0,1,0,0,차대차 - 기타,안전운전불이행,포장 - 건조,맑음,단일로 - 기타,화물,남,41세,상해없음,이륜,남,74세,중상
45,2019100000000000.0,2019년 10월 16일 07시,수요일,서울특별시 종로구 종로6가,율곡로,경상사고,0,0,1,0,차대차 - 측면충돌,안전거리미확보,포장 - 건조,맑음,단일로 - 기타,승용,남,74세,상해없음,승용,여,74세,경상
46,2019040000000000.0,2019년 4월 9일 22시,화요일,서울특별시 종로구 창신동,지봉로,경상사고,0,0,1,1,차대차 - 추돌,안전거리미확보,포장 - 젖음/습기,비,교차로 - 교차로부근,화물,남,38세,상해없음,화물,남,74세,경상
47,2019080000000000.0,2019년 8월 1일 18시,목요일,서울특별시 종로구 숭인동,종로66가길,중상사고,0,1,0,0,차대사람 - 차도통행중,안전운전불이행,포장 - 건조,맑음,단일로 - 기타,이륜,남,56세,상해없음,보행자,여,74세,중상
48,2019120000000000.0,2019년 12월 18일 15시,수요일,서울특별시 종로구 숭인동,종로58길,경상사고,0,0,1,0,차대사람 - 길가장자리구역통행중,안전운전불이행,포장 - 건조,맑음,단일로 - 기타,승용,남,63세,상해없음,보행자,남,74세,경상
49,2019100000000000.0,2019년 10월 25일 13시,금요일,서울특별시 종로구 낙원동,삼일대로,중상사고,0,1,0,0,차대사람 - 기타,안전운전불이행,포장 - 건조,맑음,단일로 - 기타,승용,남,75세,상해없음,보행자,여,73세,중상
50,2019110000000000.0,2019년 11월 11일 14시,월요일,서울특별시 종로구 장사동,청계천로,중상사고,0,1,0,0,차대사람 - 기타,보행자보호의무위반,포장 - 건조,맑음,단일로 - 기타,건설기계,남,52세,상해없음,보행자,남,73세,중상
51,2019050000000000.0,2019년 5월 18일 16시,토요일,서울특별시 종로구 종로6가,종로,중상사고,0,1,0,0,차대차 - 측면충돌,안전운전불이행,포장 - 건조,맑음,교차로 - 교차로안,화물,남,61세,상해없음,승용,남,73세,중상
52,2019010000000000.0,2019년 1월 15일 11시,화요일,서울특별시 종로구 숭인동,난계로,중상사고,0,1,0,0,차대사람 - 횡단중,신호위반,포장 - 건조,맑음,단일로 - 기타,화물,남,54세,상해없음,보행자,여,73세,중상
53,2019050000000000.0,2019년 5월 30일 12시,목요일,서울특별시 종로구 숭인동,청계천로,경상사고,0,0,1,0,차대차 - 추돌,안전거리미확보,포장 - 건조,맑음,단일로 - 기타,승용,남,57세,상해없음,화물,남,73세,경상
54,2019110000000000.0,2019년 11월 17일 16시,일요일,서울특별시 종로구 평창동,평창문화로,경상사고,0,0,1,0,차대차 - 추돌,안전운전불이행,포장 - 젖음/습기,비,단일로 - 기타,승용,남,56세,상해없음,승용,남,73세,상해없음
55,2019010000000000.0,2019년 1월 2일 09시,수요일,서울특별시 종로구 신영동,세검정로,경상사고,0,0,3,0,차대차 - 추돌,안전거리미확보,포장 - 젖음/습기,흐림,기타 - 기타,승용,남,45세,경상,승용,남,73세,경상
56,2019090000000000.0,2019년 9월 5일 06시,목요일,서울특별시 종로구 서린동,우정국로,경상사고,0,0,2,0,차대차 - 추돌,안전거리미확보,포장 - 젖음/습기,비,교차로 - 교차로부근,승용,남,23세,상해없음,승용,남,72세,경상
57,2019030000000000.0,2019년 3월 18일 12시,월요일,서울특별시 종로구 와룡동,율곡로,경상사고,0,0,2,0,차대차 - 추돌,안전거리미확보,포장 - 건조,맑음,단일로 - 기타,승용,남,68세,상해없음,승용,남,72세,경상
58,2019050000000000.0,2019년 5월 16일 22시,목요일,서울특별시 종로구 재동,율곡로,경상사고,0,0,2,0,차대차 - 정면충돌,중앙선침범,포장 - 건조,맑음,교차로 - 교차로부근,승용,여,34세,상해없음,승용,남,72세,경상
59,2019090000000000.0,2019년 9월 18일 11시,수요일,서울특별시 종로구 묘동,돈화문로,경상사고,0,0,1,0,차대차 - 측면충돌,안전운전불이행,포장 - 건조,맑음,단일로 - 기타,승용,남,70세,상해없음,자전거,남,72세,경상
60,2019080000000000.0,2019년 8월 10일 04시,토요일,서울특별시 종로구 종로5가,동호로,경상사고,0,0,1,0,차대차 - 측면충돌,안전운전불이행,포장 - 건조,맑음,교차로 - 교차로안,승용,남,75세,상해없음,자전거,남,72세,경상
61,2019060000000000.0,2019년 6월 22일 13시,토요일,서울특별시 종로구 혜화동,창경궁로,부상신고사고,0,0,0,1,차대사람 - 횡단중,보행자보호의무위반,포장 - 건조,맑음,교차로 - 교차로횡단보도내,자전거,여,26세,상해없음,보행자,여,72세,부상신고
62,2019050000000000.0,2019년 5월 21일 07시,화요일,서울특별시 종로구 혜화동,창경궁로35길,경상사고,0,0,2,1,차대차 - 측면충돌,신호위반,포장 - 건조,맑음,교차로 - 교차로부근,승용,남,56세,상해없음,승용,남,72세,부상신고
63,2019050000000000.0,2019년 5월 15일 18시,수요일,서울특별시 종로구 숭인동,천호대로,경상사고,0,0,1,0,차대차 - 측면충돌,안전운전불이행,포장 - 건조,맑음,교차로 - 교차로부근,승용,여,44세,상해없음,자전거,남,72세,경상
64,2019050000000000.0,2019년 5월 8일 20시,수요일,서울특별시 종로구 홍지동,세검정로,부상신고사고,0,0,0,1,차대차 - 측면충돌,신호위반,포장 - 건조,맑음,교차로 - 교차로안,승용,여,49세,부상신고,승용,여,72세,상해없음
65,2019040000000000.0,2019년 4월 15일 15시,월요일,서울특별시 종로구 옥인동,자하문로17길,경상사고,0,0,1,1,차대차 - 측면충돌,직진우회전진행방해,포장 - 건조,맑음,교차로 - 교차로안,승용,남,36세,부상신고,승용,남,71세,경상
66,2019030000000000.0,2019년 3월 17일 09시,일요일,서울특별시 종로구 세종로,삼봉로,중상사고,0,1,0,0,차대차 - 측면충돌,안전거리미확보,포장 - 젖음/습기,맑음,교차로 - 교차로부근,화물,남,44세,상해없음,이륜,남,71세,중상
67,2019100000000000.0,2019년 10월 15일 12시,화요일,서울특별시 종로구 청진동,종로3길,경상사고,0,0,2,0,차대차 - 측면충돌,신호위반,포장 - 건조,맑음,교차로 - 교차로안,승용,남,68세,상해없음,승용,남,71세,경상
68,2019060000000000.0,2019년 6월 9일 11시,일요일,서울특별시 종로구 관훈동,율곡로,경상사고,0,0,1,0,차대사람 - 기타,안전운전불이행,포장 - 건조,맑음,단일로 - 기타,승용,남,67세,상해없음,보행자,여,71세,경상
69,2019030000000000.0,2019년 3월 22일 05시,금요일,서울특별시 종로구 종로3가,종로,경상사고,0,0,1,0,차대차 - 추돌,안전운전불이행,포장 - 건조,맑음,단일로 - 지하차도(도로)내,승용,여,33세,상해없음,승용,남,71세,상해없음
70,2019080000000000.0,2019년 8월 5일 03시,월요일,서울특별시 종로구 종로5가,종로,중상사고,0,1,1,1,차대차 - 측면충돌,신호위반,포장 - 건조,맑음,교차로 - 교차로안,원동기,남,21세,부상신고,승용,남,71세,경상
71,2019030000000000.0,2019년 3월 11일 18시,월요일,서울특별시 종로구 충신동,김상옥로,중상사고,0,1,0,0,차대사람 - 횡단중,안전운전불이행,포장 - 건조,맑음,단일로 - 기타,승용,남,32세,상해없음,보행자,남,71세,중상
72,2019060000000000.0,2019년 6월 16일 04시,일요일,서울특별시 종로구 창신동,율곡로,중상사고,0,1,1,0,차대차 - 측면충돌,신호위반,포장 - 건조,맑음,교차로 - 교차로안,승용,남,34세,상해없음,승용,남,71세,경상
73,2019020000000000.0,2019년 2월 23일 12시,토요일,서울특별시 종로구 숭인동,난계로27길,경상사고,0,0,1,0,차대사람 - 차도통행중,안전운전불이행,포장 - 건조,맑음,단일로 - 기타,원동기,남,40세,상해없음,보행자,여,71세,경상
74,2019050000000000.0,2019년 5월 13일 15시,월요일,서울특별시 종로구 숭인동,종로,경상사고,0,0,1,0,차대차 - 측면충돌,안전운전불이행,포장 - 건조,맑음,단일로 - 기타,승용,남,64세,상해없음,자전거,남,71세,경상
75,2019010000000000.0,2019년 1월 12일 03시,토요일,서울특별시 종로구 숭인동,보문로,경상사고,0,0,1,0,차대사람 - 기타,보행자보호의무위반,포장 - 건조,맑음,교차로 - 교차로안,승용,남,74세,상해없음,보행자,여,71세,경상
76,2019120000000000.0,2019년 12월 19일 20시,목요일,서울특별시 종로구 종로2가,종로,경상사고,0,0,1,0,차대차 - 측면충돌,안전거리미확보,포장 - 건조,맑음,교차로 - 교차로안,승합,남,40세,상해없음,승용,남,70세,경상
77,2019090000000000.0,2019년 9월 10일 19시,화요일,서울특별시 종로구 연건동,율곡로,경상사고,0,0,1,0,차대차 - 측면충돌,안전운전불이행,포장 - 건조,맑음,단일로 - 기타,승용,남,60세,상해없음,승용,남,70세,경상
78,2019010000000000.0,2019년 1월 22일 05시,화요일,서울특별시 종로구 혜화동,창경궁로,경상사고,0,0,3,0,차대차 - 측면충돌,신호위반,포장 - 건조,맑음,교차로 - 교차로안,화물,남,46세,상해없음,승용,남,70세,경상
79,2019100000000000.0,2019년 10월 25일 03시,금요일,서울특별시 종로구 혜화동,창경궁로,중상사고,0,1,1,0,차대차 - 정면충돌,신호위반,포장 - 건조,맑음,교차로 - 교차로안,승용,남,66세,경상,승용,남,70세,중상
80,2019060000000000.0,2019년 6월 4일 23시,화요일,서울특별시 종로구 숭인동,종로,경상사고,0,0,2,0,차대차 - 추돌,안전거리미확보,포장 - 건조,맑음,교차로 - 교차로안,승용,남,32세,상해없음,승용,남,70세,경상
81,2019080000000000.0,2019년 8월 8일 15시,목요일,서울특별시 종로구 숭인동,종로,부상신고사고,0,0,0,1,차대사람 - 횡단중,안전운전불이행,포장 - 건조,맑음,단일로 - 기타,승합,남,38세,상해없음,보행자,여,70세,부상신고
82,2019080000000000.0,2019년 8월 26일 10시,월요일,서울특별시 종로구 숭인동,종로,경상사고,0,0,1,0,차대사람 - 횡단중,보행자보호의무위반,포장 - 건조,맑음,교차로 - 교차로횡단보도내,화물,남,41세,상해없음,보행자,여,70세,경상
83,2019100000000000.0,2019년 10월 16일 21시,수요일,서울특별시 종로구 평창동,평창30길,중상사고,0,1,0,0,차대사람 - 기타,안전운전불이행,포장 - 건조,맑음,단일로 - 기타,승용,여,58세,상해없음,보행자,여,70세,중상
84,2019060000000000.0,2019년 6월 23일 22시,일요일,서울특별시 종로구 신영동,세검정로,경상사고,0,0,1,0,차대차 - 측면충돌,안전거리미확보,포장 - 건조,맑음,단일로 - 기타,승용,여,48세,상해없음,승용,남,70세,경상
85,2019080000000000.0,2019년 8월 28일 09시,수요일,서울특별시 종로구 신영동,세검정로,경상사고,0,0,2,1,차대차 - 측면충돌,안전거리미확보,포장 - 건조,맑음,단일로 - 기타,건설기계,남,56세,상해없음,승용,남,70세,경상
86,2019050000000000.0,2019년 5월 8일 18시,수요일,서울특별시 종로구 적선동,자하문로,경상사고,0,0,2,0,차대차 - 측면충돌,교차로운행방법위반,포장 - 건조,맑음,교차로 - 교차로안,승용,남,50세,경상,승용,남,69세,경상
87,2019120000000000.0,2019년 12월 27일 12시,금요일,서울특별시 종로구 사직동,사직로9길,경상사고,0,0,2,0,차대차 - 측면충돌,안전운전불이행,포장 - 건조,맑음,교차로 - 교차로부근,승용,여,41세,경상,화물,남,69세,경상
88,2019050000000000.0,2019년 5월 2일 05시,목요일,서울특별시 종로구 세종로,사직로,경상사고,0,0,1,0,차대차 - 측면충돌,안전운전불이행,포장 - 건조,맑음,교차로 - 교차로부근,승용,남,30세,상해없음,승용,여,69세,경상
89,2019020000000000.0,2019년 2월 17일 05시,일요일,서울특별시 종로구 세종로,사직로,중상사고,0,1,1,0,차대차 - 추돌,안전운전불이행,포장 - 건조,맑음,단일로 - 기타,승용,남,59세,상해없음,승용,남,69세,경상
90,2019050000000000.0,2019년 5월 13일 05시,월요일,서울특별시 종로구 수송동,율곡로,중상사고,0,1,1,0,차대차 - 측면충돌,안전운전불이행,포장 - 건조,맑음,단일로 - 기타,승용,남,64세,상해없음,이륜,남,69세,중상
91,2019110000000000.0,2019년 11월 30일 09시,토요일,서울특별시 종로구 인의동,창경궁로,경상사고,0,0,2,0,차대차 - 추돌,안전거리미확보,포장 - 건조,맑음,단일로 - 기타,승합,남,57세,상해없음,승용,남,69세,경상
92,2019070000000000.0,2019년 7월 10일 02시,수요일,서울특별시 종로구 종로5가,종로,경상사고,0,0,1,1,차대차 - 측면충돌,신호위반,포장 - 건조,맑음,교차로 - 교차로안,승용,남,76세,상해없음,승용,남,69세,경상
93,2019020000000000.0,2019년 2월 25일 23시,월요일,서울특별시 종로구 혜화동,창경궁로,부상신고사고,0,0,0,1,차대차 - 측면충돌,안전거리미확보,포장 - 건조,맑음,교차로 - 교차로부근,기타불명,기타불명,미분류,기타불명,승용,남,69세,상해없음
94,2019050000000000.0,2019년 5월 9일 12시,목요일,서울특별시 종로구 창신동,종로,경상사고,0,0,3,0,차대차 - 측면충돌,신호위반,포장 - 건조,맑음,단일로 - 기타,승용,여,37세,상해없음,승합,남,69세,상해없음
95,2019070000000000.0,2019년 7월 1일 10시,월요일,서울특별시 종로구 무악동,통일로12길,경상사고,0,0,1,0,차대차 - 정면충돌,안전운전불이행,포장 - 건조,맑음,교차로 - 교차로안,기타불명,기타불명,미분류,기타불명,승합,남,69세,기타불명
96,2019110000000000.0,2019년 11월 21일 17시,목요일,서울특별시 종로구 창성동,자하문로10길,경상사고,0,0,1,0,차대차 - 기타,안전운전불이행,포장 - 건조,맑음,교차로 - 교차로부근,승합,남,57세,상해없음,승용,남,68세,상해없음
97,2019110000000000.0,2019년 11월 30일 11시,토요일,서울특별시 종로구 신문로1가,새문안로,경상사고,0,0,1,0,차대사람 - 기타,안전운전불이행,포장 - 건조,맑음,단일로 - 기타,승합,남,54세,상해없음,보행자,여,68세,상해없음
98,2019080000000000.0,2019년 8월 8일 18시,목요일,서울특별시 종로구 공평동,삼봉로,경상사고,0,0,3,0,차대차 - 추돌,안전운전불이행,포장 - 건조,맑음,교차로 - 교차로안,승용,남,58세,상해없음,승용,남,68세,경상
99,2019050000000000.0,2019년 5월 10일 22시,금요일,서울특별시 종로구 종로4가,종로,경상사고,0,0,1,0,차대차 - 측면충돌,안전운전불이행,포장 - 건조,맑음,단일로 - 기타,승용,여,22세,상해없음,승용,남,68세,경상
100,2019080000000000.0,2019년 8월 28일 13시,수요일,서울특별시 종로구 종로5가,종로,중상사고,0,1,0,0,차대사람 - 횡단중,보행자보호의무위반,포장 - 건조,맑음,교차로 - 교차로횡단보도내,화물,남,27세,상해없음,보행자,여,68세,중상
101,2019030000000000.0,2019년 3월 25일 13시,월요일,서울특별시 종로구 혜화동,혜화로,경상사고,0,0,2,0,차대차 - 추돌,안전운전불이행,포장 - 건조,맑음,교차로 - 교차로안,승용,남,61세,상해없음,승용,남,68세,경상
102,2019040000000000.0,2019년 4월 19일 11시,금요일,서울특별시 종로구 혜화동,대학로,중상사고,0,1,0,0,차대사람 - 횡단중,안전운전불이행,포장 - 건조,맑음,단일로 - 기타,화물,남,41세,상해없음,보행자,여,68세,중상
103,2019100000000000.0,2019년 10월 15일 08시,화요일,서울특별시 종로구 송월동,통일로8길,경상사고,0,0,2,0,차대차 - 측면충돌,교차로운행방법위반,포장 - 건조,맑음,교차로 - 교차로안,승용,남,47세,상해없음,승용,남,68세,경상
104,2019010000000000.0,2019년 1월 28일 23시,월요일,서울특별시 종로구 세종로,세종대로23길,경상사고,0,0,2,0,차대차 - 측면충돌,교차로운행방법위반,포장 - 건조,맑음,교차로 - 교차로부근,승용,남,61세,상해없음,승용,남,67세,경상
105,2019100000000000.0,2019년 10월 24일 18시,목요일,서울특별시 종로구 청진동,종로3길,중상사고,0,1,0,0,차대차 - 측면충돌,기타,포장 - 건조,맑음,단일로 - 기타,승용,남,54세,상해없음,이륜,남,67세,중상
106,2019070000000000.0,2019년 7월 8일 04시,월요일,서울특별시 종로구 종로2가,삼일대로,중상사고,0,2,1,0,차대차 - 측면충돌,신호위반,포장 - 건조,맑음,교차로 - 교차로안,승용,남,22세,기타불명,화물,남,67세,중상
107,2019050000000000.0,2019년 5월 30일 02시,목요일,서울특별시 종로구 종로2가,종로,중상사고,0,1,0,0,차대사람 - 기타,안전운전불이행,포장 - 건조,맑음,단일로 - 지하차도(도로)내,승용,남,28세,상해없음,보행자,남,67세,중상
108,2019030000000000.0,2019년 3월 13일 11시,수요일,서울특별시 종로구 삼청동,삼청로,부상신고사고,0,0,0,1,차대사람 - 횡단중,안전운전불이행,포장 - 건조,맑음,단일로 - 기타,승합,남,62세,상해없음,보행자,남,67세,부상신고
109,2019060000000000.0,2019년 6월 11일 23시,화요일,서울특별시 종로구 종로3가,종로,중상사고,0,2,2,1,차대차 - 추돌,안전운전불이행,포장 - 건조,맑음,단일로 - 기타,승용,남,26세,부상신고,승용,남,67세,경상
110,2019010000000000.0,2019년 1월 11일 17시,금요일,서울특별시 종로구 종로4가,동순라길,경상사고,0,0,1,0,차대차 - 측면충돌,안전운전불이행,포장 - 건조,맑음,단일로 - 기타,승용,남,39세,상해없음,승용,남,67세,경상
111,2019030000000000.0,2019년 3월 3일 12시,일요일,서울특별시 종로구 종로5가,종로,중상사고,0,1,0,0,차대차 - 측면충돌,안전운전불이행,포장 - 건조,맑음,교차로 - 교차로안,승용,여,30세,상해없음,자전거,여,67세,중상
112,2019070000000000.0,2019년 7월 1일 15시,월요일,서울특별시 종로구 종로6가,율곡로,중상사고,0,1,0,0,차대차 - 측면충돌,안전거리미확보,포장 - 건조,맑음,단일로 - 기타,승용,남,42세,상해없음,이륜,남,67세,중상
113,2019100000000000.0,2019년 10월 20일 14시,일요일,서울특별시 종로구 창신동,종로58길,중상사고,0,1,0,0,차대사람 - 기타,안전운전불이행,포장 - 건조,맑음,단일로 - 기타,화물,남,62세,상해없음,보행자,여,67세,중상
114,2019050000000000.0,2019년 5월 31일 12시,금요일,서울특별시 종로구 창신동,종로,경상사고,0,0,1,0,차대차 - 추돌,안전운전불이행,포장 - 건조,맑음,교차로 - 교차로부근,승용,남,65세,상해없음,승용,남,67세,경상
115,2019060000000000.0,2019년 6월 9일 11시,일요일,서울특별시 종로구 숭인동,보문로,중상사고,0,1,1,0,차대차 - 측면충돌,안전운전불이행,포장 - 건조,맑음,단일로 - 기타,승용,여,30세,상해없음,승용,남,67세,경상
116,2019010000000000.0,2019년 1월 28일 09시,월요일,서울특별시 종로구 세종로,사직로,경상사고,0,0,1,0,차대차 - 측면충돌,신호위반,포장 - 건조,맑음,교차로 - 교차로안,승용,남,52세,상해없음,승용,남,66세,경상
117,2019110000000000.0,2019년 11월 30일 14시,토요일,서울특별시 종로구 청진동,종로3길,경상사고,0,0,1,0,차대차 - 측면충돌,안전운전불이행,포장 - 건조,맑음,교차로 - 교차로안,화물,남,63세,경상,승합,남,66세,상해없음
118,2019060000000000.0,2019년 6월 20일 14시,목요일,서울특별시 종로구 견지동,사직로,경상사고,0,0,3,0,차대차 - 측면충돌,안전운전불이행,포장 - 건조,맑음,단일로 - 기타,승용,여,61세,상해없음,승용,남,66세,경상
119,2019010000000000.0,2019년 1월 5일 06시,토요일,서울특별시 종로구 운니동,율곡로,경상사고,0,0,1,0,차대차 - 측면충돌,신호위반,포장 - 건조,맑음,단일로 - 기타,승용,남,37세,상해없음,이륜,남,66세,경상
120,2019080000000000.0,2019년 8월 5일 17시,월요일,서울특별시 종로구 안국동,율곡로,경상사고,0,0,3,1,차대차 - 추돌,안전거리미확보,포장 - 건조,맑음,교차로 - 교차로안,승용,남,60세,상해없음,승용,남,66세,경상
121,2019080000000000.0,2019년 8월 28일 03시,수요일,서울특별시 종로구 원남동,율곡로,경상사고,0,0,1,1,차대차 - 추돌,안전운전불이행,포장 - 건조,맑음,교차로 - 교차로부근,승용,남,58세,상해없음,승용,남,66세,경상
122,2019050000000000.0,2019년 5월 23일 22시,목요일,서울특별시 종로구 종로5가,대학로,경상사고,0,0,2,0,차대차 - 기타,안전운전불이행,포장 - 건조,맑음,단일로 - 기타,승합,남,56세,경상,승용,남,66세,경상
123,2019050000000000.0,2019년 5월 20일 17시,월요일,서울특별시 종로구 종로6가,율곡로,경상사고,0,0,1,0,차대차 - 추돌,안전거리미확보,포장 - 건조,맑음,교차로 - 교차로안,승용,남,31세,상해없음,승용,남,66세,상해없음
124,2019020000000000.0,2019년 2월 23일 17시,토요일,서울특별시 종로구 연건동,대학로,부상신고사고,0,0,0,1,차대차 - 측면충돌,안전운전불이행,포장 - 건조,맑음,교차로 - 교차로횡단보도내,자전거,남,26세,부상신고,승용,여,66세,상해없음
125,2019090000000000.0,2019년 9월 5일 06시,목요일,서울특별시 종로구 숭인동,종로,경상사고,0,0,1,0,차대차 - 추돌,안전거리미확보,포장 - 젖음/습기,비,단일로 - 기타,승용,남,65세,상해없음,승용,남,66세,경상
126,2019090000000000.0,2019년 9월 21일 13시,토요일,서울특별시 종로구 평동,송월길,중상사고,0,1,0,0,차대차 - 측면충돌,기타,포장 - 건조,맑음,단일로 - 기타,이륜,남,39세,중상,승합,남,66세,상해없음
127,2019090000000000.0,2019년 9월 16일 18시,월요일,서울특별시 종로구 신교동,필운대로,경상사고,0,0,2,1,차대차 - 측면충돌,안전운전불이행,포장 - 건조,맑음,교차로 - 교차로안,승용,남,58세,상해없음,승합,남,65세,경상
128,2019030000000000.0,2019년 3월 27일 18시,수요일,서울특별시 종로구 세종로,새문안로5길,중상사고,0,1,0,0,차대사람 - 횡단중,보행자보호의무위반,포장 - 건조,맑음,단일로 - 지하차도(도로)내,화물,남,33세,상해없음,보행자,남,65세,중상
129,2019070000000000.0,2019년 7월 22일 17시,월요일,서울특별시 종로구 종로1가,새문안로,중상사고,0,1,1,0,차대차 - 측면충돌,안전운전불이행,포장 - 건조,맑음,교차로 - 교차로안,승용,남,60세,상해없음,승용,여,65세,중상
130,2019110000000000.0,2019년 11월 3일 00시,일요일,서울특별시 종로구 와룡동,창경궁로,경상사고,0,0,1,0,차대차 - 기타,안전거리미확보,포장 - 건조,맑음,단일로 - 기타,승용,남,35세,상해없음,승용,남,65세,상해없음
131,2019080000000000.0,2019년 8월 27일 16시,화요일,서울특별시 종로구 낙원동,수표로,부상신고사고,0,0,0,1,차대차 - 측면충돌,안전운전불이행,포장 - 건조,맑음,교차로 - 교차로부근,이륜,남,24세,부상신고,승용,남,65세,상해없음
132,2019040000000000.0,2019년 4월 21일 23시,일요일,서울특별시 종로구 종로2가,삼일대로,중상사고,0,1,0,0,차대사람 - 차도통행중,안전운전불이행,포장 - 건조,맑음,교차로 - 교차로안,승용,남,65세,상해없음,보행자,남,65세,중상
133,2019060000000000.0,2019년 6월 10일 15시,월요일,서울특별시 종로구 연지동,율곡로,경상사고,0,0,1,0,차대차 - 기타,안전거리미확보,포장 - 건조,맑음,교차로 - 교차로횡단보도내,원동기,남,55세,경상,승용,남,65세,상해없음
134,2019040000000000.0,2019년 4월 15일 05시,월요일,서울특별시 종로구 종로5가,종로,경상사고,0,0,1,0,차대차 - 추돌,안전운전불이행,포장 - 젖음/습기,비,단일로 - 기타,승용,남,36세,상해없음,승용,남,65세,경상
135,2019040000000000.0,2019년 4월 30일 12시,화요일,서울특별시 종로구 종로6가,청계천로,중상사고,0,2,0,0,차대차 - 정면충돌,신호위반,포장 - 건조,맑음,교차로 - 교차로안,승용,남,46세,상해없음,승용,남,65세,중상
136,2019070000000000.0,2019년 7월 9일 07시,화요일,서울특별시 종로구 명륜1가,성균관로,경상사고,0,0,1,0,차대차 - 추돌,안전거리미확보,포장 - 건조,맑음,교차로 - 교차로안,승합,남,55세,상해없음,승용,남,65세,경상
137,2019040000000000.0,2019년 4월 13일 13시,토요일,서울특별시 종로구 명륜2가,혜화로,경상사고,0,0,1,0,차대차 - 측면충돌,안전운전불이행,포장 - 건조,맑음,단일로 - 기타,이륜,여,55세,경상,승합,남,65세,상해없음
138,2019010000000000.0,2019년 1월 29일 14시,화요일,서울특별시 종로구 숭인동,종로,경상사고,0,0,1,0,차대차 - 측면충돌,안전운전불이행,포장 - 건조,맑음,단일로 - 기타,승용,남,65세,상해없음,이륜,남,65세,경상
0,2019060000000000.0,2019년 6월 5일 14시,수요일,서울특별시 중구 을지로2가,삼일대로10길,중상사고,0,2,0,0,차대사람 - 기타,안전운전불이행,포장 - 건조,맑음,교차로 - 교차로부근,승용,여,47세,상해없음,보행자,여,90세 이상,중상